>skpp-1-F:0+20 of 20 bc25mer_16865:1+21 of 25
ATATAGATGCCGTCCTAGCG
||||||||||||||||||||
ATATAGATGCCGTCCTAGCG

>skpp-2-F:0+20 of 20 bc25mer_34454:1+21 of 25
CCCTTTAATCAGATGCGTCG
||||||||||||||||||||
CCCTTTAATCAGATGCGTCG

>skpp-3-F:0+20 of 20 bc25mer_128960:4+24 of 25
TTGGTCATGTGCTTTTCGTT
||||||||||||||||||||
TTGGTCATGTGCTTTTCGTT

>skpp-4-F:0+20 of 20 bc25mer_85991:1+21 of 25
GGGTGGGTAAATGGTAATGC
||||||||||||||||||||
GGGTGGGTAAATGGTAATGC

>skpp-5-F:0+20 of 20 bc25mer_55426:1+21 of 25
TCCGACGGGGAGTATATACT
||||||||||||||||||||
TCCGACGGGGAGTATATACT

>skpp-6-F:0+20 of 20 bc25mer_71453:1+21 of 25
CATGTTTAGGAACGCTACCG
||||||||||||||||||||
CATGTTTAGGAACGCTACCG

>skpp-7-F:0+20 of 20 bc25mer_23671:3+23 of 25
GTACATGAAACGATGGACGG
||||||||||||||||||||
GTACATGAAACGATGGACGG

>skpp-8-F:0+20 of 20 bc25mer_137141:3+23 of 25
TAACTACCAGTATCCACCGC
||||||||||||||||||||
TAACTACCAGTATCCACCGC

>skpp-9-F:0+20 of 20 bc25mer_15359:0+20 of 25
GGCGAGAGGAGATATAGAGC
||||||||||||||||||||
GGCGAGAGGAGATATAGAGC

>skpp-10-F:0+20 of 20 bc25mer_98913:1+21 of 25
CCCGATAGCTGAGAAAGAGT
||||||||||||||||||||
CCCGATAGCTGAGAAAGAGT

>skpp-11-F:0+20 of 20 bc25mer_32009:3+23 of 25
TTATAATCATCCTCCCCGGC
||||||||||||||||||||
TTATAATCATCCTCCCCGGC

>skpp-12-F:0+20 of 20 bc25mer_173157:2+22 of 25
TAGATTCCCTTGACTTGCGT
||||||||||||||||||||
TAGATTCCCTTGACTTGCGT

>skpp-13-F:0+20 of 20 bc25mer_58724:0+20 of 25
AAGTTTGTGGGGTAGGGAAT
||||||||||||||||||||
AAGTTTGTGGGGTAGGGAAT

>skpp-14-F:0+20 of 20 bc25mer_56861:0+20 of 25
GACTTGTGGCCCTTTCTTTT
||||||||||||||||||||
GACTTGTGGCCCTTTCTTTT

>skpp-15-F:0+20 of 20 bc25mer_49260:3+23 of 25
TGTCAGGGGTAGTGTAACAC
||||||||||||||||||||
TGTCAGGGGTAGTGTAACAC

>skpp-16-F:0+20 of 20 bc25mer_29835:0+20 of 25
TAAACTAATTGCCGGGCATG
||||||||||||||||||||
TAAACTAATTGCCGGGCATG

>skpp-17-F:0+20 of 20 bc25mer_53658:2+22 of 25
AGGCTTCAGACCTTATAGCC
||||||||||||||||||||
AGGCTTCAGACCTTATAGCC

>skpp-18-F:0+20 of 20 bc25mer_47712:0+20 of 25
GGGAATTTATCTCGGGGAGT
||||||||||||||||||||
GGGAATTTATCTCGGGGAGT

>skpp-19-F:0+20 of 20 bc25mer_48676:3+23 of 25
AGACCAGGATGGCTGATAAG
||||||||||||||||||||
AGACCAGGATGGCTGATAAG

>skpp-20-F:0+20 of 20 bc25mer_117886:3+23 of 25
TCCGTTTGTTCAAAGGTCAC
||||||||||||||||||||
TCCGTTTGTTCAAAGGTCAC

>skpp-21-F:0+20 of 20 bc25mer_198970:0+20 of 25
TCGGATTAGAGTTCTCTCGC
||||||||||||||||||||
TCGGATTAGAGTTCTCTCGC

>skpp-22-F:0+20 of 20 bc25mer_11425:2+22 of 25
CCGAGAGTTAAGGCCACTAT
||||||||||||||||||||
CCGAGAGTTAAGGCCACTAT

>skpp-23-F:0+20 of 20 bc25mer_1016:1+21 of 25
ATGACCGTTAGTGAGGCTAG
||||||||||||||||||||
ATGACCGTTAGTGAGGCTAG

>skpp-24-F:0+20 of 20 bc25mer_62724:1+21 of 25
TCTCCGTATGTCATCTCAGC
||||||||||||||||||||
TCTCCGTATGTCATCTCAGC

>skpp-25-F:0+20 of 20 bc25mer_113102:0+20 of 25
TGGCCAGATTAATTCCCAGT
||||||||||||||||||||
TGGCCAGATTAATTCCCAGT

>skpp-26-F:0+20 of 20 bc25mer_12946:1+21 of 25
TAAATATCCCCTTGAGGCCC
||||||||||||||||||||
TAAATATCCCCTTGAGGCCC

>skpp-27-F:0+20 of 20 bc25mer_224349:4+24 of 25
TAAATCGTGGATGGAGGAGG
||||||||||||||||||||
TAAATCGTGGATGGAGGAGG

>skpp-28-F:0+20 of 20 bc25mer_48303:1+21 of 25
CATTGAGAGGGATGCTTTGG
||||||||||||||||||||
CATTGAGAGGGATGCTTTGG

>skpp-29-F:0+20 of 20 bc25mer_19601:1+21 of 25
TCTCATTGTCTATTCCCCGG
||||||||||||||||||||
TCTCATTGTCTATTCCCCGG

>skpp-30-F:0+20 of 20 bc25mer_28852:0+20 of 25
TTCTTGTCGACTCCATGTCA
||||||||||||||||||||
TTCTTGTCGACTCCATGTCA

>skpp-31-F:0+20 of 20 bc25mer_55972:1+21 of 25
TCTTGTTGTGATGGGAGTCA
||||||||||||||||||||
TCTTGTTGTGATGGGAGTCA

>skpp-32-F:0+20 of 20 bc25mer_27365:0+20 of 25
AACTGGTAAACTGGGGTGAT
||||||||||||||||||||
AACTGGTAAACTGGGGTGAT

>skpp-33-F:0+20 of 20 bc25mer_879:3+23 of 25
AATGGTACATCCCTAGCAGG
||||||||||||||||||||
AATGGTACATCCCTAGCAGG

>skpp-34-F:0+20 of 20 bc25mer_73519:0+20 of 25
AACTATACTTACGGGGCTGG
||||||||||||||||||||
AACTATACTTACGGGGCTGG

>skpp-35-F:0+20 of 20 bc25mer_864:0+20 of 25
TACAGGGATTTCGAGGCTTT
||||||||||||||||||||
TACAGGGATTTCGAGGCTTT

>skpp-36-F:0+20 of 20 bc25mer_1120:3+23 of 25
AGTAGCCCACGATATCGTTT
||||||||||||||||||||
AGTAGCCCACGATATCGTTT

>skpp-37-F:0+20 of 20 bc25mer_65155:0+20 of 25
CTCAGCTGCTCACTGGTATA
||||||||||||||||||||
CTCAGCTGCTCACTGGTATA

>skpp-38-F:0+20 of 20 bc25mer_40799:1+21 of 25
TCTTGGGCTAAGTCGTATCC
||||||||||||||||||||
TCTTGGGCTAAGTCGTATCC

>skpp-39-F:0+20 of 20 bc25mer_154529:0+20 of 25
GAACTTGATGTGGCAGTCTG
||||||||||||||||||||
GAACTTGATGTGGCAGTCTG

>skpp-40-F:0+20 of 20 bc25mer_54693:1+21 of 25
TATTATCCACACCACCTCGG
||||||||||||||||||||
TATTATCCACACCACCTCGG

>skpp-41-F:0+20 of 20 bc25mer_164016:0+20 of 25
AAGACTCAACCAATGACCCT
||||||||||||||||||||
AAGACTCAACCAATGACCCT

>skpp-42-F:0+20 of 20 bc25mer_87095:3+23 of 25
TCCCGGCATTTTAATTAGCG
||||||||||||||||||||
TCCCGGCATTTTAATTAGCG

>skpp-43-F:0+20 of 20 bc25mer_151731:1+21 of 25
TTAACCGTCCTCTCCATACG
||||||||||||||||||||
TTAACCGTCCTCTCCATACG

>skpp-44-F:0+20 of 20 bc25mer_5022:4+24 of 25
GATGAGAGAAAATCCGTGGC
||||||||||||||||||||
GATGAGAGAAAATCCGTGGC

>skpp-45-F:0+20 of 20 bc25mer_9544:2+22 of 25
ACAATAACTATGGGTGCGGA
||||||||||||||||||||
ACAATAACTATGGGTGCGGA

>skpp-46-F:0+20 of 20 bc25mer_37270:0+20 of 25
CATAGGCTCTGCTTGGTCTA
||||||||||||||||||||
CATAGGCTCTGCTTGGTCTA

>skpp-47-F:0+20 of 20 bc25mer_157336:0+20 of 25
TGGTTGTATAGCTGAGCGAT
||||||||||||||||||||
TGGTTGTATAGCTGAGCGAT

>skpp-48-F:0+20 of 20 bc25mer_140450:4+24 of 25
GCACTTTAATCCCTAAGCCG
||||||||||||||||||||
GCACTTTAATCCCTAAGCCG

>skpp-49-F:0+20 of 20 bc25mer_81084:0+20 of 25
AGCTAAGACAATACCCTCGG
||||||||||||||||||||
AGCTAAGACAATACCCTCGG

>skpp-50-F:0+20 of 20 bc25mer_239509:2+22 of 25
AACCACCCATTCGTACTTCT
||||||||||||||||||||
AACCACCCATTCGTACTTCT

>skpp-51-F:0+20 of 20 bc25mer_27390:4+24 of 25
TGGTGATAGGTAAGGATGGC
||||||||||||||||||||
TGGTGATAGGTAAGGATGGC

>skpp-52-F:0+20 of 20 bc25mer_16801:0+20 of 25
AGGTACTCGTCATTATGCGT
||||||||||||||||||||
AGGTACTCGTCATTATGCGT

>skpp-53-F:0+20 of 20 bc25mer_107514:0+20 of 25
GTCGATGGCTCCCCTTATTA
||||||||||||||||||||
GTCGATGGCTCCCCTTATTA

>skpp-54-F:0+20 of 20 bc25mer_95397:1+21 of 25
CTGATTGAAGTGTACCAGCG
||||||||||||||||||||
CTGATTGAAGTGTACCAGCG

>skpp-55-F:0+20 of 20 bc25mer_74074:3+23 of 25
AGTTAGTGGTTGCCTCAGAA
||||||||||||||||||||
AGTTAGTGGTTGCCTCAGAA

>skpp-56-F:0+20 of 20 bc25mer_64261:1+21 of 25
TCGACACCACTATACACCAC
||||||||||||||||||||
TCGACACCACTATACACCAC

>skpp-57-F:0+20 of 20 bc25mer_216537:4+24 of 25
GCCTTTATGTTCCATGGTCC
||||||||||||||||||||
GCCTTTATGTTCCATGGTCC

>skpp-58-F:0+20 of 20 bc25mer_212301:3+23 of 25
TGCTTCTTTTAGTGGGGTCT
||||||||||||||||||||
TGCTTCTTTTAGTGGGGTCT

>skpp-59-F:0+20 of 20 bc25mer_80961:0+20 of 25
GAGCGGATCTGGATACGTAA
||||||||||||||||||||
GAGCGGATCTGGATACGTAA

>skpp-60-F:0+20 of 20 bc25mer_12094:0+20 of 25
TTCGGATCATCTATGCCACA
||||||||||||||||||||
TTCGGATCATCTATGCCACA

>skpp-61-F:0+20 of 20 bc25mer_67535:0+20 of 25
GACGTGTTACCCTCTCCTAG
||||||||||||||||||||
GACGTGTTACCCTCTCCTAG

>skpp-62-F:0+20 of 20 bc25mer_193569:2+22 of 25
GTGATACATTTTCCCCAGGC
||||||||||||||||||||
GTGATACATTTTCCCCAGGC

>skpp-63-F:0+20 of 20 bc25mer_77631:0+20 of 25
CAACGAGGTTTATTCGGACC
||||||||||||||||||||
CAACGAGGTTTATTCGGACC

>skpp-64-F:0+20 of 20 bc25mer_7127:1+21 of 25
TTGTATATAGACCCACGCCC
||||||||||||||||||||
TTGTATATAGACCCACGCCC

>skpp-65-F:0+20 of 20 bc25mer_4412:1+21 of 25
ATCTCTGAACCCGTAGTGTG
||||||||||||||||||||
ATCTCTGAACCCGTAGTGTG

>skpp-66-F:0+20 of 20 bc25mer_15723:3+23 of 25
CTGACAGTTGCCCTTTTGAA
||||||||||||||||||||
CTGACAGTTGCCCTTTTGAA

>skpp-67-F:0+20 of 20 bc25mer_14129:2+22 of 25
AACCCATATACTCGTGCCAT
||||||||||||||||||||
AACCCATATACTCGTGCCAT

>skpp-68-F:0+20 of 20 bc25mer_5048:0+20 of 25
CATGTAGTGCAGCCATTCTC
||||||||||||||||||||
CATGTAGTGCAGCCATTCTC

>skpp-69-F:0+20 of 20 bc25mer_92291:1+21 of 25
TAGAGCTATTCCCGGTTGAC
||||||||||||||||||||
TAGAGCTATTCCCGGTTGAC

>skpp-70-F:0+20 of 20 bc25mer_5088:0+20 of 25
ATCTAGGATTGTCCCCGAAC
||||||||||||||||||||
ATCTAGGATTGTCCCCGAAC

>skpp-71-F:0+20 of 20 bc25mer_30324:2+22 of 25
TCTAGGTTTCGGCTTCATGT
||||||||||||||||||||
TCTAGGTTTCGGCTTCATGT

>skpp-72-F:0+20 of 20 bc25mer_226671:3+23 of 25
TGGAGATGGGAATGTACGAG
||||||||||||||||||||
TGGAGATGGGAATGTACGAG

>skpp-73-F:0+20 of 20 bc25mer_10044:4+24 of 25
ACTGTAGCATATTAGGCCCC
||||||||||||||||||||
ACTGTAGCATATTAGGCCCC

>skpp-74-F:0+20 of 20 bc25mer_983:1+21 of 25
GAATTACTGTGGTCATGGGC
||||||||||||||||||||
GAATTACTGTGGTCATGGGC

>skpp-75-F:0+20 of 20 bc25mer_95152:0+20 of 25
TTTTATGCTCTGTGTTGGCC
||||||||||||||||||||
TTTTATGCTCTGTGTTGGCC

>skpp-76-F:0+20 of 20 bc25mer_71560:2+22 of 25
ATGGCGATAGTTCGTTACCT
||||||||||||||||||||
ATGGCGATAGTTCGTTACCT

>skpp-77-F:0+20 of 20 bc25mer_77334:4+24 of 25
TTACTGGGAGGCTGATTTGT
||||||||||||||||||||
TTACTGGGAGGCTGATTTGT

>skpp-78-F:0+20 of 20 bc25mer_3182:1+21 of 25
TCATATTGTCTAGGGTGCCC
||||||||||||||||||||
TCATATTGTCTAGGGTGCCC

>skpp-79-F:0+20 of 20 bc25mer_10262:0+20 of 25
CTGCAAGGGCTGATACTCTA
||||||||||||||||||||
CTGCAAGGGCTGATACTCTA

>skpp-80-F:0+20 of 20 bc25mer_12297:0+20 of 25
TATTTTGTGATGGTCCCGGA
||||||||||||||||||||
TATTTTGTGATGGTCCCGGA

>skpp-81-F:0+20 of 20 bc25mer_96505:3+23 of 25
AATTGTGTTCGAGAAGTGCC
||||||||||||||||||||
AATTGTGTTCGAGAAGTGCC

>skpp-82-F:0+20 of 20 bc25mer_228845:0+20 of 25
ATACTGCTGGGCTGGATATC
||||||||||||||||||||
ATACTGCTGGGCTGGATATC

>skpp-83-F:0+20 of 20 bc25mer_50308:0+20 of 25
ACCCAAAGAACTCGATTCCT
||||||||||||||||||||
ACCCAAAGAACTCGATTCCT

>skpp-84-F:0+20 of 20 bc25mer_67909:0+20 of 25
GGTCGGTAATTCGTTACACG
||||||||||||||||||||
GGTCGGTAATTCGTTACACG

>skpp-85-F:0+20 of 20 bc25mer_105403:0+20 of 25
CGACACCATACCATGAAACC
||||||||||||||||||||
CGACACCATACCATGAAACC

>skpp-86-F:0+20 of 20 bc25mer_87517:0+20 of 25
GGTTATTGTCCTCTCGCCTA
||||||||||||||||||||
GGTTATTGTCCTCTCGCCTA

>skpp-87-F:0+20 of 20 bc25mer_40877:0+20 of 25
ATGGAATCCACCCAGTATCC
||||||||||||||||||||
ATGGAATCCACCCAGTATCC

>skpp-88-F:0+20 of 20 bc25mer_78085:0+20 of 25
GATGTGCCTTCCATTCATCC
||||||||||||||||||||
GATGTGCCTTCCATTCATCC

>skpp-89-F:0+20 of 20 bc25mer_59459:1+21 of 25
TTGAGACAATCCCTATCGGG
||||||||||||||||||||
TTGAGACAATCCCTATCGGG

>skpp-90-F:0+20 of 20 bc25mer_13967:0+20 of 25
TAAGAATCACAGATCGCGGA
||||||||||||||||||||
TAAGAATCACAGATCGCGGA

>skpp-91-F:0+20 of 20 bc25mer_42970:3+23 of 25
ATATCTGCTGTTCCTAGCCC
||||||||||||||||||||
ATATCTGCTGTTCCTAGCCC

>skpp-92-F:0+20 of 20 bc25mer_30905:0+20 of 25
GTAGAGCTGGTAACCCTCTC
||||||||||||||||||||
GTAGAGCTGGTAACCCTCTC

>skpp-93-F:0+20 of 20 bc25mer_13755:0+20 of 25
AGCGTCGAATGAATGCATAC
||||||||||||||||||||
AGCGTCGAATGAATGCATAC

>skpp-94-F:0+20 of 20 bc25mer_69080:2+22 of 25
AATTTATCGTGCCATCCTGC
||||||||||||||||||||
AATTTATCGTGCCATCCTGC

>skpp-95-F:0+20 of 20 bc25mer_26511:2+22 of 25
TCGTCTGTCGTTTATCGGAT
||||||||||||||||||||
TCGTCTGTCGTTTATCGGAT

>skpp-96-F:0+20 of 20 bc25mer_95997:0+20 of 25
GTCATGGTTTCTACGTCAGC
||||||||||||||||||||
GTCATGGTTTCTACGTCAGC

>skpp-97-F:0+20 of 20 bc25mer_51828:1+21 of 25
AAATCAGTCACAGGGTCAGT
||||||||||||||||||||
AAATCAGTCACAGGGTCAGT

>skpp-98-F:0+20 of 20 bc25mer_150006:0+20 of 25
CGAGTCGTGGGTATTTTGAC
||||||||||||||||||||
CGAGTCGTGGGTATTTTGAC

>skpp-99-F:0+20 of 20 bc25mer_8968:1+21 of 25
ATAAGGTAACAGCCCTACCG
||||||||||||||||||||
ATAAGGTAACAGCCCTACCG

>skpp-100-F:0+20 of 20 bc25mer_32621:0+20 of 25
ACCTGTAATTCCAAGCGTCT
||||||||||||||||||||
ACCTGTAATTCCAAGCGTCT

>skpp-101-F:0+20 of 20 bc25mer_101771:0+20 of 25
GCTTATTCGTGCCGTGTTAT
||||||||||||||||||||
GCTTATTCGTGCCGTGTTAT

>skpp-102-F:0+20 of 20 bc25mer_4086:1+21 of 25
TTTGCTTCAGTCAGATTCGC
||||||||||||||||||||
TTTGCTTCAGTCAGATTCGC

>skpp-103-F:0+20 of 20 bc25mer_3426:1+21 of 25
GTCGAGTCCTATGTAACCGT
||||||||||||||||||||
GTCGAGTCCTATGTAACCGT

>skpp-104-F:0+20 of 20 bc25mer_3745:0+20 of 25
GTAAGATGGAAGCCGGGATA
||||||||||||||||||||
GTAAGATGGAAGCCGGGATA

>skpp-105-F:0+20 of 20 bc25mer_115487:0+20 of 25
GGTGTCGCAACATGATCTAC
||||||||||||||||||||
GGTGTCGCAACATGATCTAC

>skpp-106-F:0+20 of 20 bc25mer_6465:1+21 of 25
GTGCTAAGTCACACTGTTGG
||||||||||||||||||||
GTGCTAAGTCACACTGTTGG

>skpp-107-F:0+20 of 20 bc25mer_24254:3+23 of 25
TCTAAACAGTTAGGCCCAGG
||||||||||||||||||||
TCTAAACAGTTAGGCCCAGG

>skpp-108-F:0+20 of 20 bc25mer_116633:1+21 of 25
GTCTTTATACTTGCCTGCCG
||||||||||||||||||||
GTCTTTATACTTGCCTGCCG

>skpp-109-F:0+20 of 20 bc25mer_204371:0+20 of 25
CACCGCGATCAATACAACTT
||||||||||||||||||||
CACCGCGATCAATACAACTT

>skpp-110-F:0+20 of 20 bc25mer_3649:3+23 of 25
TTCGGATAGACTCAGGAAGC
||||||||||||||||||||
TTCGGATAGACTCAGGAAGC

>skpp-111-F:0+20 of 20 bc25mer_169275:1+21 of 25
CCATTGATAGATTCGCTCGC
||||||||||||||||||||
CCATTGATAGATTCGCTCGC

>skpp-112-F:0+20 of 20 bc25mer_159261:3+23 of 25
TTTTCTACTTTCCGGCTTGC
||||||||||||||||||||
TTTTCTACTTTCCGGCTTGC

>skpp-113-F:0+20 of 20 bc25mer_22296:0+20 of 25
ATGACTATTGGGGTCGTACC
||||||||||||||||||||
ATGACTATTGGGGTCGTACC

>skpp-114-F:0+20 of 20 bc25mer_34079:0+20 of 25
TCGACAATAGTTGAGCCCTT
||||||||||||||||||||
TCGACAATAGTTGAGCCCTT

>skpp-115-F:0+20 of 20 bc25mer_176029:0+20 of 25
GAGCCATGTGAAATGTGTGT
||||||||||||||||||||
GAGCCATGTGAAATGTGTGT

>skpp-116-F:0+20 of 20 bc25mer_139045:0+20 of 25
CGTATACGTAAGGGTTCCGA
||||||||||||||||||||
CGTATACGTAAGGGTTCCGA

>skpp-117-F:0+20 of 20 bc25mer_184368:2+22 of 25
TTATGATGTCCGGATACCCG
||||||||||||||||||||
TTATGATGTCCGGATACCCG

>skpp-118-F:0+20 of 20 bc25mer_2851:1+21 of 25
TCTTAGAAATCCACGGGTCC
||||||||||||||||||||
TCTTAGAAATCCACGGGTCC

>skpp-119-F:0+20 of 20 bc25mer_175728:0+20 of 25
GAAGGGTGGATCATCGTACT
||||||||||||||||||||
GAAGGGTGGATCATCGTACT

>skpp-120-F:0+20 of 20 bc25mer_25648:4+24 of 25
GGCTGTTAGTTTTAGAGCCG
||||||||||||||||||||
GGCTGTTAGTTTTAGAGCCG

>skpp-121-F:0+20 of 20 bc25mer_69583:3+23 of 25
AGTGGTGTAGTGGCTTCTAC
||||||||||||||||||||
AGTGGTGTAGTGGCTTCTAC

>skpp-122-F:0+20 of 20 bc25mer_40817:0+20 of 25
CTCAGAGGGAGTTCAACTGT
||||||||||||||||||||
CTCAGAGGGAGTTCAACTGT

>skpp-123-F:0+20 of 20 bc25mer_64643:0+20 of 25
TTTGGCAGATCATTAACGGC
||||||||||||||||||||
TTTGGCAGATCATTAACGGC

>skpp-124-F:0+20 of 20 bc25mer_38715:2+22 of 25
TATGATCTCCGTACACGAGC
||||||||||||||||||||
TATGATCTCCGTACACGAGC

>skpp-125-F:0+20 of 20 bc25mer_164802:0+20 of 25
AGTGCCATGTTATCCCTGAA
||||||||||||||||||||
AGTGCCATGTTATCCCTGAA

>skpp-126-F:0+20 of 20 bc25mer_9838:0+20 of 25
TTATACATCTGGACGCCTCC
||||||||||||||||||||
TTATACATCTGGACGCCTCC

>skpp-127-F:0+20 of 20 bc25mer_186547:3+23 of 25
TCCTCGATTCTCCAATCAGG
||||||||||||||||||||
TCCTCGATTCTCCAATCAGG

>skpp-128-F:0+20 of 20 bc25mer_129978:0+20 of 25
GCTTAACGCATTTCAAGCAC
||||||||||||||||||||
GCTTAACGCATTTCAAGCAC

>skpp-129-F:0+20 of 20 bc25mer_30940:1+21 of 25
CTTTTATGTTCCTCGCAGGG
||||||||||||||||||||
CTTTTATGTTCCTCGCAGGG

>skpp-130-F:0+20 of 20 bc25mer_48577:0+20 of 25
GTGGGCGTTAGCAAATTACA
||||||||||||||||||||
GTGGGCGTTAGCAAATTACA

>skpp-131-F:0+20 of 20 bc25mer_27888:1+21 of 25
AGAGATTATTAGGCGTGGGG
||||||||||||||||||||
AGAGATTATTAGGCGTGGGG

>skpp-132-F:0+20 of 20 bc25mer_60845:2+22 of 25
TAGGATTACTGCTCGGTGAC
||||||||||||||||||||
TAGGATTACTGCTCGGTGAC

>skpp-133-F:0+20 of 20 bc25mer_75950:0+20 of 25
TCGCGTGAGTGGTTCATATA
||||||||||||||||||||
TCGCGTGAGTGGTTCATATA

>skpp-134-F:0+20 of 20 bc25mer_56437:0+20 of 25
CAATAGATACCCACCCGTCA
||||||||||||||||||||
CAATAGATACCCACCCGTCA

>skpp-135-F:0+20 of 20 bc25mer_11977:4+24 of 25
ATATATCCGCCGTTGTACGT
||||||||||||||||||||
ATATATCCGCCGTTGTACGT

>skpp-136-F:0+20 of 20 bc25mer_66400:0+20 of 25
CGAGAGTCTCCCACGATATC
||||||||||||||||||||
CGAGAGTCTCCCACGATATC

>skpp-137-F:0+20 of 20 bc25mer_17819:4+24 of 25
ATTCAGTTGGTCTTACGGGT
||||||||||||||||||||
ATTCAGTTGGTCTTACGGGT

>skpp-138-F:0+20 of 20 bc25mer_5937:0+20 of 25
GGATTGCAACGTCAGGAAAT
||||||||||||||||||||
GGATTGCAACGTCAGGAAAT

>skpp-139-F:0+20 of 20 bc25mer_2888:0+20 of 25
GAATGTTGCAGACTGGAAGG
||||||||||||||||||||
GAATGTTGCAGACTGGAAGG

>skpp-140-F:0+20 of 20 bc25mer_31970:3+23 of 25
GTCCATGAATACAACACCGG
||||||||||||||||||||
GTCCATGAATACAACACCGG

>skpp-141-F:0+20 of 20 bc25mer_162064:0+20 of 25
TCGAACAATTTGCGATACCC
||||||||||||||||||||
TCGAACAATTTGCGATACCC

>skpp-142-F:0+20 of 20 bc25mer_43479:0+20 of 25
AAGTGCACATTTCGTTTCGA
||||||||||||||||||||
AAGTGCACATTTCGTTTCGA

>skpp-143-F:0+20 of 20 bc25mer_902:4+24 of 25
AAAATTAGGACCCACTCGGT
||||||||||||||||||||
AAAATTAGGACCCACTCGGT

>skpp-144-F:0+20 of 20 bc25mer_64322:1+21 of 25
CATTTGACTAAGCCCGTAGC
||||||||||||||||||||
CATTTGACTAAGCCCGTAGC

>skpp-145-F:0+20 of 20 bc25mer_61044:2+22 of 25
TAATGACAGCATAGGAGGCC
||||||||||||||||||||
TAATGACAGCATAGGAGGCC

>skpp-146-F:0+20 of 20 bc25mer_5641:0+20 of 25
CAAGTCGAAGGGTGAGGTAT
||||||||||||||||||||
CAAGTCGAAGGGTGAGGTAT

>skpp-147-F:0+20 of 20 bc25mer_49719:0+20 of 25
GTAGCAAAAGGCATCGTGAT
||||||||||||||||||||
GTAGCAAAAGGCATCGTGAT

>skpp-148-F:0+20 of 20 bc25mer_36243:1+21 of 25
TATACGTCGCTTGTTCCAGT
||||||||||||||||||||
TATACGTCGCTTGTTCCAGT

>skpp-149-F:0+20 of 20 bc25mer_50313:0+20 of 25
GATTATATCACCGTCGCACG
||||||||||||||||||||
GATTATATCACCGTCGCACG

>skpp-150-F:0+20 of 20 bc25mer_28463:3+23 of 25
TGTCGCTCTAACTTGACAGT
||||||||||||||||||||
TGTCGCTCTAACTTGACAGT

>skpp-151-F:0+20 of 20 bc25mer_20219:0+20 of 25
CGGTAAGAGTCTATGGTGCT
||||||||||||||||||||
CGGTAAGAGTCTATGGTGCT

>skpp-152-F:0+20 of 20 bc25mer_11914:0+20 of 25
GGCTGACCTGTTCATTGATC
||||||||||||||||||||
GGCTGACCTGTTCATTGATC

>skpp-153-F:0+20 of 20 bc25mer_101717:4+24 of 25
AACTCACGCTTCTTGTCAAC
||||||||||||||||||||
AACTCACGCTTCTTGTCAAC

>skpp-154-F:0+20 of 20 bc25mer_7096:4+24 of 25
GCTTAGGAGTGATAGGGACC
||||||||||||||||||||
GCTTAGGAGTGATAGGGACC

>skpp-155-F:0+20 of 20 bc25mer_20560:1+21 of 25
GCTTTTCTTGGTCTAACCCG
||||||||||||||||||||
GCTTTTCTTGGTCTAACCCG

>skpp-156-F:0+20 of 20 bc25mer_74495:3+23 of 25
TTCGTACCATTCTATGGCGT
||||||||||||||||||||
TTCGTACCATTCTATGGCGT

>skpp-157-F:0+20 of 20 bc25mer_94003:4+24 of 25
AGTTAACGCTCTAACGTCGA
||||||||||||||||||||
AGTTAACGCTCTAACGTCGA

>skpp-158-F:0+20 of 20 bc25mer_169249:0+20 of 25
TTGCCTTTTGGTCCTTTCAG
||||||||||||||||||||
TTGCCTTTTGGTCCTTTCAG

>skpp-159-F:0+20 of 20 bc25mer_6447:0+20 of 25
CTGGTCGGGAATAGACACTT
||||||||||||||||||||
CTGGTCGGGAATAGACACTT

>skpp-160-F:0+20 of 20 bc25mer_193134:3+23 of 25
TCATGCTGTGTCCATTAGCT
||||||||||||||||||||
TCATGCTGTGTCCATTAGCT

>skpp-161-F:0+20 of 20 bc25mer_46556:0+20 of 25
TCTATGCCACAAACCCCTAG
||||||||||||||||||||
TCTATGCCACAAACCCCTAG

>skpp-162-F:0+20 of 20 bc25mer_67491:0+20 of 25
AGATTTCCTTACGAAGGGCA
||||||||||||||||||||
AGATTTCCTTACGAAGGGCA

>skpp-163-F:0+20 of 20 bc25mer_3325:4+24 of 25
TTTACTCTCGTTAGCGTGGT
||||||||||||||||||||
TTTACTCTCGTTAGCGTGGT

>skpp-164-F:0+20 of 20 bc25mer_13298:1+21 of 25
AGAATTTTCCCGCTCTCTGA
||||||||||||||||||||
AGAATTTTCCCGCTCTCTGA

>skpp-165-F:0+20 of 20 bc25mer_43186:1+21 of 25
TAATCCTCCGTCCCATTGTC
||||||||||||||||||||
TAATCCTCCGTCCCATTGTC

>skpp-166-F:0+20 of 20 bc25mer_50436:1+21 of 25
ACTCTTGTTTTGGTGGAACG
||||||||||||||||||||
ACTCTTGTTTTGGTGGAACG

>skpp-167-F:0+20 of 20 bc25mer_186911:0+20 of 25
AGTCTTAGGCTTGGAGTGTC
||||||||||||||||||||
AGTCTTAGGCTTGGAGTGTC

>skpp-168-F:0+20 of 20 bc25mer_8214:0+20 of 25
ACGCCGTGATTGTTATACCT
||||||||||||||||||||
ACGCCGTGATTGTTATACCT

>skpp-169-F:0+20 of 20 bc25mer_106403:4+24 of 25
ACACATAAACTTCGATGGCG
||||||||||||||||||||
ACACATAAACTTCGATGGCG

>skpp-170-F:0+20 of 20 bc25mer_38076:3+23 of 25
TTGGGAGTATGTCGATGGAG
||||||||||||||||||||
TTGGGAGTATGTCGATGGAG

>skpp-171-F:0+20 of 20 bc25mer_231186:3+23 of 25
GCAACTTTCTATGTTCGGGG
||||||||||||||||||||
GCAACTTTCTATGTTCGGGG

>skpp-172-F:0+20 of 20 bc25mer_36599:3+23 of 25
AGGTATATGATGGAAGCGCA
||||||||||||||||||||
AGGTATATGATGGAAGCGCA

>skpp-173-F:0+20 of 20 bc25mer_20564:1+21 of 25
ATACCTTAGGCCGGAGAATG
||||||||||||||||||||
ATACCTTAGGCCGGAGAATG

>skpp-174-F:0+20 of 20 bc25mer_67938:2+22 of 25
ATATCCTTCTGGCTAGGCAC
||||||||||||||||||||
ATATCCTTCTGGCTAGGCAC

>skpp-175-F:0+20 of 20 bc25mer_28960:4+24 of 25
AAGTCTTATTCCCTGTCCGG
||||||||||||||||||||
AAGTCTTATTCCCTGTCCGG

>skpp-176-F:0+20 of 20 bc25mer_5949:2+22 of 25
AAGTCTACCCATGCTCTACG
||||||||||||||||||||
AAGTCTACCCATGCTCTACG

>skpp-177-F:0+20 of 20 bc25mer_180798:1+21 of 25
AGCACACAGGATCTCCTAAC
||||||||||||||||||||
AGCACACAGGATCTCCTAAC

>skpp-178-F:0+20 of 20 bc25mer_149552:4+24 of 25
TAGACAGACGAAGATACGCC
||||||||||||||||||||
TAGACAGACGAAGATACGCC

>skpp-179-F:0+20 of 20 bc25mer_61882:0+20 of 25
AACGATCACCAAAACAGTGG
||||||||||||||||||||
AACGATCACCAAAACAGTGG

>skpp-180-F:0+20 of 20 bc25mer_7639:3+23 of 25
TAGATACTAGCTTTCGCCCG
||||||||||||||||||||
TAGATACTAGCTTTCGCCCG

>skpp-181-F:0+20 of 20 bc25mer_205193:0+20 of 25
GCGTCTTTTACACAGCATGA
||||||||||||||||||||
GCGTCTTTTACACAGCATGA

>skpp-182-F:0+20 of 20 bc25mer_11861:0+20 of 25
CACTTGAGGTCGGTTTGAAG
||||||||||||||||||||
CACTTGAGGTCGGTTTGAAG

>skpp-183-F:0+20 of 20 bc25mer_5157:0+20 of 25
AAATGTTGTTCTCGCGTTCA
||||||||||||||||||||
AAATGTTGTTCTCGCGTTCA

>skpp-184-F:0+20 of 20 bc25mer_104604:1+21 of 25
GTTACCTAATCGTAAGCGCG
||||||||||||||||||||
GTTACCTAATCGTAAGCGCG

>skpp-185-F:0+20 of 20 bc25mer_194771:3+23 of 25
GATACTTAACGTGTTGCCCC
||||||||||||||||||||
GATACTTAACGTGTTGCCCC

>skpp-186-F:0+20 of 20 bc25mer_37065:1+21 of 25
TAGGAGCGGGATGAATAACC
||||||||||||||||||||
TAGGAGCGGGATGAATAACC

>skpp-187-F:0+20 of 20 bc25mer_706:4+24 of 25
ACCGAGTACTCCTAGTGACT
||||||||||||||||||||
ACCGAGTACTCCTAGTGACT

>skpp-188-F:0+20 of 20 bc25mer_11976:1+21 of 25
GAGTCTGTACCCGCTATACC
||||||||||||||||||||
GAGTCTGTACCCGCTATACC

>skpp-189-F:0+20 of 20 bc25mer_24603:1+21 of 25
ATTCCGTATTCTGGCCCTAG
||||||||||||||||||||
ATTCCGTATTCTGGCCCTAG

>skpp-190-F:0+20 of 20 bc25mer_8581:3+23 of 25
AGAGCATGCCTATTAGTGGG
||||||||||||||||||||
AGAGCATGCCTATTAGTGGG

>skpp-191-F:0+20 of 20 bc25mer_5760:3+23 of 25
TCATCTGGGGTGTTGTACTC
||||||||||||||||||||
TCATCTGGGGTGTTGTACTC

>skpp-192-F:0+20 of 20 bc25mer_88880:2+22 of 25
ATCTTACGGACCCACAACTT
||||||||||||||||||||
ATCTTACGGACCCACAACTT

>skpp-193-F:0+20 of 20 bc25mer_201593:0+20 of 25
GAATGGAACGGAATGCACTT
||||||||||||||||||||
GAATGGAACGGAATGCACTT

>skpp-194-F:0+20 of 20 bc25mer_93402:3+23 of 25
AAGGATAGCTATTCGGACCG
||||||||||||||||||||
AAGGATAGCTATTCGGACCG

>skpp-195-F:0+20 of 20 bc25mer_29900:0+20 of 25
GGATTCTTACTTGCGGTGTC
||||||||||||||||||||
GGATTCTTACTTGCGGTGTC

>skpp-196-F:0+20 of 20 bc25mer_125610:2+22 of 25
TATTAGGCTTCTCCTCAGCG
||||||||||||||||||||
TATTAGGCTTCTCCTCAGCG

>skpp-197-F:0+20 of 20 bc25mer_78729:0+20 of 25
TATCGAAGGCAGTCACCATT
||||||||||||||||||||
TATCGAAGGCAGTCACCATT

>skpp-198-F:0+20 of 20 bc25mer_47112:2+22 of 25
AGAGGCGTATATGACCTTGG
||||||||||||||||||||
AGAGGCGTATATGACCTTGG

>skpp-199-F:0+20 of 20 bc25mer_45336:4+24 of 25
AAAGAGTATTTACCGCCCCA
||||||||||||||||||||
AAAGAGTATTTACCGCCCCA

>skpp-200-F:0+20 of 20 bc25mer_91311:1+21 of 25
ACGTATAAGCAGTTGGAGCA
||||||||||||||||||||
ACGTATAAGCAGTTGGAGCA

>skpp-201-F:0+20 of 20 bc25mer_35800:0+20 of 25
AGTTCAGGAAGTGACTACGG
||||||||||||||||||||
AGTTCAGGAAGTGACTACGG

>skpp-202-F:0+20 of 20 bc25mer_13272:0+20 of 25
AATCCTTGCGTCAATGGTTC
||||||||||||||||||||
AATCCTTGCGTCAATGGTTC

>skpp-203-F:0+20 of 20 bc25mer_131353:4+24 of 25
TGTCGTGCCTCTTTATCTGT
||||||||||||||||||||
TGTCGTGCCTCTTTATCTGT

>skpp-204-F:0+20 of 20 bc25mer_556:4+24 of 25
ATTTAAACGGTGAGGTGTGC
||||||||||||||||||||
ATTTAAACGGTGAGGTGTGC

>skpp-205-F:0+20 of 20 bc25mer_194892:0+20 of 25
CATCCGATGGTGGTGTAGAT
||||||||||||||||||||
CATCCGATGGTGGTGTAGAT

>skpp-206-F:0+20 of 20 bc25mer_2323:0+20 of 25
ATGTTAGCTGATGGCTCCTT
||||||||||||||||||||
ATGTTAGCTGATGGCTCCTT

>skpp-207-F:0+20 of 20 bc25mer_69523:0+20 of 25
CGATCAGGTAGCTTAAACGC
||||||||||||||||||||
CGATCAGGTAGCTTAAACGC

>skpp-208-F:0+20 of 20 bc25mer_5725:0+20 of 25
TCGTTAAGACCCCAGTGTAC
||||||||||||||||||||
TCGTTAAGACCCCAGTGTAC

>skpp-209-F:0+20 of 20 bc25mer_194488:0+20 of 25
GACGGGAAGGGAAGTAGAAA
||||||||||||||||||||
GACGGGAAGGGAAGTAGAAA

>skpp-210-F:0+20 of 20 bc25mer_77695:0+20 of 25
ACAGGTGGGATATGATCGAC
||||||||||||||||||||
ACAGGTGGGATATGATCGAC

>skpp-211-F:0+20 of 20 bc25mer_6965:4+24 of 25
CATGGTTACTCATGTTGGCC
||||||||||||||||||||
CATGGTTACTCATGTTGGCC

>skpp-212-F:0+20 of 20 bc25mer_97021:0+20 of 25
TAGGTTTCCTTGATTTGCGC
||||||||||||||||||||
TAGGTTTCCTTGATTTGCGC

>skpp-213-F:0+20 of 20 bc25mer_78:1+21 of 25
GAAAGTCTTGGATACACGGC
||||||||||||||||||||
GAAAGTCTTGGATACACGGC

>skpp-214-F:0+20 of 20 bc25mer_136377:4+24 of 25
ACGATCTTCCCTTTATCGGG
||||||||||||||||||||
ACGATCTTCCCTTTATCGGG

>skpp-215-F:0+20 of 20 bc25mer_5922:0+20 of 25
GTTTCAGTGCCAGTTAACCC
||||||||||||||||||||
GTTTCAGTGCCAGTTAACCC

>skpp-216-F:0+20 of 20 bc25mer_1961:0+20 of 25
AATACTACTATCGCACCGGG
||||||||||||||||||||
AATACTACTATCGCACCGGG

>skpp-217-F:0+20 of 20 bc25mer_227311:4+24 of 25
ATACTAGGATGCGGATTCCG
||||||||||||||||||||
ATACTAGGATGCGGATTCCG

>skpp-218-F:0+20 of 20 bc25mer_10449:1+21 of 25
AATTATTCCTGCTGAGGGCT
||||||||||||||||||||
AATTATTCCTGCTGAGGGCT

>skpp-219-F:0+20 of 20 bc25mer_8293:1+21 of 25
ATTTAGCAGAAGGGTTCCCA
||||||||||||||||||||
ATTTAGCAGAAGGGTTCCCA

>skpp-220-F:0+20 of 20 bc25mer_157359:0+20 of 25
CGTCTGTGAGTTGCAATAGG
||||||||||||||||||||
CGTCTGTGAGTTGCAATAGG

>skpp-221-F:0+20 of 20 bc25mer_24980:1+21 of 25
GCGTATTAGAATTGCTCCCG
||||||||||||||||||||
GCGTATTAGAATTGCTCCCG

>skpp-222-F:0+20 of 20 bc25mer_29971:0+20 of 25
GCTGAGAGGTAGAGGCTAAG
||||||||||||||||||||
GCTGAGAGGTAGAGGCTAAG

>skpp-223-F:0+20 of 20 bc25mer_178923:0+20 of 25
TTTGGCTATTCCTTACGGCT
||||||||||||||||||||
TTTGGCTATTCCTTACGGCT

>skpp-224-F:0+20 of 20 bc25mer_11532:4+24 of 25
TATTTCCGCTCTGAACTCGT
||||||||||||||||||||
TATTTCCGCTCTGAACTCGT

>skpp-225-F:0+20 of 20 bc25mer_172833:3+23 of 25
CTAAATAGTGCTCTGCTGCG
||||||||||||||||||||
CTAAATAGTGCTCTGCTGCG

>skpp-226-F:0+20 of 20 bc25mer_132623:2+22 of 25
TGATCTAAGTGGGGTGAACC
||||||||||||||||||||
TGATCTAAGTGGGGTGAACC

>skpp-227-F:0+20 of 20 bc25mer_12577:0+20 of 25
CTAGGGTGCTACTTGTGGAA
||||||||||||||||||||
CTAGGGTGCTACTTGTGGAA

>skpp-228-F:0+20 of 20 bc25mer_5130:2+22 of 25
TGGTGGGGAACGTCTTATAC
||||||||||||||||||||
TGGTGGGGAACGTCTTATAC

>skpp-229-F:0+20 of 20 bc25mer_12827:1+21 of 25
ATTTGTTGTGTTCTCCACGG
||||||||||||||||||||
ATTTGTTGTGTTCTCCACGG

>skpp-230-F:0+20 of 20 bc25mer_111209:3+23 of 25
TGGGAATGATAAAGTCCGCT
||||||||||||||||||||
TGGGAATGATAAAGTCCGCT

>skpp-231-F:0+20 of 20 bc25mer_68131:2+22 of 25
ATAAGGCCTCGCAGTCTATC
||||||||||||||||||||
ATAAGGCCTCGCAGTCTATC

>skpp-232-F:0+20 of 20 bc25mer_29145:0+20 of 25
TGATAACTAGGCGGTCCATC
||||||||||||||||||||
TGATAACTAGGCGGTCCATC

>skpp-233-F:0+20 of 20 bc25mer_10185:2+22 of 25
TGTCAGGCATATTATCCGCT
||||||||||||||||||||
TGTCAGGCATATTATCCGCT

>skpp-234-F:0+20 of 20 bc25mer_74998:0+20 of 25
GTATACACACATGACGGTGC
||||||||||||||||||||
GTATACACACATGACGGTGC

>skpp-235-F:0+20 of 20 bc25mer_19915:3+23 of 25
AGTATCAAATGTCCGACGGT
||||||||||||||||||||
AGTATCAAATGTCCGACGGT

>skpp-236-F:0+20 of 20 bc25mer_112522:1+21 of 25
ACGCCCACTATATTTCACCA
||||||||||||||||||||
ACGCCCACTATATTTCACCA

>skpp-237-F:0+20 of 20 bc25mer_115287:3+23 of 25
AACATACAACGTTTGACGGG
||||||||||||||||||||
AACATACAACGTTTGACGGG

>skpp-238-F:0+20 of 20 bc25mer_19602:2+22 of 25
AGCTCTAGCTCAAACAGGAG
||||||||||||||||||||
AGCTCTAGCTCAAACAGGAG

>skpp-239-F:0+20 of 20 bc25mer_16443:2+22 of 25
ATAAGCGAGAGTTTCCCTCC
||||||||||||||||||||
ATAAGCGAGAGTTTCCCTCC

>skpp-240-F:0+20 of 20 bc25mer_120999:2+22 of 25
GCGACCAGTCATCTTTAACC
||||||||||||||||||||
GCGACCAGTCATCTTTAACC

>skpp-241-F:0+20 of 20 bc25mer_3090:0+20 of 25
TAGCGGACTTATGCGTACAT
||||||||||||||||||||
TAGCGGACTTATGCGTACAT

>skpp-242-F:0+20 of 20 bc25mer_104433:2+22 of 25
CCTCTCTGATCTATTCGCGT
||||||||||||||||||||
CCTCTCTGATCTATTCGCGT

>skpp-243-F:0+20 of 20 bc25mer_34379:0+20 of 25
AGTAGATTATCCGCCACTCG
||||||||||||||||||||
AGTAGATTATCCGCCACTCG

>skpp-244-F:0+20 of 20 bc25mer_11864:1+21 of 25
TAAACCATCCCTCCGAGTTC
||||||||||||||||||||
TAAACCATCCCTCCGAGTTC

>skpp-245-F:0+20 of 20 bc25mer_94133:2+22 of 25
GTGTGCAATATCCCGTAAGC
||||||||||||||||||||
GTGTGCAATATCCCGTAAGC

>skpp-246-F:0+20 of 20 bc25mer_73179:0+20 of 25
CAATGTGGCCCTAGTATCGA
||||||||||||||||||||
CAATGTGGCCCTAGTATCGA

>skpp-247-F:0+20 of 20 bc25mer_10786:2+22 of 25
GAAAGCTCCTTAACGTAGCG
||||||||||||||||||||
GAAAGCTCCTTAACGTAGCG

>skpp-248-F:0+20 of 20 bc25mer_62227:1+21 of 25
CGAATTTAACCCTCATGCCC
||||||||||||||||||||
CGAATTTAACCCTCATGCCC

>skpp-249-F:0+20 of 20 bc25mer_36739:1+21 of 25
TAATCGGTAGTGGGCTTGTT
||||||||||||||||||||
TAATCGGTAGTGGGCTTGTT

>skpp-250-F:0+20 of 20 bc25mer_207848:1+21 of 25
GAACGCCACTTTCTTACCTG
||||||||||||||||||||
GAACGCCACTTTCTTACCTG

>skpp-251-F:0+20 of 20 bc25mer_24428:0+20 of 25
GGGACGCAGTAAAGTTTCAG
||||||||||||||||||||
GGGACGCAGTAAAGTTTCAG

>skpp-252-F:0+20 of 20 bc25mer_86721:2+22 of 25
TAGTTCATACAAAAGCGCCG
||||||||||||||||||||
TAGTTCATACAAAAGCGCCG

>skpp-253-F:0+20 of 20 bc25mer_73056:0+20 of 25
TCATCTCACTCCTTGACACC
||||||||||||||||||||
TCATCTCACTCCTTGACACC

>skpp-254-F:0+20 of 20 bc25mer_66817:3+23 of 25
TTAATCTCACAGGGAACGCT
||||||||||||||||||||
TTAATCTCACAGGGAACGCT

>skpp-255-F:0+20 of 20 bc25mer_8380:2+22 of 25
GTAACTTTCCAAGTAGGCGC
||||||||||||||||||||
GTAACTTTCCAAGTAGGCGC

>skpp-256-F:0+20 of 20 bc25mer_19405:2+22 of 25
CACTACCGCCAGTCTATACC
||||||||||||||||||||
CACTACCGCCAGTCTATACC

>skpp-257-F:0+20 of 20 bc25mer_2143:3+23 of 25
TTGTCAAATCTCCGCATTGG
||||||||||||||||||||
TTGTCAAATCTCCGCATTGG

>skpp-258-F:0+20 of 20 bc25mer_128676:0+20 of 25
ACTGGTTTTAGTGCGGTAGA
||||||||||||||||||||
ACTGGTTTTAGTGCGGTAGA

>skpp-259-F:0+20 of 20 bc25mer_16492:0+20 of 25
GCGCGATTATCGAAACGTAA
||||||||||||||||||||
GCGCGATTATCGAAACGTAA

>skpp-260-F:0+20 of 20 bc25mer_634:0+20 of 25
AATCTTGTGGGTAGTAGGCG
||||||||||||||||||||
AATCTTGTGGGTAGTAGGCG

>skpp-261-F:0+20 of 20 bc25mer_1356:4+24 of 25
CAGGTCTACATTTCAACCGC
||||||||||||||||||||
CAGGTCTACATTTCAACCGC

>skpp-262-F:0+20 of 20 bc25mer_38538:2+22 of 25
TAGCCACGCTTAGTAACCAA
||||||||||||||||||||
TAGCCACGCTTAGTAACCAA

>skpp-263-F:0+20 of 20 bc25mer_110449:0+20 of 25
GGACGTTCTTTGTTAGCTGG
||||||||||||||||||||
GGACGTTCTTTGTTAGCTGG

>skpp-264-F:0+20 of 20 bc25mer_143183:0+20 of 25
TGCCTTGTTGTTTTGTCCAA
||||||||||||||||||||
TGCCTTGTTGTTTTGTCCAA

>skpp-265-F:0+20 of 20 bc25mer_57519:4+24 of 25
GAACAATAGTCTGCACTCGC
||||||||||||||||||||
GAACAATAGTCTGCACTCGC

>skpp-266-F:0+20 of 20 bc25mer_6074:3+23 of 25
GTTCACCTCAAACAAGTCCC
||||||||||||||||||||
GTTCACCTCAAACAAGTCCC

>skpp-267-F:0+20 of 20 bc25mer_223726:2+22 of 25
ACCATACCCAAGATTCCCTG
||||||||||||||||||||
ACCATACCCAAGATTCCCTG

>skpp-268-F:0+20 of 20 bc25mer_90992:1+21 of 25
ATTGTACTTTGCGCTTTCGG
||||||||||||||||||||
ATTGTACTTTGCGCTTTCGG

>skpp-269-F:0+20 of 20 bc25mer_10916:4+24 of 25
TTAAAGTCCCATGGTCTGCT
||||||||||||||||||||
TTAAAGTCCCATGGTCTGCT

>skpp-270-F:0+20 of 20 bc25mer_13211:0+20 of 25
CGGGTGAAACAACTCTTGTT
||||||||||||||||||||
CGGGTGAAACAACTCTTGTT

>skpp-271-F:0+20 of 20 bc25mer_56180:1+21 of 25
ATTTCTCTGTCGGGGCTATC
||||||||||||||||||||
ATTTCTCTGTCGGGGCTATC

>skpp-272-F:0+20 of 20 bc25mer_33663:3+23 of 25
CGGATAAGGTAGCTAACGGT
||||||||||||||||||||
CGGATAAGGTAGCTAACGGT

>skpp-273-F:0+20 of 20 bc25mer_91730:2+22 of 25
ACTTTGCTAAACGTGAACCC
||||||||||||||||||||
ACTTTGCTAAACGTGAACCC

>skpp-274-F:0+20 of 20 bc25mer_8948:0+20 of 25
TCGGTAGCTGATGGGTATTC
||||||||||||||||||||
TCGGTAGCTGATGGGTATTC

>skpp-275-F:0+20 of 20 bc25mer_43799:0+20 of 25
GTTCTTTCGCCCTGATAACG
||||||||||||||||||||
GTTCTTTCGCCCTGATAACG

>skpp-276-F:0+20 of 20 bc25mer_51462:1+21 of 25
ATCAGTCGTCCAGCGTATAG
||||||||||||||||||||
ATCAGTCGTCCAGCGTATAG

>skpp-277-F:0+20 of 20 bc25mer_157724:4+24 of 25
TTGATGGTTAGGTGTCACGT
||||||||||||||||||||
TTGATGGTTAGGTGTCACGT

>skpp-278-F:0+20 of 20 bc25mer_10830:2+22 of 25
AATTGACTTCCTAGACCCGG
||||||||||||||||||||
AATTGACTTCCTAGACCCGG

>skpp-279-F:0+20 of 20 bc25mer_27711:0+20 of 25
TTCCGATGATCCCGATAGTG
||||||||||||||||||||
TTCCGATGATCCCGATAGTG

>skpp-280-F:0+20 of 20 bc25mer_53465:1+21 of 25
GGTATTTTCCGATCGTCACG
||||||||||||||||||||
GGTATTTTCCGATCGTCACG

>skpp-281-F:0+20 of 20 bc25mer_23270:0+20 of 25
GGGAACTTACCCTGTGACTT
||||||||||||||||||||
GGGAACTTACCCTGTGACTT

>skpp-282-F:0+20 of 20 bc25mer_31128:1+21 of 25
GCCGAACGTAATAATGTCCC
||||||||||||||||||||
GCCGAACGTAATAATGTCCC

>skpp-283-F:0+20 of 20 bc25mer_27685:1+21 of 25
GATATGTTGTCTCGGTTCGC
||||||||||||||||||||
GATATGTTGTCTCGGTTCGC

>skpp-284-F:0+20 of 20 bc25mer_17785:0+20 of 25
TCGGGGTCAGTTATCGTTAC
||||||||||||||||||||
TCGGGGTCAGTTATCGTTAC

>skpp-285-F:0+20 of 20 bc25mer_19084:4+24 of 25
TAGCGCAATCGTTTAGTTGG
||||||||||||||||||||
TAGCGCAATCGTTTAGTTGG

>skpp-286-F:0+20 of 20 bc25mer_28528:0+20 of 25
TGTTAACGTCCCTGTACTCC
||||||||||||||||||||
TGTTAACGTCCCTGTACTCC

>skpp-287-F:0+20 of 20 bc25mer_209079:0+20 of 25
ACAAAATGTGAATCGGAGGC
||||||||||||||||||||
ACAAAATGTGAATCGGAGGC

>skpp-288-F:0+20 of 20 bc25mer_103019:0+20 of 25
GCACTATTGTCGCGTTAGAG
||||||||||||||||||||
GCACTATTGTCGCGTTAGAG

>skpp-289-F:0+20 of 20 bc25mer_42946:4+24 of 25
AGGTGAGTTTTGTTCGCTTC
||||||||||||||||||||
AGGTGAGTTTTGTTCGCTTC

>skpp-290-F:0+20 of 20 bc25mer_40134:0+20 of 25
CGAGACTATGCGGAAGATCC
||||||||||||||||||||
CGAGACTATGCGGAAGATCC

>skpp-291-F:0+20 of 20 bc25mer_204809:1+21 of 25
ATAGGGTATTGGCGAGTAGC
||||||||||||||||||||
ATAGGGTATTGGCGAGTAGC

>skpp-292-F:0+20 of 20 bc25mer_124651:1+21 of 25
TACAGCGAGGTTTCCTACTG
||||||||||||||||||||
TACAGCGAGGTTTCCTACTG

>skpp-293-F:0+20 of 20 bc25mer_35722:3+23 of 25
CTTCCTTCATAGACCGGTGT
||||||||||||||||||||
CTTCCTTCATAGACCGGTGT

>skpp-294-F:0+20 of 20 bc25mer_83483:2+22 of 25
CTATTTCGTTTGTGGCCTCC
||||||||||||||||||||
CTATTTCGTTTGTGGCCTCC

>skpp-295-F:0+20 of 20 bc25mer_8677:1+21 of 25
TAACTAATCCCCTACGACGC
||||||||||||||||||||
TAACTAATCCCCTACGACGC

>skpp-296-F:0+20 of 20 bc25mer_11409:0+20 of 25
TCGAAGATAGCTCTATCGCG
||||||||||||||||||||
TCGAAGATAGCTCTATCGCG

>skpp-297-F:0+20 of 20 bc25mer_53746:2+22 of 25
TCACTACATTGTCAACCCGT
||||||||||||||||||||
TCACTACATTGTCAACCCGT

>skpp-298-F:0+20 of 20 bc25mer_57926:4+24 of 25
AACTAAGTGTGTCCGTACGT
||||||||||||||||||||
AACTAAGTGTGTCCGTACGT

>skpp-299-F:0+20 of 20 bc25mer_28813:0+20 of 25
GGGGTACTCACCATAGCTTT
||||||||||||||||||||
GGGGTACTCACCATAGCTTT

>skpp-300-F:0+20 of 20 bc25mer_38302:0+20 of 25
GGTCTATGAGAGATAGCGGC
||||||||||||||||||||
GGTCTATGAGAGATAGCGGC

>skpp-301-F:0+20 of 20 bc25mer_1923:1+21 of 25
CTTAAACCGGCCAACATACC
||||||||||||||||||||
CTTAAACCGGCCAACATACC

>skpp-302-F:0+20 of 20 bc25mer_11175:0+20 of 25
TGCTCTTTATTCGTTGCGTC
||||||||||||||||||||
TGCTCTTTATTCGTTGCGTC

>skpp-303-F:0+20 of 20 bc25mer_12523:1+21 of 25
TGAGCCTTATGATTTCCCGT
||||||||||||||||||||
TGAGCCTTATGATTTCCCGT

>skpp-304-F:0+20 of 20 bc25mer_24678:1+21 of 25
CGTTCTAAACGGCTAGATGC
||||||||||||||||||||
CGTTCTAAACGGCTAGATGC

>skpp-305-F:0+20 of 20 bc25mer_54767:0+20 of 25
GTATCCGAAGCGTGGAGTAT
||||||||||||||||||||
GTATCCGAAGCGTGGAGTAT

>skpp-306-F:0+20 of 20 bc25mer_92114:0+20 of 25
CTTGTTATGGACGAGTTGCC
||||||||||||||||||||
CTTGTTATGGACGAGTTGCC

>skpp-307-F:0+20 of 20 bc25mer_20395:0+20 of 25
CCAAAGATTCAACCGTCCTG
||||||||||||||||||||
CCAAAGATTCAACCGTCCTG

>skpp-308-F:0+20 of 20 bc25mer_99734:1+21 of 25
TATTCATGCTTGGACGGACT
||||||||||||||||||||
TATTCATGCTTGGACGGACT

>skpp-309-F:0+20 of 20 bc25mer_34019:0+20 of 25
ATCGACAATGGTATGGCTGA
||||||||||||||||||||
ATCGACAATGGTATGGCTGA

>skpp-310-F:0+20 of 20 bc25mer_826:2+22 of 25
GTCCTAGTGAGGAATACCGG
||||||||||||||||||||
GTCCTAGTGAGGAATACCGG

>skpp-311-F:0+20 of 20 bc25mer_210211:1+21 of 25
TTAGATAGGTGTGTAGGCGC
||||||||||||||||||||
TTAGATAGGTGTGTAGGCGC

>skpp-312-F:0+20 of 20 bc25mer_56222:1+21 of 25
TTCCGTTTATGCTTTCCAGC
||||||||||||||||||||
TTCCGTTTATGCTTTCCAGC

>skpp-313-F:0+20 of 20 bc25mer_229093:0+20 of 25
GTATAGTTTGTGCGGTGGTC
||||||||||||||||||||
GTATAGTTTGTGCGGTGGTC

>skpp-314-F:0+20 of 20 bc25mer_236096:3+23 of 25
TCAGCCTTTCATTGATTGCG
||||||||||||||||||||
TCAGCCTTTCATTGATTGCG

>skpp-315-F:0+20 of 20 bc25mer_188555:0+20 of 25
AGGGTCGTGGTTAAAGGTAC
||||||||||||||||||||
AGGGTCGTGGTTAAAGGTAC

>skpp-316-F:0+20 of 20 bc25mer_22830:1+21 of 25
TGCAAGTGTACAAATCCAGC
||||||||||||||||||||
TGCAAGTGTACAAATCCAGC

>skpp-317-F:0+20 of 20 bc25mer_1023:4+24 of 25
CTTAAGGTTTGCCCATTCCC
||||||||||||||||||||
CTTAAGGTTTGCCCATTCCC

>skpp-318-F:0+20 of 20 bc25mer_60588:0+20 of 25
TGGTTCGTTAGTCGATCTCC
||||||||||||||||||||
TGGTTCGTTAGTCGATCTCC

>skpp-319-F:0+20 of 20 bc25mer_26173:1+21 of 25
TATTTTGTAGAGCGTTCGCG
||||||||||||||||||||
TATTTTGTAGAGCGTTCGCG

>skpp-320-F:0+20 of 20 bc25mer_99074:3+23 of 25
TTCTGTAAGTTTCGTCGGGA
||||||||||||||||||||
TTCTGTAAGTTTCGTCGGGA

>skpp-321-F:0+20 of 20 bc25mer_14323:3+23 of 25
TTGACGTACGTAGGTTCTCC
||||||||||||||||||||
TTGACGTACGTAGGTTCTCC

>skpp-322-F:0+20 of 20 bc25mer_85630:2+22 of 25
GAGATGAGTAGACGAGTGGG
||||||||||||||||||||
GAGATGAGTAGACGAGTGGG

>skpp-323-F:0+20 of 20 bc25mer_197661:1+21 of 25
CTTTGGGCTTTCAGATGAGC
||||||||||||||||||||
CTTTGGGCTTTCAGATGAGC

>skpp-324-F:0+20 of 20 bc25mer_23157:4+24 of 25
TGTCATATGCTAACGTCCGT
||||||||||||||||||||
TGTCATATGCTAACGTCCGT

>skpp-325-F:0+20 of 20 bc25mer_96485:3+23 of 25
TTGCGACATCACAATTCTCG
||||||||||||||||||||
TTGCGACATCACAATTCTCG

>skpp-326-F:0+20 of 20 bc25mer_957:1+21 of 25
TCAGTATGGCGTCTTGAAGT
||||||||||||||||||||
TCAGTATGGCGTCTTGAAGT

>skpp-327-F:0+20 of 20 bc25mer_77287:0+20 of 25
TCATGTCGTGACCAGTAGAC
||||||||||||||||||||
TCATGTCGTGACCAGTAGAC

>skpp-328-F:0+20 of 20 bc25mer_53568:3+23 of 25
AACTAACGGATTTAAGCGCG
||||||||||||||||||||
AACTAACGGATTTAAGCGCG

>skpp-329-F:0+20 of 20 bc25mer_15389:2+22 of 25
CATTTTCTGTTCCCCAGTGG
||||||||||||||||||||
CATTTTCTGTTCCCCAGTGG

>skpp-330-F:0+20 of 20 bc25mer_47594:1+21 of 25
ATTTGCCTAACCACTCCACT
||||||||||||||||||||
ATTTGCCTAACCACTCCACT

>skpp-331-F:0+20 of 20 bc25mer_168:2+22 of 25
TGACTTATGAACCTTTGCGC
||||||||||||||||||||
TGACTTATGAACCTTTGCGC

>skpp-332-F:0+20 of 20 bc25mer_224676:1+21 of 25
ATAGGATTAGCTGATGGGCC
||||||||||||||||||||
ATAGGATTAGCTGATGGGCC

>skpp-333-F:0+20 of 20 bc25mer_175376:0+20 of 25
TGAGATTCGGGACTATTCGG
||||||||||||||||||||
TGAGATTCGGGACTATTCGG

>skpp-334-F:0+20 of 20 bc25mer_228444:2+22 of 25
TTGGTTAGTACACGGGACTC
||||||||||||||||||||
TTGGTTAGTACACGGGACTC

>skpp-335-F:0+20 of 20 bc25mer_114735:0+20 of 25
ATTTGTGTATCGAGGCTCGT
||||||||||||||||||||
ATTTGTGTATCGAGGCTCGT

>skpp-336-F:0+20 of 20 bc25mer_187815:4+24 of 25
ATCGTTCCCCATCACATTCT
||||||||||||||||||||
ATCGTTCCCCATCACATTCT

>skpp-337-F:0+20 of 20 bc25mer_12093:2+22 of 25
ATTACCATGTTATCGGGCGA
||||||||||||||||||||
ATTACCATGTTATCGGGCGA

>skpp-338-F:0+20 of 20 bc25mer_41371:1+21 of 25
TCGGTGGATATGACGTAACC
||||||||||||||||||||
TCGGTGGATATGACGTAACC

>skpp-339-F:0+20 of 20 bc25mer_42728:1+21 of 25
GGTCAGATGGTTTACATGCG
||||||||||||||||||||
GGTCAGATGGTTTACATGCG

>skpp-340-F:0+20 of 20 bc25mer_128702:4+24 of 25
TCTCGTTCGAAAATCATCGC
||||||||||||||||||||
TCTCGTTCGAAAATCATCGC

>skpp-341-F:0+20 of 20 bc25mer_26490:3+23 of 25
TGCAAATGTGAGGTAGCAAC
||||||||||||||||||||
TGCAAATGTGAGGTAGCAAC

>skpp-342-F:0+20 of 20 bc25mer_14742:2+22 of 25
AAAGTCAAAGTGCGTTTCGT
||||||||||||||||||||
AAAGTCAAAGTGCGTTTCGT

>skpp-343-F:0+20 of 20 bc25mer_3688:0+20 of 25
GCCGAAAATAGCTACTGCTC
||||||||||||||||||||
GCCGAAAATAGCTACTGCTC

>skpp-344-F:0+20 of 20 bc25mer_89393:0+20 of 25
TTAGTAAACCGATGGCTCCC
||||||||||||||||||||
TTAGTAAACCGATGGCTCCC

>skpp-345-F:0+20 of 20 bc25mer_35594:0+20 of 25
TACACATGTCTTGAGGGTGG
||||||||||||||||||||
TACACATGTCTTGAGGGTGG

>skpp-346-F:0+20 of 20 bc25mer_57127:3+23 of 25
TAATAGGCTCATGCAGGGTC
||||||||||||||||||||
TAATAGGCTCATGCAGGGTC

>skpp-347-F:0+20 of 20 bc25mer_49378:1+21 of 25
AGATGGTAGTATAACGGCCG
||||||||||||||||||||
AGATGGTAGTATAACGGCCG

>skpp-348-F:0+20 of 20 bc25mer_6814:3+23 of 25
GAACTCTAACAAACCCACGC
||||||||||||||||||||
GAACTCTAACAAACCCACGC

>skpp-349-F:0+20 of 20 bc25mer_14792:2+22 of 25
CAACTATGAAAGCCACACCC
||||||||||||||||||||
CAACTATGAAAGCCACACCC

>skpp-350-F:0+20 of 20 bc25mer_7256:2+22 of 25
TCAAATGCCTCATTCAACGG
||||||||||||||||||||
TCAAATGCCTCATTCAACGG

>skpp-351-F:0+20 of 20 bc25mer_85828:0+20 of 25
CTGAGTACTGTATGGGCGAA
||||||||||||||||||||
CTGAGTACTGTATGGGCGAA

>skpp-352-F:0+20 of 20 bc25mer_167422:0+20 of 25
TGGGTAGTCACGTCACATAC
||||||||||||||||||||
TGGGTAGTCACGTCACATAC

>skpp-353-F:0+20 of 20 bc25mer_73336:4+24 of 25
GGTTTCTGATGCGTTACCAC
||||||||||||||||||||
GGTTTCTGATGCGTTACCAC

>skpp-354-F:0+20 of 20 bc25mer_149808:3+23 of 25
TCCATACCAGAACACCAGTC
||||||||||||||||||||
TCCATACCAGAACACCAGTC

>skpp-355-F:0+20 of 20 bc25mer_12655:0+20 of 25
CGACAATTAGGAAAGCCGTC
||||||||||||||||||||
CGACAATTAGGAAAGCCGTC

>skpp-356-F:0+20 of 20 bc25mer_9161:1+21 of 25
TATTCGTAGATCGCACCCTG
||||||||||||||||||||
TATTCGTAGATCGCACCCTG

>skpp-357-F:0+20 of 20 bc25mer_3625:0+20 of 25
TGCGTTTCTGTCCCAATCTA
||||||||||||||||||||
TGCGTTTCTGTCCCAATCTA

>skpp-358-F:0+20 of 20 bc25mer_113343:0+20 of 25
GGCGTCAGTTATTTCCGTAC
||||||||||||||||||||
GGCGTCAGTTATTTCCGTAC

>skpp-359-F:0+20 of 20 bc25mer_31452:2+22 of 25
CCGATAGGAGGGGAGAGTTA
||||||||||||||||||||
CCGATAGGAGGGGAGAGTTA

>skpp-360-F:0+20 of 20 bc25mer_12718:0+20 of 25
TGAGACTTAGGAAGCTGCAC
||||||||||||||||||||
TGAGACTTAGGAAGCTGCAC

>skpp-361-F:0+20 of 20 bc25mer_167513:4+24 of 25
TTATTTCAATGCCACTCCGC
||||||||||||||||||||
TTATTTCAATGCCACTCCGC

>skpp-362-F:0+20 of 20 bc25mer_31768:0+20 of 25
ACATCACGACGCTTTGTAAC
||||||||||||||||||||
ACATCACGACGCTTTGTAAC

>skpp-363-F:0+20 of 20 bc25mer_142904:1+21 of 25
AGGTTCATGGTTAGATGGGG
||||||||||||||||||||
AGGTTCATGGTTAGATGGGG

>skpp-364-F:0+20 of 20 bc25mer_153562:2+22 of 25
TGTAGATGGGTCACTGAACC
||||||||||||||||||||
TGTAGATGGGTCACTGAACC

>skpp-365-F:0+20 of 20 bc25mer_135074:0+20 of 25
GCTCTCCGCTATCAGTAACA
||||||||||||||||||||
GCTCTCCGCTATCAGTAACA

>skpp-366-F:0+20 of 20 bc25mer_226311:2+22 of 25
AACGTCGTGAGTGTATGTCT
||||||||||||||||||||
AACGTCGTGAGTGTATGTCT

>skpp-367-F:0+20 of 20 bc25mer_3969:0+20 of 25
CGGAAGTCTTATCTGGGAGG
||||||||||||||||||||
CGGAAGTCTTATCTGGGAGG

>skpp-368-F:0+20 of 20 bc25mer_12468:0+20 of 25
AGGGCGTGAGTTTAATACCC
||||||||||||||||||||
AGGGCGTGAGTTTAATACCC

>skpp-369-F:0+20 of 20 bc25mer_96209:2+22 of 25
TTTGGATAAAGCGTGTGTGG
||||||||||||||||||||
TTTGGATAAAGCGTGTGTGG

>skpp-370-F:0+20 of 20 bc25mer_27032:1+21 of 25
ATCTACGAGTGTGACGGTAC
||||||||||||||||||||
ATCTACGAGTGTGACGGTAC

>skpp-371-F:0+20 of 20 bc25mer_136600:2+22 of 25
GTACTTTCTTGTTTGGGCCC
||||||||||||||||||||
GTACTTTCTTGTTTGGGCCC

>skpp-372-F:0+20 of 20 bc25mer_85655:2+22 of 25
AGGTATAAGGAGAGAACGCG
||||||||||||||||||||
AGGTATAAGGAGAGAACGCG

>skpp-373-F:0+20 of 20 bc25mer_224290:4+24 of 25
TGACATTTTAAGTGCCACGG
||||||||||||||||||||
TGACATTTTAAGTGCCACGG

>skpp-374-F:0+20 of 20 bc25mer_223381:3+23 of 25
TATTTAATGCTCTGGCACGC
||||||||||||||||||||
TATTTAATGCTCTGGCACGC

>skpp-375-F:0+20 of 20 bc25mer_4129:3+23 of 25
AGTTCTTCGCCAGATAACGT
||||||||||||||||||||
AGTTCTTCGCCAGATAACGT

>skpp-376-F:0+20 of 20 bc25mer_9368:4+24 of 25
AGACCGTACACCATATGTGG
||||||||||||||||||||
AGACCGTACACCATATGTGG

>skpp-377-F:0+20 of 20 bc25mer_226100:0+20 of 25
GGGATAGGCTTGCTATGACA
||||||||||||||||||||
GGGATAGGCTTGCTATGACA

>skpp-378-F:0+20 of 20 bc25mer_31547:0+20 of 25
ATAATCGTGCAACAACGGTC
||||||||||||||||||||
ATAATCGTGCAACAACGGTC

>skpp-379-F:0+20 of 20 bc25mer_91668:2+22 of 25
TAGTGTAGCCAGGTTAGCAC
||||||||||||||||||||
TAGTGTAGCCAGGTTAGCAC

>skpp-380-F:0+20 of 20 bc25mer_73606:4+24 of 25
TATATAAGCTGTCGCCTCCG
||||||||||||||||||||
TATATAAGCTGTCGCCTCCG

>skpp-381-F:0+20 of 20 bc25mer_62290:1+21 of 25
TGGGTAGAAGGCAGTTACAC
||||||||||||||||||||
TGGGTAGAAGGCAGTTACAC

>skpp-382-F:0+20 of 20 bc25mer_60527:0+20 of 25
CAGTGTGTATTCACGAAGCC
||||||||||||||||||||
CAGTGTGTATTCACGAAGCC

>skpp-383-F:0+20 of 20 bc25mer_109020:0+20 of 25
TTGCTTGGTTCGTGATCATG
||||||||||||||||||||
TTGCTTGGTTCGTGATCATG

>skpp-384-F:0+20 of 20 bc25mer_31972:2+22 of 25
CCATTCGTCATTCAGAAGCC
||||||||||||||||||||
CCATTCGTCATTCAGAAGCC

>skpp-385-F:0+20 of 20 bc25mer_196601:0+20 of 25
CCTATCACCATCCTAACCCC
||||||||||||||||||||
CCTATCACCATCCTAACCCC

>skpp-386-F:0+20 of 20 bc25mer_53530:2+22 of 25
TTGTAAACGTCACCCTGTCT
||||||||||||||||||||
TTGTAAACGTCACCCTGTCT

>skpp-387-F:0+20 of 20 bc25mer_47796:4+24 of 25
TCTCGCTGATTTCTACCCAG
||||||||||||||||||||
TCTCGCTGATTTCTACCCAG

>skpp-388-F:0+20 of 20 bc25mer_150846:0+20 of 25
CGACGGTAGTTTGTATCCCT
||||||||||||||||||||
CGACGGTAGTTTGTATCCCT

>skpp-389-F:0+20 of 20 bc25mer_4763:0+20 of 25
ATGGATTATGTGGGCAGTCA
||||||||||||||||||||
ATGGATTATGTGGGCAGTCA

>skpp-390-F:0+20 of 20 bc25mer_181636:0+20 of 25
CCTAAAGCCAACCCGTATGT
||||||||||||||||||||
CCTAAAGCCAACCCGTATGT

>skpp-391-F:0+20 of 20 bc25mer_5266:0+20 of 25
TTAATCTTAGGCCCCACTGG
||||||||||||||||||||
TTAATCTTAGGCCCCACTGG

>skpp-392-F:0+20 of 20 bc25mer_63614:4+24 of 25
TTGGGCTAACTCTACTACGC
||||||||||||||||||||
TTGGGCTAACTCTACTACGC

>skpp-393-F:0+20 of 20 bc25mer_11571:0+20 of 25
AATATGCATCGACTGGTCCA
||||||||||||||||||||
AATATGCATCGACTGGTCCA

>skpp-394-F:0+20 of 20 bc25mer_88595:1+21 of 25
TCTCTAATTCGGGCTTCTGG
||||||||||||||||||||
TCTCTAATTCGGGCTTCTGG

>skpp-395-F:0+20 of 20 bc25mer_5170:4+24 of 25
TAATCCTGTATCGTCCGTGG
||||||||||||||||||||
TAATCCTGTATCGTCCGTGG

>skpp-396-F:0+20 of 20 bc25mer_143925:0+20 of 25
GTGATTTAGCCACCGTCAAG
||||||||||||||||||||
GTGATTTAGCCACCGTCAAG

>skpp-397-F:0+20 of 20 bc25mer_4532:4+24 of 25
AATGTGTTACAAGCGGCTTC
||||||||||||||||||||
AATGTGTTACAAGCGGCTTC

>skpp-398-F:0+20 of 20 bc25mer_886:3+23 of 25
TGTGTATCTTAACCTGGCGT
||||||||||||||||||||
TGTGTATCTTAACCTGGCGT

>skpp-399-F:0+20 of 20 bc25mer_86039:0+20 of 25
CCGTTGACTCATGCTACAAC
||||||||||||||||||||
CCGTTGACTCATGCTACAAC

>skpp-400-F:0+20 of 20 bc25mer_7709:4+24 of 25
AAATCATGCTATCCCTGGCA
||||||||||||||||||||
AAATCATGCTATCCCTGGCA

>skpp-401-F:0+20 of 20 bc25mer_9995:0+20 of 25
ACTAGATGAAACGGGGATCG
||||||||||||||||||||
ACTAGATGAAACGGGGATCG

>skpp-402-F:0+20 of 20 bc25mer_14296:0+20 of 25
CGTCCTCGGTTTTATTTGGG
||||||||||||||||||||
CGTCCTCGGTTTTATTTGGG

>skpp-403-F:0+20 of 20 bc25mer_16256:0+20 of 25
TGTCGAGGGCTTATTCTCTG
||||||||||||||||||||
TGTCGAGGGCTTATTCTCTG

>skpp-404-F:0+20 of 20 bc25mer_16751:0+20 of 25
TTAGCATGTGAGAGGTCAGG
||||||||||||||||||||
TTAGCATGTGAGAGGTCAGG

>skpp-405-F:0+20 of 20 bc25mer_758:0+20 of 25
TATGTGCTACAGAGGGGAGA
||||||||||||||||||||
TATGTGCTACAGAGGGGAGA

>skpp-406-F:0+20 of 20 bc25mer_91605:0+20 of 25
CGACTCTGTAGGTTGGGAAA
||||||||||||||||||||
CGACTCTGTAGGTTGGGAAA

>skpp-407-F:0+20 of 20 bc25mer_618:3+23 of 25
ACTACAGGACGATATGCACC
||||||||||||||||||||
ACTACAGGACGATATGCACC

>skpp-408-F:0+20 of 20 bc25mer_6976:0+20 of 25
AAGCGTGTCAATTCTTAGCG
||||||||||||||||||||
AAGCGTGTCAATTCTTAGCG

>skpp-409-F:0+20 of 20 bc25mer_7274:2+22 of 25
AGATTTCCGACGAGATTCCC
||||||||||||||||||||
AGATTTCCGACGAGATTCCC

>skpp-410-F:0+20 of 20 bc25mer_66800:0+20 of 25
TAGCCGTAGTGAGTTTAGCC
||||||||||||||||||||
TAGCCGTAGTGAGTTTAGCC

>skpp-411-F:0+20 of 20 bc25mer_253:4+24 of 25
TCTTTTGAGTTCTCCGTCGT
||||||||||||||||||||
TCTTTTGAGTTCTCCGTCGT

>skpp-412-F:0+20 of 20 bc25mer_96803:3+23 of 25
GTACGTTTATGTTCGGAGCG
||||||||||||||||||||
GTACGTTTATGTTCGGAGCG

>skpp-413-F:0+20 of 20 bc25mer_9151:1+21 of 25
TTGTAGTCATGGGTCCTGTC
||||||||||||||||||||
TTGTAGTCATGGGTCCTGTC

>skpp-414-F:0+20 of 20 bc25mer_555:1+21 of 25
AAACTTCTGCCCACGTTTTC
||||||||||||||||||||
AAACTTCTGCCCACGTTTTC

>skpp-415-F:0+20 of 20 bc25mer_149688:0+20 of 25
GGTCTGGGGTGATAAACAGT
||||||||||||||||||||
GGTCTGGGGTGATAAACAGT

>skpp-416-F:0+20 of 20 bc25mer_5251:2+22 of 25
CGGTATAGTAAGTTTGCCGC
||||||||||||||||||||
CGGTATAGTAAGTTTGCCGC

>skpp-417-F:0+20 of 20 bc25mer_225255:0+20 of 25
TCTCGCCACTTTTCCCATAT
||||||||||||||||||||
TCTCGCCACTTTTCCCATAT

>skpp-418-F:0+20 of 20 bc25mer_31398:2+22 of 25
TCTGGTACATTCTTAGCGGG
||||||||||||||||||||
TCTGGTACATTCTTAGCGGG

>skpp-419-F:0+20 of 20 bc25mer_117407:0+20 of 25
GAAGGTTTGGCATCGAACTT
||||||||||||||||||||
GAAGGTTTGGCATCGAACTT

>skpp-420-F:0+20 of 20 bc25mer_121665:2+22 of 25
TATAGTAGGTTAGTGCGCGG
||||||||||||||||||||
TATAGTAGGTTAGTGCGCGG

>skpp-421-F:0+20 of 20 bc25mer_7613:0+20 of 25
TCAGTTGACACGTAGATCCC
||||||||||||||||||||
TCAGTTGACACGTAGATCCC

>skpp-422-F:0+20 of 20 bc25mer_3676:0+20 of 25
ATGAGGGAGCCCTATGTACT
||||||||||||||||||||
ATGAGGGAGCCCTATGTACT

>skpp-423-F:0+20 of 20 bc25mer_72640:1+21 of 25
TATTCGATGGAGGGTGAAGC
||||||||||||||||||||
TATTCGATGGAGGGTGAAGC

>skpp-424-F:0+20 of 20 bc25mer_19956:4+24 of 25
ATGTTACATCGAGCTGAGCT
||||||||||||||||||||
ATGTTACATCGAGCTGAGCT

>skpp-425-F:0+20 of 20 bc25mer_146616:2+22 of 25
ACAAACTGCAACACTCATCG
||||||||||||||||||||
ACAAACTGCAACACTCATCG

>skpp-426-F:0+20 of 20 bc25mer_19734:0+20 of 25
GAACATCTGTACCCCATGGA
||||||||||||||||||||
GAACATCTGTACCCCATGGA

>skpp-427-F:0+20 of 20 bc25mer_152774:2+22 of 25
AAGGTAGTGAATAGTGGGGC
||||||||||||||||||||
AAGGTAGTGAATAGTGGGGC

>skpp-428-F:0+20 of 20 bc25mer_70330:0+20 of 25
TTCGGGAGCGGATTATACAC
||||||||||||||||||||
TTCGGGAGCGGATTATACAC

>skpp-429-F:0+20 of 20 bc25mer_4256:0+20 of 25
AGTCAACTGTTCTACTCGGG
||||||||||||||||||||
AGTCAACTGTTCTACTCGGG

>skpp-430-F:0+20 of 20 bc25mer_45338:3+23 of 25
ACTTGCTACTCCACTCAGTG
||||||||||||||||||||
ACTTGCTACTCCACTCAGTG

>skpp-431-F:0+20 of 20 bc25mer_193124:3+23 of 25
TACTGATTGGCTTGGAGAGG
||||||||||||||||||||
TACTGATTGGCTTGGAGAGG

>skpp-432-F:0+20 of 20 bc25mer_5493:0+20 of 25
AGGTTTACGTGCGGTATGTA
||||||||||||||||||||
AGGTTTACGTGCGGTATGTA

>skpp-433-F:0+20 of 20 bc25mer_2886:2+22 of 25
ACGGTATTGACCTCGGTATC
||||||||||||||||||||
ACGGTATTGACCTCGGTATC

>skpp-434-F:0+20 of 20 bc25mer_44381:3+23 of 25
TTAAACGCTATTGGTGGCAC
||||||||||||||||||||
TTAAACGCTATTGGTGGCAC

>skpp-435-F:0+20 of 20 bc25mer_15495:2+22 of 25
AGGATAGGTTCATGCCCTTG
||||||||||||||||||||
AGGATAGGTTCATGCCCTTG

>skpp-436-F:0+20 of 20 bc25mer_197570:4+24 of 25
GTCCAGCATTCAATTCGACC
||||||||||||||||||||
GTCCAGCATTCAATTCGACC

>skpp-437-F:0+20 of 20 bc25mer_33334:0+20 of 25
CTAGTAACGTACCGAGAGGC
||||||||||||||||||||
CTAGTAACGTACCGAGAGGC

>skpp-438-F:0+20 of 20 bc25mer_1156:0+20 of 25
TTCGAGCCCAGACTTAAGTC
||||||||||||||||||||
TTCGAGCCCAGACTTAAGTC

>skpp-439-F:0+20 of 20 bc25mer_204275:0+20 of 25
GACAATTTATGGGGAAGCGG
||||||||||||||||||||
GACAATTTATGGGGAAGCGG

>skpp-440-F:0+20 of 20 bc25mer_61426:0+20 of 25
CGGGGAACTAATAGCTCGAT
||||||||||||||||||||
CGGGGAACTAATAGCTCGAT

>skpp-441-F:0+20 of 20 bc25mer_6112:4+24 of 25
ATCTATGCTCTCTCGCAGTC
||||||||||||||||||||
ATCTATGCTCTCTCGCAGTC

>skpp-442-F:0+20 of 20 bc25mer_77862:1+21 of 25
ATTCCAATTTGCTTGCGTCA
||||||||||||||||||||
ATTCCAATTTGCTTGCGTCA

>skpp-443-F:0+20 of 20 bc25mer_88176:3+23 of 25
TCAACAGTCCGATCCATACC
||||||||||||||||||||
TCAACAGTCCGATCCATACC

>skpp-444-F:0+20 of 20 bc25mer_44411:0+20 of 25
AGGGCTCATTGTAATCGAGG
||||||||||||||||||||
AGGGCTCATTGTAATCGAGG

>skpp-445-F:0+20 of 20 bc25mer_119895:1+21 of 25
AAATGTTTCGCAGCTGTACC
||||||||||||||||||||
AAATGTTTCGCAGCTGTACC

>skpp-446-F:0+20 of 20 bc25mer_107882:1+21 of 25
TCTATATCTCGCTCCTCCGT
||||||||||||||||||||
TCTATATCTCGCTCCTCCGT

>skpp-447-F:0+20 of 20 bc25mer_186935:2+22 of 25
TCCGTTTTCAGTCAGTCACT
||||||||||||||||||||
TCCGTTTTCAGTCAGTCACT

>skpp-448-F:0+20 of 20 bc25mer_52197:0+20 of 25
TGACTGTGGGCTGTTCTATC
||||||||||||||||||||
TGACTGTGGGCTGTTCTATC

>skpp-449-F:0+20 of 20 bc25mer_147503:4+24 of 25
AGATTCTTCACTCTCGGACG
||||||||||||||||||||
AGATTCTTCACTCTCGGACG

>skpp-450-F:0+20 of 20 bc25mer_86733:1+21 of 25
GAGTTGAGCCTGTTTTGTCC
||||||||||||||||||||
GAGTTGAGCCTGTTTTGTCC

>skpp-451-F:0+20 of 20 bc25mer_52496:2+22 of 25
TGCTAGAAAGGGGTTTTGGA
||||||||||||||||||||
TGCTAGAAAGGGGTTTTGGA

>skpp-452-F:0+20 of 20 bc25mer_8831:0+20 of 25
CGTTCTGATACTTGTCCCCT
||||||||||||||||||||
CGTTCTGATACTTGTCCCCT

>skpp-453-F:0+20 of 20 bc25mer_4044:0+20 of 25
ATCTCATGGATTGGGTGACC
||||||||||||||||||||
ATCTCATGGATTGGGTGACC

>skpp-454-F:0+20 of 20 bc25mer_190024:1+21 of 25
TTGACATTTAGTTGCTCCGC
||||||||||||||||||||
TTGACATTTAGTTGCTCCGC

>skpp-455-F:0+20 of 20 bc25mer_73353:1+21 of 25
ATAGTAGACGTTCACCGCTC
||||||||||||||||||||
ATAGTAGACGTTCACCGCTC

>skpp-456-F:0+20 of 20 bc25mer_71215:0+20 of 25
GTTAGACCCGTTCCAGAAGT
||||||||||||||||||||
GTTAGACCCGTTCCAGAAGT

>skpp-457-F:0+20 of 20 bc25mer_101620:4+24 of 25
CTATGTCCCTCATCGTAGGC
||||||||||||||||||||
CTATGTCCCTCATCGTAGGC

>skpp-458-F:0+20 of 20 bc25mer_41654:2+22 of 25
GACCTATTGACGTGCTTTCG
||||||||||||||||||||
GACCTATTGACGTGCTTTCG

>skpp-459-F:0+20 of 20 bc25mer_9194:3+23 of 25
AAGCTCACCCTTTAGCTAGC
||||||||||||||||||||
AAGCTCACCCTTTAGCTAGC

>skpp-460-F:0+20 of 20 bc25mer_22430:0+20 of 25
ACTCTTTAGCGAAAGTCCCC
||||||||||||||||||||
ACTCTTTAGCGAAAGTCCCC

>skpp-461-F:0+20 of 20 bc25mer_52559:3+23 of 25
TGACATATACCCGTGTCACC
||||||||||||||||||||
TGACATATACCCGTGTCACC

>skpp-462-F:0+20 of 20 bc25mer_29186:2+22 of 25
ACGATATTTCCTCAGGTGGG
||||||||||||||||||||
ACGATATTTCCTCAGGTGGG

>skpp-463-F:0+20 of 20 bc25mer_6052:0+20 of 25
GAGTAATTACCGTCGGGACA
||||||||||||||||||||
GAGTAATTACCGTCGGGACA

>skpp-464-F:0+20 of 20 bc25mer_872:2+22 of 25
TTATCTATGGGGATCACGCC
||||||||||||||||||||
TTATCTATGGGGATCACGCC

>skpp-465-F:0+20 of 20 bc25mer_7102:3+23 of 25
AACCAGCCAAGCCTATAACA
||||||||||||||||||||
AACCAGCCAAGCCTATAACA

>skpp-466-F:0+20 of 20 bc25mer_184262:1+21 of 25
CTCGGTTTTCTTGTACCAGC
||||||||||||||||||||
CTCGGTTTTCTTGTACCAGC

>skpp-467-F:0+20 of 20 bc25mer_152670:4+24 of 25
CTAGATCGTACTGGTTCGGG
||||||||||||||||||||
CTAGATCGTACTGGTTCGGG

>skpp-468-F:0+20 of 20 bc25mer_17961:2+22 of 25
ATCTTGTATGGGGCCATTCC
||||||||||||||||||||
ATCTTGTATGGGGCCATTCC

>skpp-469-F:0+20 of 20 bc25mer_27459:2+22 of 25
CATACGCTCATTTACGACGG
||||||||||||||||||||
CATACGCTCATTTACGACGG

>skpp-470-F:0+20 of 20 bc25mer_218172:0+20 of 25
CCGTAGATAACACAACGCAG
||||||||||||||||||||
CCGTAGATAACACAACGCAG

>skpp-471-F:0+20 of 20 bc25mer_40902:0+20 of 25
AGTAACGGCTTGCTCACTTA
||||||||||||||||||||
AGTAACGGCTTGCTCACTTA

>skpp-472-F:0+20 of 20 bc25mer_5425:1+21 of 25
TAGCGAAGGTAGTGCTATCG
||||||||||||||||||||
TAGCGAAGGTAGTGCTATCG

>skpp-473-F:0+20 of 20 bc25mer_33747:0+20 of 25
GCAATTTAAGTGCCTCGGAA
||||||||||||||||||||
GCAATTTAAGTGCCTCGGAA

>skpp-474-F:0+20 of 20 bc25mer_82732:1+21 of 25
TCCAATATACATCGGGGACG
||||||||||||||||||||
TCCAATATACATCGGGGACG

>skpp-475-F:0+20 of 20 bc25mer_129637:0+20 of 25
TCCGTGTCTATTTGGTGAGG
||||||||||||||||||||
TCCGTGTCTATTTGGTGAGG

>skpp-476-F:0+20 of 20 bc25mer_24421:0+20 of 25
GAGTCTGAACGATGCCCTAT
||||||||||||||||||||
GAGTCTGAACGATGCCCTAT

>skpp-477-F:0+20 of 20 bc25mer_101274:0+20 of 25
TTTCTAGTTGGGTGTCTCGG
||||||||||||||||||||
TTTCTAGTTGGGTGTCTCGG

>skpp-478-F:0+20 of 20 bc25mer_49554:0+20 of 25
GTTTCTGGAGGCTAATTCGC
||||||||||||||||||||
GTTTCTGGAGGCTAATTCGC

>skpp-479-F:0+20 of 20 bc25mer_159:1+21 of 25
TAGTTTTCTCATTTCGCGCC
||||||||||||||||||||
TAGTTTTCTCATTTCGCGCC

>skpp-480-F:0+20 of 20 bc25mer_16902:1+21 of 25
TATCGAGCTGATTCCAACGT
||||||||||||||||||||
TATCGAGCTGATTCCAACGT

>skpp-481-F:0+20 of 20 bc25mer_164723:1+21 of 25
ATGCGTCTTTTGCACTTCTC
||||||||||||||||||||
ATGCGTCTTTTGCACTTCTC

>skpp-482-F:0+20 of 20 bc25mer_12215:0+20 of 25
CGTCGACTAGACCTGATCAG
||||||||||||||||||||
CGTCGACTAGACCTGATCAG

>skpp-483-F:0+20 of 20 bc25mer_67671:1+21 of 25
CTACCCACTGTCTCGATTGT
||||||||||||||||||||
CTACCCACTGTCTCGATTGT

>skpp-484-F:0+20 of 20 bc25mer_54658:1+21 of 25
TTGTTTGCGGACACTTGTAC
||||||||||||||||||||
TTGTTTGCGGACACTTGTAC

>skpp-485-F:0+20 of 20 bc25mer_43949:0+20 of 25
AGGACCATTTCATCTCGTGT
||||||||||||||||||||
AGGACCATTTCATCTCGTGT

>skpp-486-F:0+20 of 20 bc25mer_45467:3+23 of 25
TGTATGTGTCCCTCCCTTTG
||||||||||||||||||||
TGTATGTGTCCCTCCCTTTG

>skpp-487-F:0+20 of 20 bc25mer_17037:0+20 of 25
CGGGATACGTCCTATTGTGT
||||||||||||||||||||
CGGGATACGTCCTATTGTGT

>skpp-488-F:0+20 of 20 bc25mer_108221:0+20 of 25
ACGTGCGTATCCTTTATCCA
||||||||||||||||||||
ACGTGCGTATCCTTTATCCA

>skpp-489-F:0+20 of 20 bc25mer_24431:0+20 of 25
CAGATTTGTGTAGCGTCACC
||||||||||||||||||||
CAGATTTGTGTAGCGTCACC

>skpp-490-F:0+20 of 20 bc25mer_1609:0+20 of 25
CCGAACACAGATAGCGTTCT
||||||||||||||||||||
CCGAACACAGATAGCGTTCT

>skpp-491-F:0+20 of 20 bc25mer_69251:3+23 of 25
TAAGAGGGTGTTGTGTACCG
||||||||||||||||||||
TAAGAGGGTGTTGTGTACCG

>skpp-492-F:0+20 of 20 bc25mer_4618:0+20 of 25
CTGGTCGAAGCCTCTAATGA
||||||||||||||||||||
CTGGTCGAAGCCTCTAATGA

>skpp-493-F:0+20 of 20 bc25mer_109353:0+20 of 25
GCCCAAGGTAATGTCAATCG
||||||||||||||||||||
GCCCAAGGTAATGTCAATCG

>skpp-494-F:0+20 of 20 bc25mer_104168:0+20 of 25
GTTACTCATTCTGCACGTCG
||||||||||||||||||||
GTTACTCATTCTGCACGTCG

>skpp-495-F:0+20 of 20 bc25mer_3506:3+23 of 25
CATACTGAGGCTTTCATGCC
||||||||||||||||||||
CATACTGAGGCTTTCATGCC

>skpp-496-F:0+20 of 20 bc25mer_82114:0+20 of 25
GTGAGATGTCCGCTCTGTAT
||||||||||||||||||||
GTGAGATGTCCGCTCTGTAT

>skpp-497-F:0+20 of 20 bc25mer_6569:2+22 of 25
ACCACGAAACCTCCTATTCC
||||||||||||||||||||
ACCACGAAACCTCCTATTCC

>skpp-498-F:0+20 of 20 bc25mer_70326:0+20 of 25
AGATTCGTAGAGGTGCTCAC
||||||||||||||||||||
AGATTCGTAGAGGTGCTCAC

>skpp-499-F:0+20 of 20 bc25mer_89997:0+20 of 25
GACTGACGTAACCACCCTAG
||||||||||||||||||||
GACTGACGTAACCACCCTAG

>skpp-500-F:0+20 of 20 bc25mer_17189:0+20 of 25
GCAAATTGGAACGGATACCC
||||||||||||||||||||
GCAAATTGGAACGGATACCC

>skpp-501-F:0+20 of 20 bc25mer_50697:0+20 of 25
TAAGCGCCCTTCTAATACCC
||||||||||||||||||||
TAAGCGCCCTTCTAATACCC

>skpp-502-F:0+20 of 20 bc25mer_209068:0+20 of 25
GTGCTATCGTACTAGGTGCA
||||||||||||||||||||
GTGCTATCGTACTAGGTGCA

>skpp-503-F:0+20 of 20 bc25mer_226485:2+22 of 25
AGGTCTGGCCCTATATACGA
||||||||||||||||||||
AGGTCTGGCCCTATATACGA

>skpp-504-F:0+20 of 20 bc25mer_47799:3+23 of 25
ATCGGGGATGGTAACTAACG
||||||||||||||||||||
ATCGGGGATGGTAACTAACG

>skpp-505-F:0+20 of 20 bc25mer_27232:0+20 of 25
GATGTGCACGGAGTAGAGAA
||||||||||||||||||||
GATGTGCACGGAGTAGAGAA

>skpp-506-F:0+20 of 20 bc25mer_29831:1+21 of 25
CCTGTTTAGGAAATGCTGCC
||||||||||||||||||||
CCTGTTTAGGAAATGCTGCC

>skpp-507-F:0+20 of 20 bc25mer_895:1+21 of 25
TACATGAGGATGGTTCACGG
||||||||||||||||||||
TACATGAGGATGGTTCACGG

>skpp-508-F:0+20 of 20 bc25mer_136018:0+20 of 25
CTTAGTTATTCTCCGCCGGA
||||||||||||||||||||
CTTAGTTATTCTCCGCCGGA

>skpp-509-F:0+20 of 20 bc25mer_19429:2+22 of 25
TGGCACGGATATGGATAACC
||||||||||||||||||||
TGGCACGGATATGGATAACC

>skpp-510-F:0+20 of 20 bc25mer_4309:1+21 of 25
TGGCTAGTATTACTCACGGC
||||||||||||||||||||
TGGCTAGTATTACTCACGGC

>skpp-511-F:0+20 of 20 bc25mer_15755:4+24 of 25
TTGTTAGGTTTACTCGCGGA
||||||||||||||||||||
TTGTTAGGTTTACTCGCGGA

>skpp-512-F:0+20 of 20 bc25mer_14154:4+24 of 25
TATATTTGTTTCGACCGCGC
||||||||||||||||||||
TATATTTGTTTCGACCGCGC

>skpp-513-F:0+20 of 20 bc25mer_37912:4+24 of 25
AGTCTTGGGATCTTGTACCG
||||||||||||||||||||
AGTCTTGGGATCTTGTACCG

>skpp-514-F:0+20 of 20 bc25mer_2150:0+20 of 25
ATTGGTTGGCCGAAAGACTA
||||||||||||||||||||
ATTGGTTGGCCGAAAGACTA

>skpp-515-F:0+20 of 20 bc25mer_15427:0+20 of 25
ATAGTGCTGTAGTGGAACCG
||||||||||||||||||||
ATAGTGCTGTAGTGGAACCG

>skpp-516-F:0+20 of 20 bc25mer_29038:1+21 of 25
CGTGTAGTGTGAATATGCGG
||||||||||||||||||||
CGTGTAGTGTGAATATGCGG

>skpp-517-F:0+20 of 20 bc25mer_25695:2+22 of 25
TCGCGAATTTTCCTTTACGG
||||||||||||||||||||
TCGCGAATTTTCCTTTACGG

>skpp-518-F:0+20 of 20 bc25mer_106257:3+23 of 25
AGATCGTTAGTCGTTCTCCG
||||||||||||||||||||
AGATCGTTAGTCGTTCTCCG

>skpp-519-F:0+20 of 20 bc25mer_1436:4+24 of 25
TCGAAAGACGAGAGACTGAC
||||||||||||||||||||
TCGAAAGACGAGAGACTGAC

>skpp-520-F:0+20 of 20 bc25mer_24335:3+23 of 25
GTGAGTGGGTGTTTTAAGCC
||||||||||||||||||||
GTGAGTGGGTGTTTTAAGCC

>skpp-521-F:0+20 of 20 bc25mer_6830:2+22 of 25
TGTATCCTCGTGATTCACCC
||||||||||||||||||||
TGTATCCTCGTGATTCACCC

>skpp-522-F:0+20 of 20 bc25mer_170604:2+22 of 25
AGTAGGGGAGCGGTTACTTA
||||||||||||||||||||
AGTAGGGGAGCGGTTACTTA

>skpp-523-F:0+20 of 20 bc25mer_76227:0+20 of 25
GGCACGCTTATAAATGACCG
||||||||||||||||||||
GGCACGCTTATAAATGACCG

>skpp-524-F:0+20 of 20 bc25mer_16230:1+21 of 25
TTGTTATATACGGCCTCCGG
||||||||||||||||||||
TTGTTATATACGGCCTCCGG

>skpp-525-F:0+20 of 20 bc25mer_485:0+20 of 25
GAATGGTCCGCTTCTATTGC
||||||||||||||||||||
GAATGGTCCGCTTCTATTGC

>skpp-526-F:0+20 of 20 bc25mer_131982:1+21 of 25
TACATCATGCTCCTCTTGGG
||||||||||||||||||||
TACATCATGCTCCTCTTGGG

>skpp-527-F:0+20 of 20 bc25mer_59389:2+22 of 25
TTCCTCGCTACTAGCCAATC
||||||||||||||||||||
TTCCTCGCTACTAGCCAATC

>skpp-528-F:0+20 of 20 bc25mer_81130:0+20 of 25
ACTACTCGGAAATGGATCGC
||||||||||||||||||||
ACTACTCGGAAATGGATCGC

>skpp-529-F:0+20 of 20 bc25mer_143030:2+22 of 25
AGTCCATTTATTGCCTCGGT
||||||||||||||||||||
AGTCCATTTATTGCCTCGGT

>skpp-530-F:0+20 of 20 bc25mer_234645:2+22 of 25
AGTGGTCTGTAAACCGTACC
||||||||||||||||||||
AGTGGTCTGTAAACCGTACC

>skpp-531-F:0+20 of 20 bc25mer_47927:2+22 of 25
ATTAACCTATTCCTGCGGCT
||||||||||||||||||||
ATTAACCTATTCCTGCGGCT

>skpp-532-F:0+20 of 20 bc25mer_24276:1+21 of 25
CTGATTTAGAGGGATCGCGA
||||||||||||||||||||
CTGATTTAGAGGGATCGCGA

>skpp-533-F:0+20 of 20 bc25mer_3389:1+21 of 25
TGGTACTGTCCTACCCCATA
||||||||||||||||||||
TGGTACTGTCCTACCCCATA

>skpp-534-F:0+20 of 20 bc25mer_134590:4+24 of 25
ATTACACCCGACTGTGGTAG
||||||||||||||||||||
ATTACACCCGACTGTGGTAG

>skpp-535-F:0+20 of 20 bc25mer_78057:0+20 of 25
CGATCGATGCTCTCTGACTT
||||||||||||||||||||
CGATCGATGCTCTCTGACTT

>skpp-536-F:0+20 of 20 bc25mer_103125:0+20 of 25
ACGCCCAGTATGAAAGTTGA
||||||||||||||||||||
ACGCCCAGTATGAAAGTTGA

>skpp-537-F:0+20 of 20 bc25mer_186744:0+20 of 25
GAGGTGTATTACGGACTGCA
||||||||||||||||||||
GAGGTGTATTACGGACTGCA

>skpp-538-F:0+20 of 20 bc25mer_13014:0+20 of 25
TCTCTTGCTCAGGCAGTATG
||||||||||||||||||||
TCTCTTGCTCAGGCAGTATG

>skpp-539-F:0+20 of 20 bc25mer_4605:3+23 of 25
ATTATGAGGTGTAGACCCGC
||||||||||||||||||||
ATTATGAGGTGTAGACCCGC

>skpp-540-F:0+20 of 20 bc25mer_52832:3+23 of 25
GGTCCTTCCATAAAACAGCG
||||||||||||||||||||
GGTCCTTCCATAAAACAGCG

>skpp-541-F:0+20 of 20 bc25mer_2120:0+20 of 25
CGGGTGAGCATATAACTTGC
||||||||||||||||||||
CGGGTGAGCATATAACTTGC

>skpp-542-F:0+20 of 20 bc25mer_10280:0+20 of 25
GCTCTTTAGTGCGTTCGTTT
||||||||||||||||||||
GCTCTTTAGTGCGTTCGTTT

>skpp-543-F:0+20 of 20 bc25mer_166189:3+23 of 25
CGCTAGTTAGTCCTCTCGAC
||||||||||||||||||||
CGCTAGTTAGTCCTCTCGAC

>skpp-544-F:0+20 of 20 bc25mer_3088:0+20 of 25
ACACAATACCATTGGCAGGA
||||||||||||||||||||
ACACAATACCATTGGCAGGA

>skpp-545-F:0+20 of 20 bc25mer_171149:1+21 of 25
TATGTATGCGTATGAGGGGC
||||||||||||||||||||
TATGTATGCGTATGAGGGGC

>skpp-546-F:0+20 of 20 bc25mer_174079:0+20 of 25
TCCTTAGATTTCGTCCCAGC
||||||||||||||||||||
TCCTTAGATTTCGTCCCAGC

>skpp-547-F:0+20 of 20 bc25mer_1527:0+20 of 25
ACAGGGTATATTGAGTGCCC
||||||||||||||||||||
ACAGGGTATATTGAGTGCCC

>skpp-548-F:0+20 of 20 bc25mer_3130:0+20 of 25
GGGTAACCCATTGGCTTTTC
||||||||||||||||||||
GGGTAACCCATTGGCTTTTC

>skpp-549-F:0+20 of 20 bc25mer_5078:3+23 of 25
ATAATGTACGTGGACTCGCA
||||||||||||||||||||
ATAATGTACGTGGACTCGCA

>skpp-550-F:0+20 of 20 bc25mer_14278:2+22 of 25
GAAAAGTCCCAATGAGTGCC
||||||||||||||||||||
GAAAAGTCCCAATGAGTGCC

>skpp-551-F:0+20 of 20 bc25mer_8949:1+21 of 25
GGGGTTAAGTAACGCACCTA
||||||||||||||||||||
GGGGTTAAGTAACGCACCTA

>skpp-552-F:0+20 of 20 bc25mer_235807:3+23 of 25
TATCGTTCCTGCTAACTCGG
||||||||||||||||||||
TATCGTTCCTGCTAACTCGG

>skpp-553-F:0+20 of 20 bc25mer_117421:1+21 of 25
TTCTTTGTGCCACCCTTACT
||||||||||||||||||||
TTCTTTGTGCCACCCTTACT

>skpp-554-F:0+20 of 20 bc25mer_16179:0+20 of 25
TGAAGTCAACATGGGCTGTA
||||||||||||||||||||
TGAAGTCAACATGGGCTGTA

>skpp-555-F:0+20 of 20 bc25mer_37177:0+20 of 25
ATTATAACGGCTTTGCTCGC
||||||||||||||||||||
ATTATAACGGCTTTGCTCGC

>skpp-556-F:0+20 of 20 bc25mer_654:0+20 of 25
GCATCAAGGATACGCATCAC
||||||||||||||||||||
GCATCAAGGATACGCATCAC

>skpp-557-F:0+20 of 20 bc25mer_178989:2+22 of 25
TATGATCCCCTTTCCAAGGC
||||||||||||||||||||
TATGATCCCCTTTCCAAGGC

>skpp-558-F:0+20 of 20 bc25mer_121786:1+21 of 25
GCATCATTTATTCCGTGCCA
||||||||||||||||||||
GCATCATTTATTCCGTGCCA

>skpp-559-F:0+20 of 20 bc25mer_154607:0+20 of 25
GACCCGGCAAGAAGTCATAT
||||||||||||||||||||
GACCCGGCAAGAAGTCATAT

>skpp-560-F:0+20 of 20 bc25mer_6201:3+23 of 25
CTCATAGGGGTAAACCACCG
||||||||||||||||||||
CTCATAGGGGTAAACCACCG

>skpp-561-F:0+20 of 20 bc25mer_92772:0+20 of 25
TAGTGACCTAATGCCATGGG
||||||||||||||||||||
TAGTGACCTAATGCCATGGG

>skpp-562-F:0+20 of 20 bc25mer_64072:0+20 of 25
TATTAGGACTCTACCCGCCT
||||||||||||||||||||
TATTAGGACTCTACCCGCCT

>skpp-563-F:0+20 of 20 bc25mer_169103:0+20 of 25
ATCCGATGTTCTGGTACTCG
||||||||||||||||||||
ATCCGATGTTCTGGTACTCG

>skpp-564-F:0+20 of 20 bc25mer_844:3+23 of 25
CATGTAGGACTTTCAACCGC
||||||||||||||||||||
CATGTAGGACTTTCAACCGC

>skpp-565-F:0+20 of 20 bc25mer_58583:3+23 of 25
AATCCTCACTTCCGAATGCT
||||||||||||||||||||
AATCCTCACTTCCGAATGCT

>skpp-566-F:0+20 of 20 bc25mer_155845:1+21 of 25
TGTATTCTTTGCTTCGTGCC
||||||||||||||||||||
TGTATTCTTTGCTTCGTGCC

>skpp-567-F:0+20 of 20 bc25mer_17384:0+20 of 25
GATAGGGCCAGTACGTAGTG
||||||||||||||||||||
GATAGGGCCAGTACGTAGTG

>skpp-568-F:0+20 of 20 bc25mer_6420:1+21 of 25
GTCCATGTACAAGCGATTGC
||||||||||||||||||||
GTCCATGTACAAGCGATTGC

>skpp-569-F:0+20 of 20 bc25mer_167793:0+20 of 25
CCGACATTTAGACAAGGTGC
||||||||||||||||||||
CCGACATTTAGACAAGGTGC

>skpp-570-F:0+20 of 20 bc25mer_5573:0+20 of 25
TTCTTGGGAAGGATCTCCAC
||||||||||||||||||||
TTCTTGGGAAGGATCTCCAC

>skpp-571-F:0+20 of 20 bc25mer_59499:0+20 of 25
TAAGACGTTTCGAAGCCCTT
||||||||||||||||||||
TAAGACGTTTCGAAGCCCTT

>skpp-572-F:0+20 of 20 bc25mer_133464:0+20 of 25
TTTGCATATCGGAATGTGCC
||||||||||||||||||||
TTTGCATATCGGAATGTGCC

>skpp-573-F:0+20 of 20 bc25mer_20626:0+20 of 25
ACTAGGTTATCACGCCAGAC
||||||||||||||||||||
ACTAGGTTATCACGCCAGAC

>skpp-574-F:0+20 of 20 bc25mer_41736:0+20 of 25
GTTGCCATCTCACAAATCGT
||||||||||||||||||||
GTTGCCATCTCACAAATCGT

>skpp-575-F:0+20 of 20 bc25mer_202056:0+20 of 25
CGTAGTGTTCTCGCTGTTTG
||||||||||||||||||||
CGTAGTGTTCTCGCTGTTTG

>skpp-576-F:0+20 of 20 bc25mer_142112:1+21 of 25
AGAACCCAACGTATGACCAA
||||||||||||||||||||
AGAACCCAACGTATGACCAA

>skpp-577-F:0+20 of 20 bc25mer_37305:0+20 of 25
GGCTCGGATGCTATGTGATA
||||||||||||||||||||
GGCTCGGATGCTATGTGATA

>skpp-578-F:0+20 of 20 bc25mer_108200:2+22 of 25
TATGTTGACGTTGTTTCCGC
||||||||||||||||||||
TATGTTGACGTTGTTTCCGC

>skpp-579-F:0+20 of 20 bc25mer_1931:0+20 of 25
AAGTGGATGCCATATTCGGA
||||||||||||||||||||
AAGTGGATGCCATATTCGGA

>skpp-580-F:0+20 of 20 bc25mer_131902:1+21 of 25
TCTATTTTGGTCGTTCCGGT
||||||||||||||||||||
TCTATTTTGGTCGTTCCGGT

>skpp-581-F:0+20 of 20 bc25mer_69381:0+20 of 25
TGCCTTTCTAAAACCGGAGT
||||||||||||||||||||
TGCCTTTCTAAAACCGGAGT

>skpp-582-F:0+20 of 20 bc25mer_1858:2+22 of 25
TTGGCTAGATGATCGGTAGC
||||||||||||||||||||
TTGGCTAGATGATCGGTAGC

>skpp-583-F:0+20 of 20 bc25mer_181318:4+24 of 25
TAACCTAAACCCCAAAGCGA
||||||||||||||||||||
TAACCTAAACCCCAAAGCGA

>skpp-584-F:0+20 of 20 bc25mer_97823:0+20 of 25
TTTACCACCTTAACCTCGCA
||||||||||||||||||||
TTTACCACCTTAACCTCGCA

>skpp-585-F:0+20 of 20 bc25mer_8605:1+21 of 25
ACTATGCATTCGCACACTTG
||||||||||||||||||||
ACTATGCATTCGCACACTTG

>skpp-586-F:0+20 of 20 bc25mer_33828:1+21 of 25
ATCTGCGAGTGCAAGACTTA
||||||||||||||||||||
ATCTGCGAGTGCAAGACTTA

>skpp-587-F:0+20 of 20 bc25mer_6879:0+20 of 25
GACGTATGCGGACTAATTGC
||||||||||||||||||||
GACGTATGCGGACTAATTGC

>skpp-588-F:0+20 of 20 bc25mer_11213:0+20 of 25
CAAGGGCGTTCCACTCTATA
||||||||||||||||||||
CAAGGGCGTTCCACTCTATA

>skpp-589-F:0+20 of 20 bc25mer_188490:1+21 of 25
TAGTGGATTATCGTTGGCGT
||||||||||||||||||||
TAGTGGATTATCGTTGGCGT

>skpp-590-F:0+20 of 20 bc25mer_656:0+20 of 25
ATGACACGCTGCGAAAGATA
||||||||||||||||||||
ATGACACGCTGCGAAAGATA

>skpp-591-F:0+20 of 20 bc25mer_134997:0+20 of 25
GCCTATCCTCTAGTTCTGCC
||||||||||||||||||||
GCCTATCCTCTAGTTCTGCC

>skpp-592-F:0+20 of 20 bc25mer_1943:0+20 of 25
GTGGGCTAGCTGTACATACA
||||||||||||||||||||
GTGGGCTAGCTGTACATACA

>skpp-593-F:0+20 of 20 bc25mer_1958:0+20 of 25
GCAGGATTATTTTCGGCCTC
||||||||||||||||||||
GCAGGATTATTTTCGGCCTC

>skpp-594-F:0+20 of 20 bc25mer_3809:1+21 of 25
GTGAGTCATGCTTCCATTCG
||||||||||||||||||||
GTGAGTCATGCTTCCATTCG

>skpp-595-F:0+20 of 20 bc25mer_125790:1+21 of 25
AACACACCTACCTCTAGCAC
||||||||||||||||||||
AACACACCTACCTCTAGCAC

>skpp-596-F:0+20 of 20 bc25mer_39595:1+21 of 25
TAAGATAGCACCACGGATGG
||||||||||||||||||||
TAAGATAGCACCACGGATGG

>skpp-597-F:0+20 of 20 bc25mer_21394:4+24 of 25
CTCTATATGCAGGCTCTCCG
||||||||||||||||||||
CTCTATATGCAGGCTCTCCG

>skpp-598-F:0+20 of 20 bc25mer_7876:3+23 of 25
TACTATTTAAGGTGGCCCGG
||||||||||||||||||||
TACTATTTAAGGTGGCCCGG

>skpp-599-F:0+20 of 20 bc25mer_200201:0+20 of 25
ATTATCAGGCTTCGGTCCAG
||||||||||||||||||||
ATTATCAGGCTTCGGTCCAG

>skpp-600-F:0+20 of 20 bc25mer_1949:0+20 of 25
CTTAGGATGCGTACTCCCTG
||||||||||||||||||||
CTTAGGATGCGTACTCCCTG

>skpp-601-F:0+20 of 20 bc25mer_9795:0+20 of 25
ATGTACGATAGGCCATGGAC
||||||||||||||||||||
ATGTACGATAGGCCATGGAC

>skpp-602-F:0+20 of 20 bc25mer_7666:0+20 of 25
GGGGCTTTCGGGATACTTAA
||||||||||||||||||||
GGGGCTTTCGGGATACTTAA

>skpp-603-F:0+20 of 20 bc25mer_3736:4+24 of 25
TGTGCGTTATTAATTGCCGG
||||||||||||||||||||
TGTGCGTTATTAATTGCCGG

>skpp-604-F:0+20 of 20 bc25mer_19356:1+21 of 25
ATGGGAGGTGATACTAACGC
||||||||||||||||||||
ATGGGAGGTGATACTAACGC

>skpp-605-F:0+20 of 20 bc25mer_11657:0+20 of 25
ATCCGGGTGGTGTATACTCT
||||||||||||||||||||
ATCCGGGTGGTGTATACTCT

>skpp-606-F:0+20 of 20 bc25mer_82651:0+20 of 25
GATTCTCGTAGGGTCGGAAG
||||||||||||||||||||
GATTCTCGTAGGGTCGGAAG

>skpp-607-F:0+20 of 20 bc25mer_109040:4+24 of 25
ACGATGGGGACATAGAACAC
||||||||||||||||||||
ACGATGGGGACATAGAACAC

>skpp-608-F:0+20 of 20 bc25mer_81308:0+20 of 25
TACTATCTTGAAACCCCGGC
||||||||||||||||||||
TACTATCTTGAAACCCCGGC

>skpp-609-F:0+20 of 20 bc25mer_108157:0+20 of 25
CCGATACCCGATCTTACACG
||||||||||||||||||||
CCGATACCCGATCTTACACG

>skpp-610-F:0+20 of 20 bc25mer_69920:1+21 of 25
AGTCATAATGGGGAATCCGG
||||||||||||||||||||
AGTCATAATGGGGAATCCGG

>skpp-611-F:0+20 of 20 bc25mer_67306:2+22 of 25
TCTGTTAACTGAGTCGGAGC
||||||||||||||||||||
TCTGTTAACTGAGTCGGAGC

>skpp-612-F:0+20 of 20 bc25mer_194196:0+20 of 25
CATTTCTGTGTTCGCGTTCT
||||||||||||||||||||
CATTTCTGTGTTCGCGTTCT

>skpp-613-F:0+20 of 20 bc25mer_45791:2+22 of 25
TACTTGTGTTGGGGTATGGG
||||||||||||||||||||
TACTTGTGTTGGGGTATGGG

>skpp-614-F:0+20 of 20 bc25mer_3939:0+20 of 25
GTTGGACCATACGTCAGGAA
||||||||||||||||||||
GTTGGACCATACGTCAGGAA

>skpp-615-F:0+20 of 20 bc25mer_176193:0+20 of 25
TGGCGAGATCAAAGGTAGTC
||||||||||||||||||||
TGGCGAGATCAAAGGTAGTC

>skpp-616-F:0+20 of 20 bc25mer_136880:3+23 of 25
AGATAGGGGTGAAATTCGGG
||||||||||||||||||||
AGATAGGGGTGAAATTCGGG

>skpp-617-F:0+20 of 20 bc25mer_9111:2+22 of 25
TTACAGGCGGATCTCTTACG
||||||||||||||||||||
TTACAGGCGGATCTCTTACG

>skpp-618-F:0+20 of 20 bc25mer_69173:2+22 of 25
AGAATTAATTTAGCGGGCGC
||||||||||||||||||||
AGAATTAATTTAGCGGGCGC

>skpp-619-F:0+20 of 20 bc25mer_167928:2+22 of 25
TAGCACATCCGTAGTTTCGT
||||||||||||||||||||
TAGCACATCCGTAGTTTCGT

>skpp-620-F:0+20 of 20 bc25mer_1297:3+23 of 25
TTACGTTTGGTCCCAAGACA
||||||||||||||||||||
TTACGTTTGGTCCCAAGACA

>skpp-621-F:0+20 of 20 bc25mer_8940:0+20 of 25
CTGAGGGTTTAGGAGCTCTC
||||||||||||||||||||
CTGAGGGTTTAGGAGCTCTC

>skpp-622-F:0+20 of 20 bc25mer_89401:0+20 of 25
GTTCAGAGGTACGAACCCTC
||||||||||||||||||||
GTTCAGAGGTACGAACCCTC

>skpp-623-F:0+20 of 20 bc25mer_17278:1+21 of 25
CGTGACGTTCAATCTTTGGG
||||||||||||||||||||
CGTGACGTTCAATCTTTGGG

>skpp-624-F:0+20 of 20 bc25mer_15569:1+21 of 25
TGTATATGCAGGCGAGATCC
||||||||||||||||||||
TGTATATGCAGGCGAGATCC

>skpp-625-F:0+20 of 20 bc25mer_203564:1+21 of 25
AGTGCTATGCCTTTCACTGA
||||||||||||||||||||
AGTGCTATGCCTTTCACTGA

>skpp-626-F:0+20 of 20 bc25mer_112353:3+23 of 25
TCTAAGTGATCTGGCCCATG
||||||||||||||||||||
TCTAAGTGATCTGGCCCATG

>skpp-627-F:0+20 of 20 bc25mer_105903:3+23 of 25
TGTCGTGTCTACACTAGCAC
||||||||||||||||||||
TGTCGTGTCTACACTAGCAC

>skpp-628-F:0+20 of 20 bc25mer_8715:0+20 of 25
ATGTCGTTAAATGGGACGCT
||||||||||||||||||||
ATGTCGTTAAATGGGACGCT

>skpp-629-F:0+20 of 20 bc25mer_76157:4+24 of 25
GGTTTCGTGTATTTTCCCCG
||||||||||||||||||||
GGTTTCGTGTATTTTCCCCG

>skpp-630-F:0+20 of 20 bc25mer_19012:1+21 of 25
CTAGGGGATGGTCCAATACG
||||||||||||||||||||
CTAGGGGATGGTCCAATACG

>skpp-631-F:0+20 of 20 bc25mer_32232:2+22 of 25
ATGACTTTTCACCTGTTGCG
||||||||||||||||||||
ATGACTTTTCACCTGTTGCG

>skpp-632-F:0+20 of 20 bc25mer_107549:2+22 of 25
AGGCCCTTTGCTCCTATAAC
||||||||||||||||||||
AGGCCCTTTGCTCCTATAAC

>skpp-633-F:0+20 of 20 bc25mer_114319:3+23 of 25
CGGTAAGCCAACATATCTGC
||||||||||||||||||||
CGGTAAGCCAACATATCTGC

>skpp-634-F:0+20 of 20 bc25mer_155733:0+20 of 25
CCTTATCTCGCCACCAACTA
||||||||||||||||||||
CCTTATCTCGCCACCAACTA

>skpp-635-F:0+20 of 20 bc25mer_217012:0+20 of 25
AACTTACTGTCCACTGGTCG
||||||||||||||||||||
AACTTACTGTCCACTGGTCG

>skpp-636-F:0+20 of 20 bc25mer_72050:0+20 of 25
AGCTCGCTACACGATTTCTT
||||||||||||||||||||
AGCTCGCTACACGATTTCTT

>skpp-637-F:0+20 of 20 bc25mer_177777:4+24 of 25
CACTCCCATAATTTGACGCG
||||||||||||||||||||
CACTCCCATAATTTGACGCG

>skpp-638-F:0+20 of 20 bc25mer_176:1+21 of 25
TGGGCCGATAAGTTGAGTAC
||||||||||||||||||||
TGGGCCGATAAGTTGAGTAC

>skpp-639-F:0+20 of 20 bc25mer_17366:2+22 of 25
ATGTTTACAGGTGTCTGCCT
||||||||||||||||||||
ATGTTTACAGGTGTCTGCCT

>skpp-640-F:0+20 of 20 bc25mer_997:0+20 of 25
TTCAGTCGATATTGCGGTCT
||||||||||||||||||||
TTCAGTCGATATTGCGGTCT

>skpp-641-F:0+20 of 20 bc25mer_9994:4+24 of 25
ATACGTGCGCTTTTCGATAC
||||||||||||||||||||
ATACGTGCGCTTTTCGATAC

>skpp-642-F:0+20 of 20 bc25mer_13616:0+20 of 25
TGTTCTATCGCGTTACGTGA
||||||||||||||||||||
TGTTCTATCGCGTTACGTGA

>skpp-643-F:0+20 of 20 bc25mer_1825:4+24 of 25
CAATGCGATCCAGTCATGTC
||||||||||||||||||||
CAATGCGATCCAGTCATGTC

>skpp-644-F:0+20 of 20 bc25mer_23013:0+20 of 25
GGAAACAATAACCATCGGCG
||||||||||||||||||||
GGAAACAATAACCATCGGCG

>skpp-645-F:0+20 of 20 bc25mer_102928:0+20 of 25
AGAGGATAGGGTTAGGGGTC
||||||||||||||||||||
AGAGGATAGGGTTAGGGGTC

>skpp-646-F:0+20 of 20 bc25mer_15942:2+22 of 25
CACGTTAGATCGTCCCTACC
||||||||||||||||||||
CACGTTAGATCGTCCCTACC

>skpp-647-F:0+20 of 20 bc25mer_130442:3+23 of 25
GTTTTATCACTCAGCGAGGC
||||||||||||||||||||
GTTTTATCACTCAGCGAGGC

>skpp-648-F:0+20 of 20 bc25mer_202449:0+20 of 25
ATGAACTCAACCACTCCCTG
||||||||||||||||||||
ATGAACTCAACCACTCCCTG

>skpp-649-F:0+20 of 20 bc25mer_182450:1+21 of 25
TCAACTTTGTAACACACCGC
||||||||||||||||||||
TCAACTTTGTAACACACCGC

>skpp-650-F:0+20 of 20 bc25mer_225490:0+20 of 25
TAGGACGACGATCCTTTTCG
||||||||||||||||||||
TAGGACGACGATCCTTTTCG

>skpp-651-F:0+20 of 20 bc25mer_73203:3+23 of 25
GTGGTACATTGTGAATGGGC
||||||||||||||||||||
GTGGTACATTGTGAATGGGC

>skpp-652-F:0+20 of 20 bc25mer_16092:2+22 of 25
AGCTCATTCTTTGTCCGAGT
||||||||||||||||||||
AGCTCATTCTTTGTCCGAGT

>skpp-653-F:0+20 of 20 bc25mer_90593:0+20 of 25
GATTGATGCGATGCCTCTTG
||||||||||||||||||||
GATTGATGCGATGCCTCTTG

>skpp-654-F:0+20 of 20 bc25mer_147932:4+24 of 25
AGATTTGGACCTGGATGCTT
||||||||||||||||||||
AGATTTGGACCTGGATGCTT

>skpp-655-F:0+20 of 20 bc25mer_1518:0+20 of 25
TAGGCATCATACCCATGACG
||||||||||||||||||||
TAGGCATCATACCCATGACG

>skpp-656-F:0+20 of 20 bc25mer_83524:2+22 of 25
ACCGCCTCTATAACAGTTCG
||||||||||||||||||||
ACCGCCTCTATAACAGTTCG

>skpp-657-F:0+20 of 20 bc25mer_80936:0+20 of 25
TAGTTATGCTGTAGCGTGGG
||||||||||||||||||||
TAGTTATGCTGTAGCGTGGG

>skpp-658-F:0+20 of 20 bc25mer_221921:3+23 of 25
AGTATTGACTGGGTGTCGAC
||||||||||||||||||||
AGTATTGACTGGGTGTCGAC

>skpp-659-F:0+20 of 20 bc25mer_30939:3+23 of 25
AATCCGAGACTTATTGGGGC
||||||||||||||||||||
AATCCGAGACTTATTGGGGC

>skpp-660-F:0+20 of 20 bc25mer_16454:3+23 of 25
TAGCCATGAGGGAAGAATGC
||||||||||||||||||||
TAGCCATGAGGGAAGAATGC

>skpp-661-F:0+20 of 20 bc25mer_21542:1+21 of 25
ATGATAGCCACGACTAGCTG
||||||||||||||||||||
ATGATAGCCACGACTAGCTG

>skpp-662-F:0+20 of 20 bc25mer_34502:0+20 of 25
TTGCACTACTGTACACGTGA
||||||||||||||||||||
TTGCACTACTGTACACGTGA

>skpp-663-F:0+20 of 20 bc25mer_78136:1+21 of 25
AACTAGGTTTGTTTGTGCGG
||||||||||||||||||||
AACTAGGTTTGTTTGTGCGG

>skpp-664-F:0+20 of 20 bc25mer_20730:1+21 of 25
CTCATTGAAACATCTGGCCC
||||||||||||||||||||
CTCATTGAAACATCTGGCCC

>skpp-665-F:0+20 of 20 bc25mer_46409:0+20 of 25
CTTACCCGCTTGTCCAGTAT
||||||||||||||||||||
CTTACCCGCTTGTCCAGTAT

>skpp-666-F:0+20 of 20 bc25mer_36764:3+23 of 25
TGTTCTCGTTGCTTTGTGAC
||||||||||||||||||||
TGTTCTCGTTGCTTTGTGAC

>skpp-667-F:0+20 of 20 bc25mer_167931:3+23 of 25
CGTCTTAGTGGTAAGTCGCT
||||||||||||||||||||
CGTCTTAGTGGTAAGTCGCT

>skpp-668-F:0+20 of 20 bc25mer_45858:1+21 of 25
CAGGGCCTCATAAAACCCAT
||||||||||||||||||||
CAGGGCCTCATAAAACCCAT

>skpp-669-F:0+20 of 20 bc25mer_5028:1+21 of 25
GAACAGACTTAATGCGAGGC
||||||||||||||||||||
GAACAGACTTAATGCGAGGC

>skpp-670-F:0+20 of 20 bc25mer_18452:0+20 of 25
GACTGTGCATGCCTCATATG
||||||||||||||||||||
GACTGTGCATGCCTCATATG

>skpp-671-F:0+20 of 20 bc25mer_1226:0+20 of 25
AGTTCCGAAGGCCTACTTTC
||||||||||||||||||||
AGTTCCGAAGGCCTACTTTC

>skpp-672-F:0+20 of 20 bc25mer_2889:0+20 of 25
CTGATTTCGGAATGTACGCC
||||||||||||||||||||
CTGATTTCGGAATGTACGCC

>skpp-673-F:0+20 of 20 bc25mer_80106:0+20 of 25
CTCGATTATGGACGCCAGTA
||||||||||||||||||||
CTCGATTATGGACGCCAGTA

>skpp-674-F:0+20 of 20 bc25mer_169844:1+21 of 25
CGGTGCATTCACTTTAAGCT
||||||||||||||||||||
CGGTGCATTCACTTTAAGCT

>skpp-675-F:0+20 of 20 bc25mer_230774:0+20 of 25
CGAAATCGAATGCAGGGTTT
||||||||||||||||||||
CGAAATCGAATGCAGGGTTT

>skpp-676-F:0+20 of 20 bc25mer_87503:3+23 of 25
TTGATTAAGCCAGTTTCGCG
||||||||||||||||||||
TTGATTAAGCCAGTTTCGCG

>skpp-677-F:0+20 of 20 bc25mer_52868:0+20 of 25
CGCGTGATCAGAGTACATCT
||||||||||||||||||||
CGCGTGATCAGAGTACATCT

>skpp-678-F:0+20 of 20 bc25mer_229681:4+24 of 25
TGGATTATTCCACTTCGGGG
||||||||||||||||||||
TGGATTATTCCACTTCGGGG

>skpp-679-F:0+20 of 20 bc25mer_44000:1+21 of 25
TCCCAACAGACATCAGTAGC
||||||||||||||||||||
TCCCAACAGACATCAGTAGC

>skpp-680-F:0+20 of 20 bc25mer_2183:2+22 of 25
TGAAGTTACCTGGTGTTCCC
||||||||||||||||||||
TGAAGTTACCTGGTGTTCCC

>skpp-681-F:0+20 of 20 bc25mer_118340:0+20 of 25
GCCTATGACAGCACGAAATG
||||||||||||||||||||
GCCTATGACAGCACGAAATG

>skpp-682-F:0+20 of 20 bc25mer_4333:3+23 of 25
TACGAACGTCAATTCACCCT
||||||||||||||||||||
TACGAACGTCAATTCACCCT

>skpp-683-F:0+20 of 20 bc25mer_3046:4+24 of 25
ATGTCTACCCACAGCAAGAG
||||||||||||||||||||
ATGTCTACCCACAGCAAGAG

>skpp-684-F:0+20 of 20 bc25mer_179269:0+20 of 25
TTGGCGACTACGTGTAAAGA
||||||||||||||||||||
TTGGCGACTACGTGTAAAGA

>skpp-685-F:0+20 of 20 bc25mer_25667:0+20 of 25
AATGTTCATCGTGTGATGCC
||||||||||||||||||||
AATGTTCATCGTGTGATGCC

>skpp-686-F:0+20 of 20 bc25mer_10893:4+24 of 25
TTGCAGGGAGAAGAATACCC
||||||||||||||||||||
TTGCAGGGAGAAGAATACCC

>skpp-687-F:0+20 of 20 bc25mer_36909:2+22 of 25
ATACTGAGTACCCCTCGTGA
||||||||||||||||||||
ATACTGAGTACCCCTCGTGA

>skpp-688-F:0+20 of 20 bc25mer_70392:0+20 of 25
CCGAAGTACGCTCTGTGATA
||||||||||||||||||||
CCGAAGTACGCTCTGTGATA

>skpp-689-F:0+20 of 20 bc25mer_697:0+20 of 25
TGTCATTATCTGGGCTAGCC
||||||||||||||||||||
TGTCATTATCTGGGCTAGCC

>skpp-690-F:0+20 of 20 bc25mer_238622:0+20 of 25
TCTATGACGCATTCCGGTTC
||||||||||||||||||||
TCTATGACGCATTCCGGTTC

>skpp-691-F:0+20 of 20 bc25mer_109489:3+23 of 25
ATGTAATTCCTCGCACTCGT
||||||||||||||||||||
ATGTAATTCCTCGCACTCGT

>skpp-692-F:0+20 of 20 bc25mer_15332:0+20 of 25
TTACAGACCCAAACCTCAGG
||||||||||||||||||||
TTACAGACCCAAACCTCAGG

>skpp-693-F:0+20 of 20 bc25mer_42942:1+21 of 25
TAACACCGATGATGCTCTCC
||||||||||||||||||||
TAACACCGATGATGCTCTCC

>skpp-694-F:0+20 of 20 bc25mer_125669:1+21 of 25
CTATTCGCATTTGGGGTTCC
||||||||||||||||||||
CTATTCGCATTTGGGGTTCC

>skpp-695-F:0+20 of 20 bc25mer_83761:2+22 of 25
ACCACTTAAGACATAGCCCC
||||||||||||||||||||
ACCACTTAAGACATAGCCCC

>skpp-696-F:0+20 of 20 bc25mer_44573:4+24 of 25
TAAGATGGTTCGTTCGGAGG
||||||||||||||||||||
TAAGATGGTTCGTTCGGAGG

>skpp-697-F:0+20 of 20 bc25mer_198167:3+23 of 25
AATACCACCCTTCCTTAGCG
||||||||||||||||||||
AATACCACCCTTCCTTAGCG

>skpp-698-F:0+20 of 20 bc25mer_37740:0+20 of 25
GAGCCGTATACAACTCGACA
||||||||||||||||||||
GAGCCGTATACAACTCGACA

>skpp-699-F:0+20 of 20 bc25mer_163601:3+23 of 25
CATCAAGTATTTGCTCCGGC
||||||||||||||||||||
CATCAAGTATTTGCTCCGGC

>skpp-700-F:0+20 of 20 bc25mer_7425:0+20 of 25
TTCTGATGTGACTTTCCCGG
||||||||||||||||||||
TTCTGATGTGACTTTCCCGG

>skpp-701-F:0+20 of 20 bc25mer_26536:0+20 of 25
GATTGAAACGGTGACATCCG
||||||||||||||||||||
GATTGAAACGGTGACATCCG

>skpp-702-F:0+20 of 20 bc25mer_32979:0+20 of 25
GTTCCGTTAATTCGAGTGCC
||||||||||||||||||||
GTTCCGTTAATTCGAGTGCC

>skpp-703-F:0+20 of 20 bc25mer_189766:0+20 of 25
TGGTCGGCTGGAATGTTTAT
||||||||||||||||||||
TGGTCGGCTGGAATGTTTAT

>skpp-704-F:0+20 of 20 bc25mer_121422:0+20 of 25
TTTGTAAGAGGGTATGGGGC
||||||||||||||||||||
TTTGTAAGAGGGTATGGGGC

>skpp-705-F:0+20 of 20 bc25mer_46079:0+20 of 25
TAGGGAGGCGAGAGGTTAAT
||||||||||||||||||||
TAGGGAGGCGAGAGGTTAAT

>skpp-706-F:0+20 of 20 bc25mer_149743:0+20 of 25
GGCGTTAGGTAACCTCTTGT
||||||||||||||||||||
GGCGTTAGGTAACCTCTTGT

>skpp-707-F:0+20 of 20 bc25mer_13919:1+21 of 25
GAATAGGTCGACGTAAGGGG
||||||||||||||||||||
GAATAGGTCGACGTAAGGGG

>skpp-708-F:0+20 of 20 bc25mer_35640:2+22 of 25
AGTATCGTGTTCAGGCTAGC
||||||||||||||||||||
AGTATCGTGTTCAGGCTAGC

>skpp-709-F:0+20 of 20 bc25mer_11465:0+20 of 25
CAGATAGGCGGTTGACAGTT
||||||||||||||||||||
CAGATAGGCGGTTGACAGTT

>skpp-710-F:0+20 of 20 bc25mer_135108:0+20 of 25
GAGAAGTTGTGATGGCGAAC
||||||||||||||||||||
GAGAAGTTGTGATGGCGAAC

>skpp-711-F:0+20 of 20 bc25mer_54702:1+21 of 25
ATTTCCGTGGTATGTTTGCG
||||||||||||||||||||
ATTTCCGTGGTATGTTTGCG

>skpp-712-F:0+20 of 20 bc25mer_230286:0+20 of 25
GTGCATATTCATGGGTACGC
||||||||||||||||||||
GTGCATATTCATGGGTACGC

>skpp-713-F:0+20 of 20 bc25mer_5928:0+20 of 25
AGACTGTCTAAGACTTGCGG
||||||||||||||||||||
AGACTGTCTAAGACTTGCGG

>skpp-714-F:0+20 of 20 bc25mer_66958:0+20 of 25
ATATCAATACGCCCATCCCG
||||||||||||||||||||
ATATCAATACGCCCATCCCG

>skpp-715-F:0+20 of 20 bc25mer_102974:0+20 of 25
GGTGCGTTTCGTGATCTTAC
||||||||||||||||||||
GGTGCGTTTCGTGATCTTAC

>skpp-716-F:0+20 of 20 bc25mer_96047:4+24 of 25
GTCTAGTACAAATTCCGCGC
||||||||||||||||||||
GTCTAGTACAAATTCCGCGC

>skpp-717-F:0+20 of 20 bc25mer_3032:0+20 of 25
AGCGCGACTTTCCCTATAAT
||||||||||||||||||||
AGCGCGACTTTCCCTATAAT

>skpp-718-F:0+20 of 20 bc25mer_29126:0+20 of 25
AAAATCGTTTTCCCATGGGC
||||||||||||||||||||
AAAATCGTTTTCCCATGGGC

>skpp-719-F:0+20 of 20 bc25mer_6975:0+20 of 25
CCCTGTAAGAACGTGAGGAT
||||||||||||||||||||
CCCTGTAAGAACGTGAGGAT

>skpp-720-F:0+20 of 20 bc25mer_57834:1+21 of 25
AATGTGTCACGTCGTAGAGG
||||||||||||||||||||
AATGTGTCACGTCGTAGAGG

>skpp-721-F:0+20 of 20 bc25mer_107587:2+22 of 25
ATCAGGGAAGTATGTTCCGG
||||||||||||||||||||
ATCAGGGAAGTATGTTCCGG

>skpp-722-F:0+20 of 20 bc25mer_58306:0+20 of 25
TCAAGAGTCAGGGCTACGTA
||||||||||||||||||||
TCAAGAGTCAGGGCTACGTA

>skpp-723-F:0+20 of 20 bc25mer_114176:2+22 of 25
TTCCGTTGTTTGTCGTTTCG
||||||||||||||||||||
TTCCGTTGTTTGTCGTTTCG

>skpp-724-F:0+20 of 20 bc25mer_78428:3+23 of 25
AGTGCTTTTAGTCCCTACCG
||||||||||||||||||||
AGTGCTTTTAGTCCCTACCG

>skpp-725-F:0+20 of 20 bc25mer_198073:0+20 of 25
CTGGTTCATTCTCTGTTGCG
||||||||||||||||||||
CTGGTTCATTCTCTGTTGCG

>skpp-726-F:0+20 of 20 bc25mer_1977:4+24 of 25
AGGACTACCGTATACCCCAT
||||||||||||||||||||
AGGACTACCGTATACCCCAT

>skpp-727-F:0+20 of 20 bc25mer_62595:0+20 of 25
GCGTAGATGGTGATAGAGGG
||||||||||||||||||||
GCGTAGATGGTGATAGAGGG

>skpp-728-F:0+20 of 20 bc25mer_81648:4+24 of 25
GTCTCTTGAGGGATGGAACG
||||||||||||||||||||
GTCTCTTGAGGGATGGAACG

>skpp-729-F:0+20 of 20 bc25mer_216725:4+24 of 25
ATTCCAATGTTTTCGCTCGG
||||||||||||||||||||
ATTCCAATGTTTTCGCTCGG

>skpp-730-F:0+20 of 20 bc25mer_144:0+20 of 25
GGACTGTTTCAAGTAACGGC
||||||||||||||||||||
GGACTGTTTCAAGTAACGGC

>skpp-731-F:0+20 of 20 bc25mer_14970:0+20 of 25
GGATGGGACAGGCATTCTAA
||||||||||||||||||||
GGATGGGACAGGCATTCTAA

>skpp-732-F:0+20 of 20 bc25mer_66422:4+24 of 25
GTGATCTACACCCTGCTACC
||||||||||||||||||||
GTGATCTACACCCTGCTACC

>skpp-733-F:0+20 of 20 bc25mer_1605:0+20 of 25
CGTATCGTCCTAGCCCATAG
||||||||||||||||||||
CGTATCGTCCTAGCCCATAG

>skpp-734-F:0+20 of 20 bc25mer_922:2+22 of 25
TGCATAGTATCCCAACAGGG
||||||||||||||||||||
TGCATAGTATCCCAACAGGG

>skpp-735-F:0+20 of 20 bc25mer_4206:0+20 of 25
GTTATTCGCAGGACAGGTCT
||||||||||||||||||||
GTTATTCGCAGGACAGGTCT

>skpp-736-F:0+20 of 20 bc25mer_23847:3+23 of 25
CGCTGTTCGGAACCTGTATA
||||||||||||||||||||
CGCTGTTCGGAACCTGTATA

>skpp-737-F:0+20 of 20 bc25mer_1918:3+23 of 25
GCGACTACCATTAATCGGGA
||||||||||||||||||||
GCGACTACCATTAATCGGGA

>skpp-738-F:0+20 of 20 bc25mer_5258:0+20 of 25
GTCTCGATCACTGACAGTCC
||||||||||||||||||||
GTCTCGATCACTGACAGTCC

>skpp-739-F:0+20 of 20 bc25mer_86728:0+20 of 25
AATGAATGCCCTTCCTTCCT
||||||||||||||||||||
AATGAATGCCCTTCCTTCCT

>skpp-740-F:0+20 of 20 bc25mer_3123:3+23 of 25
AGATCCTACAACGCCTTACC
||||||||||||||||||||
AGATCCTACAACGCCTTACC

>skpp-741-F:0+20 of 20 bc25mer_41792:2+22 of 25
CCTTTAAATGACCCACAGCC
||||||||||||||||||||
CCTTTAAATGACCCACAGCC

>skpp-742-F:0+20 of 20 bc25mer_22432:1+21 of 25
AATTCGCAGTTCGTTTAGCC
||||||||||||||||||||
AATTCGCAGTTCGTTTAGCC

>skpp-743-F:0+20 of 20 bc25mer_158737:1+21 of 25
AGATTAGCTGCCGATACTGG
||||||||||||||||||||
AGATTAGCTGCCGATACTGG

>skpp-744-F:0+20 of 20 bc25mer_235169:0+20 of 25
GAGCTCAGTTATGACCGAGG
||||||||||||||||||||
GAGCTCAGTTATGACCGAGG

>skpp-745-F:0+20 of 20 bc25mer_57527:0+20 of 25
TGATAAGATACTGCGGCTGG
||||||||||||||||||||
TGATAAGATACTGCGGCTGG

>skpp-746-F:0+20 of 20 bc25mer_3509:0+20 of 25
TGTAGTCTCACTGGCTTGTG
||||||||||||||||||||
TGTAGTCTCACTGGCTTGTG

>skpp-747-F:0+20 of 20 bc25mer_5172:0+20 of 25
GTACCAGAAGGTAACGGGTT
||||||||||||||||||||
GTACCAGAAGGTAACGGGTT

>skpp-748-F:0+20 of 20 bc25mer_141776:1+21 of 25
TTAGCTTTGCGGTCGTATCA
||||||||||||||||||||
TTAGCTTTGCGGTCGTATCA

>skpp-749-F:0+20 of 20 bc25mer_66906:2+22 of 25
TCATCTGTAAGTGGACTCGC
||||||||||||||||||||
TCATCTGTAAGTGGACTCGC

>skpp-750-F:0+20 of 20 bc25mer_61504:1+21 of 25
TTTCTCGTGTGGCCTAGATG
||||||||||||||||||||
TTTCTCGTGTGGCCTAGATG

>skpp-751-F:0+20 of 20 bc25mer_119756:4+24 of 25
CGTGGTAGTTTTAAACGGGC
||||||||||||||||||||
CGTGGTAGTTTTAAACGGGC

>skpp-752-F:0+20 of 20 bc25mer_62058:0+20 of 25
ATTGTTACGCAAACTCGTCG
||||||||||||||||||||
ATTGTTACGCAAACTCGTCG

>skpp-753-F:0+20 of 20 bc25mer_49068:1+21 of 25
GGCGTAGTCGGTTTTAAAGC
||||||||||||||||||||
GGCGTAGTCGGTTTTAAAGC

>skpp-754-F:0+20 of 20 bc25mer_12295:0+20 of 25
ACTTAATTGTCCCAGGCCAT
||||||||||||||||||||
ACTTAATTGTCCCAGGCCAT

>skpp-755-F:0+20 of 20 bc25mer_33320:3+23 of 25
AGTTCAGTACTGGCATCAGG
||||||||||||||||||||
AGTTCAGTACTGGCATCAGG

>skpp-756-F:0+20 of 20 bc25mer_96478:0+20 of 25
GTCACACCAGATCCCTTTCA
||||||||||||||||||||
GTCACACCAGATCCCTTTCA

>skpp-757-F:0+20 of 20 bc25mer_27855:3+23 of 25
ATGAATGCTCCGTACTGAGG
||||||||||||||||||||
ATGAATGCTCCGTACTGAGG

>skpp-758-F:0+20 of 20 bc25mer_11218:0+20 of 25
CGCCTGACTTATAGGTGCTT
||||||||||||||||||||
CGCCTGACTTATAGGTGCTT

>skpp-759-F:0+20 of 20 bc25mer_206640:0+20 of 25
TAGTTGAGAACACGAACCCG
||||||||||||||||||||
TAGTTGAGAACACGAACCCG

>skpp-760-F:0+20 of 20 bc25mer_17539:0+20 of 25
AATGGGTCTATCATGTCCGC
||||||||||||||||||||
AATGGGTCTATCATGTCCGC

>skpp-761-F:0+20 of 20 bc25mer_5345:0+20 of 25
AGCTTAGATTTAGCCCGTCC
||||||||||||||||||||
AGCTTAGATTTAGCCCGTCC

>skpp-762-F:0+20 of 20 bc25mer_160761:3+23 of 25
TTGGACTCACTCATCACCTG
||||||||||||||||||||
TTGGACTCACTCATCACCTG

>skpp-763-F:0+20 of 20 bc25mer_19908:2+22 of 25
TCGCTAGTGGTGTTCTTACC
||||||||||||||||||||
TCGCTAGTGGTGTTCTTACC

>skpp-764-F:0+20 of 20 bc25mer_3465:4+24 of 25
TTGTTTTGGGTAATCACGCC
||||||||||||||||||||
TTGTTTTGGGTAATCACGCC

>skpp-765-F:0+20 of 20 bc25mer_33228:0+20 of 25
AATAATCGGACCTCGTTGCT
||||||||||||||||||||
AATAATCGGACCTCGTTGCT

>skpp-766-F:0+20 of 20 bc25mer_52057:1+21 of 25
TCGTCTTAGTACGATCGCAG
||||||||||||||||||||
TCGTCTTAGTACGATCGCAG

>skpp-767-F:0+20 of 20 bc25mer_153379:0+20 of 25
CATACACAGAGAAACGCACG
||||||||||||||||||||
CATACACAGAGAAACGCACG

>skpp-768-F:0+20 of 20 bc25mer_77332:3+23 of 25
CTCGGAACTTGTTTTAGCGC
||||||||||||||||||||
CTCGGAACTTGTTTTAGCGC

>skpp-769-F:0+20 of 20 bc25mer_9831:1+21 of 25
TTCGCGTAGGATAACTGAGG
||||||||||||||||||||
TTCGCGTAGGATAACTGAGG

>skpp-770-F:0+20 of 20 bc25mer_19239:2+22 of 25
TTAGCTCAGGTCCAAAGTCC
||||||||||||||||||||
TTAGCTCAGGTCCAAAGTCC

>skpp-771-F:0+20 of 20 bc25mer_189:2+22 of 25
AGGAGGCACATCCTTAAACC
||||||||||||||||||||
AGGAGGCACATCCTTAAACC

>skpp-772-F:0+20 of 20 bc25mer_119196:0+20 of 25
TTTAGGTGGAAAGGGACTCG
||||||||||||||||||||
TTTAGGTGGAAAGGGACTCG

>skpp-773-F:0+20 of 20 bc25mer_37037:0+20 of 25
GAATCTTTCATGCGGCTCTG
||||||||||||||||||||
GAATCTTTCATGCGGCTCTG

>skpp-774-F:0+20 of 20 bc25mer_158246:1+21 of 25
TCAAATATTGTGCCAAGGGC
||||||||||||||||||||
TCAAATATTGTGCCAAGGGC

>skpp-775-F:0+20 of 20 bc25mer_111069:0+20 of 25
TTGTATGTCTCTACGTCGGC
||||||||||||||||||||
TTGTATGTCTCTACGTCGGC

>skpp-776-F:0+20 of 20 bc25mer_54050:2+22 of 25
AGGTGATCTGACGAATGTCC
||||||||||||||||||||
AGGTGATCTGACGAATGTCC

>skpp-777-F:0+20 of 20 bc25mer_6466:0+20 of 25
TGAGCGTGATTAGACCTTCG
||||||||||||||||||||
TGAGCGTGATTAGACCTTCG

>skpp-778-F:0+20 of 20 bc25mer_33469:0+20 of 25
TCTTACGTTGACGGAGCTTT
||||||||||||||||||||
TCTTACGTTGACGGAGCTTT

>skpp-779-F:0+20 of 20 bc25mer_4340:2+22 of 25
CGGTAACTATCAACACCGGA
||||||||||||||||||||
CGGTAACTATCAACACCGGA

>skpp-780-F:0+20 of 20 bc25mer_152507:0+20 of 25
CTATAGATACTTGCCGCCCC
||||||||||||||||||||
CTATAGATACTTGCCGCCCC

>skpp-781-F:0+20 of 20 bc25mer_68846:3+23 of 25
AGTAGGGTGAAAGCAGTTCG
||||||||||||||||||||
AGTAGGGTGAAAGCAGTTCG

>skpp-782-F:0+20 of 20 bc25mer_152634:0+20 of 25
TTGACGTTCGCCTTTGAATC
||||||||||||||||||||
TTGACGTTCGCCTTTGAATC

>skpp-783-F:0+20 of 20 bc25mer_11396:2+22 of 25
TCACTTGGTATCGAGAACGG
||||||||||||||||||||
TCACTTGGTATCGAGAACGG

>skpp-784-F:0+20 of 20 bc25mer_28801:2+22 of 25
GTTACCAAACCCAACGATCG
||||||||||||||||||||
GTTACCAAACCCAACGATCG

>skpp-785-F:0+20 of 20 bc25mer_191:1+21 of 25
GCTATGTCCGTAACACTCCT
||||||||||||||||||||
GCTATGTCCGTAACACTCCT

>skpp-786-F:0+20 of 20 bc25mer_52389:1+21 of 25
TACGTGCTCTTACTGCGAAT
||||||||||||||||||||
TACGTGCTCTTACTGCGAAT

>skpp-787-F:0+20 of 20 bc25mer_171050:0+20 of 25
CAGTGTCCTGTATCTGGCAT
||||||||||||||||||||
CAGTGTCCTGTATCTGGCAT

>skpp-788-F:0+20 of 20 bc25mer_205540:0+20 of 25
CGTCGCTGCTTTTCTTAGAC
||||||||||||||||||||
CGTCGCTGCTTTTCTTAGAC

>skpp-789-F:0+20 of 20 bc25mer_223204:4+24 of 25
GGATTATGTTGCTCTGTCGC
||||||||||||||||||||
GGATTATGTTGCTCTGTCGC

>skpp-790-F:0+20 of 20 bc25mer_11517:0+20 of 25
AAGCCTACCTGGTATGTGGA
||||||||||||||||||||
AAGCCTACCTGGTATGTGGA

>skpp-791-F:0+20 of 20 bc25mer_136156:3+23 of 25
GATCCTTGACTACCGACTGG
||||||||||||||||||||
GATCCTTGACTACCGACTGG

>skpp-792-F:0+20 of 20 bc25mer_148746:4+24 of 25
ACTGACCCAACTTCCCTTAC
||||||||||||||||||||
ACTGACCCAACTTCCCTTAC

>skpp-793-F:0+20 of 20 bc25mer_2517:0+20 of 25
CGGTATCATTTCAGGCCTCT
||||||||||||||||||||
CGGTATCATTTCAGGCCTCT

>skpp-794-F:0+20 of 20 bc25mer_45936:4+24 of 25
TAGGGGATACTCTGGATGCA
||||||||||||||||||||
TAGGGGATACTCTGGATGCA

>skpp-795-F:0+20 of 20 bc25mer_9026:1+21 of 25
TCTTACCGAGTCTAGCATGC
||||||||||||||||||||
TCTTACCGAGTCTAGCATGC

>skpp-796-F:0+20 of 20 bc25mer_44923:0+20 of 25
GATAGGGCGTCTGGTTTGTA
||||||||||||||||||||
GATAGGGCGTCTGGTTTGTA

>skpp-797-F:0+20 of 20 bc25mer_72346:2+22 of 25
ATGAGCCAGCTAGGTTTACC
||||||||||||||||||||
ATGAGCCAGCTAGGTTTACC

>skpp-798-F:0+20 of 20 bc25mer_39084:0+20 of 25
CAGACGTAGGTCAAGCGTAT
||||||||||||||||||||
CAGACGTAGGTCAAGCGTAT

>skpp-799-F:0+20 of 20 bc25mer_33790:1+21 of 25
TAAAGACTATGTAGCGGCCG
||||||||||||||||||||
TAAAGACTATGTAGCGGCCG

>skpp-800-F:0+20 of 20 bc25mer_504:0+20 of 25
CATCTTTGGACGGTTACCCA
||||||||||||||||||||
CATCTTTGGACGGTTACCCA

>skpp-801-F:0+20 of 20 bc25mer_117402:1+21 of 25
AAGAAGTGACAAGGGAAGGG
||||||||||||||||||||
AAGAAGTGACAAGGGAAGGG

>skpp-802-F:0+20 of 20 bc25mer_24744:0+20 of 25
GACCTTTGTAAATCGGACGC
||||||||||||||||||||
GACCTTTGTAAATCGGACGC

>skpp-803-F:0+20 of 20 bc25mer_16973:4+24 of 25
AGGTATTGGACTGTTACGGC
||||||||||||||||||||
AGGTATTGGACTGTTACGGC

>skpp-804-F:0+20 of 20 bc25mer_20820:4+24 of 25
AATTTGAGGCGGGTATAGGG
||||||||||||||||||||
AATTTGAGGCGGGTATAGGG

>skpp-805-F:0+20 of 20 bc25mer_164467:0+20 of 25
TGTGATAAAGGCGAGTACGG
||||||||||||||||||||
TGTGATAAAGGCGAGTACGG

>skpp-806-F:0+20 of 20 bc25mer_169204:0+20 of 25
TCTTGGTTGGTGGGAAAGTT
||||||||||||||||||||
TCTTGGTTGGTGGGAAAGTT

>skpp-807-F:0+20 of 20 bc25mer_10299:0+20 of 25
GAATAGGTGGCAAAACGCTG
||||||||||||||||||||
GAATAGGTGGCAAAACGCTG

>skpp-808-F:0+20 of 20 bc25mer_1105:1+21 of 25
AGATAGATGCTCCGTCAAGC
||||||||||||||||||||
AGATAGATGCTCCGTCAAGC

>skpp-809-F:0+20 of 20 bc25mer_2743:4+24 of 25
GTCGACAGTAGGTGTATCGC
||||||||||||||||||||
GTCGACAGTAGGTGTATCGC

>skpp-810-F:0+20 of 20 bc25mer_50685:2+22 of 25
GGGATAAGCGGGGATTACAA
||||||||||||||||||||
GGGATAAGCGGGGATTACAA

>skpp-811-F:0+20 of 20 bc25mer_120700:4+24 of 25
TACTGATAATTCGGACGCCC
||||||||||||||||||||
TACTGATAATTCGGACGCCC

>skpp-812-F:0+20 of 20 bc25mer_94252:0+20 of 25
TGTTCAGCTATTTCCCGGTT
||||||||||||||||||||
TGTTCAGCTATTTCCCGGTT

>skpp-813-F:0+20 of 20 bc25mer_10431:1+21 of 25
AGTTTGGGGATCTCGTACAC
||||||||||||||||||||
AGTTTGGGGATCTCGTACAC

>skpp-814-F:0+20 of 20 bc25mer_21530:0+20 of 25
GCTCCGTCCTTTATATCGCA
||||||||||||||||||||
GCTCCGTCCTTTATATCGCA

>skpp-815-F:0+20 of 20 bc25mer_206523:0+20 of 25
GTGCTGTTTGTGCTCTTACC
||||||||||||||||||||
GTGCTGTTTGTGCTCTTACC

>skpp-816-F:0+20 of 20 bc25mer_217745:4+24 of 25
AAGATAGATACAGCCCGCTG
||||||||||||||||||||
AAGATAGATACAGCCCGCTG

>skpp-817-F:0+20 of 20 bc25mer_16081:0+20 of 25
ATTATGATGCCGGGAATCCA
||||||||||||||||||||
ATTATGATGCCGGGAATCCA

>skpp-818-F:0+20 of 20 bc25mer_73328:2+22 of 25
ATCTTAAATTTGTGCGGGCG
||||||||||||||||||||
ATCTTAAATTTGTGCGGGCG

>skpp-819-F:0+20 of 20 bc25mer_163134:0+20 of 25
TCGCAATATGCTCTTAGGCT
||||||||||||||||||||
TCGCAATATGCTCTTAGGCT

>skpp-820-F:0+20 of 20 bc25mer_17244:0+20 of 25
ACAATCGTATGTGTCAGGGG
||||||||||||||||||||
ACAATCGTATGTGTCAGGGG

>skpp-821-F:0+20 of 20 bc25mer_110520:4+24 of 25
GTCTGCTTGTCGTTTCATCC
||||||||||||||||||||
GTCTGCTTGTCGTTTCATCC

>skpp-822-F:0+20 of 20 bc25mer_1846:0+20 of 25
GTCAAAGGGAGCCCACAATA
||||||||||||||||||||
GTCAAAGGGAGCCCACAATA

>skpp-823-F:0+20 of 20 bc25mer_215303:0+20 of 25
GTGACTCGTTCTTTTGCGTC
||||||||||||||||||||
GTGACTCGTTCTTTTGCGTC

>skpp-824-F:0+20 of 20 bc25mer_62182:4+24 of 25
TAGGTCTGTTTTATGGGCCC
||||||||||||||||||||
TAGGTCTGTTTTATGGGCCC

>skpp-825-F:0+20 of 20 bc25mer_156896:1+21 of 25
AGAGTTGCACCTAGAATCCG
||||||||||||||||||||
AGAGTTGCACCTAGAATCCG

>skpp-826-F:0+20 of 20 bc25mer_50732:1+21 of 25
TCTTTATGGTCTATCGGCGG
||||||||||||||||||||
TCTTTATGGTCTATCGGCGG

>skpp-827-F:0+20 of 20 bc25mer_112497:2+22 of 25
CTGCTAGGGGCTACTTATCG
||||||||||||||||||||
CTGCTAGGGGCTACTTATCG

>skpp-828-F:0+20 of 20 bc25mer_4649:0+20 of 25
GGGGACCTAATGTGGTAAGC
||||||||||||||||||||
GGGGACCTAATGTGGTAAGC

>skpp-829-F:0+20 of 20 bc25mer_11235:3+23 of 25
TGGTGATTCGTGTATCCTGG
||||||||||||||||||||
TGGTGATTCGTGTATCCTGG

>skpp-830-F:0+20 of 20 bc25mer_97157:0+20 of 25
GTAAGGTCGGGAAGTAGCAA
||||||||||||||||||||
GTAAGGTCGGGAAGTAGCAA

>skpp-831-F:0+20 of 20 bc25mer_7165:0+20 of 25
AATAGGAACCTCTTACGCGG
||||||||||||||||||||
AATAGGAACCTCTTACGCGG

>skpp-832-F:0+20 of 20 bc25mer_41231:1+21 of 25
ACTGCCTAATCATCGCGTTA
||||||||||||||||||||
ACTGCCTAATCATCGCGTTA

>skpp-833-F:0+20 of 20 bc25mer_145576:3+23 of 25
TTGTAAGCCATCATTTCCGC
||||||||||||||||||||
TTGTAAGCCATCATTTCCGC

>skpp-834-F:0+20 of 20 bc25mer_5370:3+23 of 25
AGCGCTAGACTACCTCATTG
||||||||||||||||||||
AGCGCTAGACTACCTCATTG

>skpp-835-F:0+20 of 20 bc25mer_13557:0+20 of 25
AATCTCAAATGTCGGAGGGG
||||||||||||||||||||
AATCTCAAATGTCGGAGGGG

>skpp-836-F:0+20 of 20 bc25mer_3316:0+20 of 25
TCGATCAGCATTCCGCTTTA
||||||||||||||||||||
TCGATCAGCATTCCGCTTTA

>skpp-837-F:0+20 of 20 bc25mer_80967:0+20 of 25
CGAGGTTTGTGGATGGATCT
||||||||||||||||||||
CGAGGTTTGTGGATGGATCT

>skpp-838-F:0+20 of 20 bc25mer_114489:2+22 of 25
GTTTCGATCCACTGAATGCG
||||||||||||||||||||
GTTTCGATCCACTGAATGCG

>skpp-839-F:0+20 of 20 bc25mer_2923:1+21 of 25
TTATGAGAGTACCGTGTGGC
||||||||||||||||||||
TTATGAGAGTACCGTGTGGC

>skpp-840-F:0+20 of 20 bc25mer_88844:1+21 of 25
GTACGTGGAAATCTTGCTCG
||||||||||||||||||||
GTACGTGGAAATCTTGCTCG

>skpp-841-F:0+20 of 20 bc25mer_24264:0+20 of 25
GCAAGACACAAGGCTATGAC
||||||||||||||||||||
GCAAGACACAAGGCTATGAC

>skpp-842-F:0+20 of 20 bc25mer_21769:0+20 of 25
CTCGACCTTATCTTTTGCGC
||||||||||||||||||||
CTCGACCTTATCTTTTGCGC

>skpp-843-F:0+20 of 20 bc25mer_36582:4+24 of 25
TCTGCTCATAAAGCCCTTGT
||||||||||||||||||||
TCTGCTCATAAAGCCCTTGT

>skpp-844-F:0+20 of 20 bc25mer_210344:1+21 of 25
TGATAATTAACCGAGGGCCG
||||||||||||||||||||
TGATAATTAACCGAGGGCCG

>skpp-845-F:0+20 of 20 bc25mer_76343:2+22 of 25
ATGACCGTAGCTTATGAGGC
||||||||||||||||||||
ATGACCGTAGCTTATGAGGC

>skpp-846-F:0+20 of 20 bc25mer_47130:0+20 of 25
CTCATAATAGGCTCGCGGAA
||||||||||||||||||||
CTCATAATAGGCTCGCGGAA

>skpp-847-F:0+20 of 20 bc25mer_37779:1+21 of 25
AAGTCTGTATTACGCACCGT
||||||||||||||||||||
AAGTCTGTATTACGCACCGT

>skpp-848-F:0+20 of 20 bc25mer_3656:4+24 of 25
GGAACTTTAATCCATGCCGC
||||||||||||||||||||
GGAACTTTAATCCATGCCGC

>skpp-849-F:0+20 of 20 bc25mer_205422:1+21 of 25
TCTATTAAGACACCCACGGC
||||||||||||||||||||
TCTATTAAGACACCCACGGC

>skpp-850-F:0+20 of 20 bc25mer_31761:1+21 of 25
TTTCGCGGTAGATTCGATGT
||||||||||||||||||||
TTTCGCGGTAGATTCGATGT

>skpp-851-F:0+20 of 20 bc25mer_72986:3+23 of 25
TCAGTACTTCAGAATGGGCG
||||||||||||||||||||
TCAGTACTTCAGAATGGGCG

>skpp-852-F:0+20 of 20 bc25mer_81803:0+20 of 25
ATAGTTCGCTCTTTACCCGG
||||||||||||||||||||
ATAGTTCGCTCTTTACCCGG

>skpp-853-F:0+20 of 20 bc25mer_77858:0+20 of 25
AGCTGGTGTGATTACCTTCG
||||||||||||||||||||
AGCTGGTGTGATTACCTTCG

>skpp-854-F:0+20 of 20 bc25mer_239507:0+20 of 25
GCGATAGGAACGGTATCCAT
||||||||||||||||||||
GCGATAGGAACGGTATCCAT

>skpp-855-F:0+20 of 20 bc25mer_113068:2+22 of 25
TGATATATAGGCCAACCGCC
||||||||||||||||||||
TGATATATAGGCCAACCGCC

>skpp-856-F:0+20 of 20 bc25mer_1622:1+21 of 25
TTTAGATCGCCTCATGTCCG
||||||||||||||||||||
TTTAGATCGCCTCATGTCCG

>skpp-857-F:0+20 of 20 bc25mer_97389:0+20 of 25
AGGTTGTGCTTGTACTCAGG
||||||||||||||||||||
AGGTTGTGCTTGTACTCAGG

>skpp-858-F:0+20 of 20 bc25mer_12267:0+20 of 25
GCCTGCCTTTATACGTACCA
||||||||||||||||||||
GCCTGCCTTTATACGTACCA

>skpp-859-F:0+20 of 20 bc25mer_3220:4+24 of 25
AGTTGCAGTATCTAACCCGC
||||||||||||||||||||
AGTTGCAGTATCTAACCCGC

>skpp-860-F:0+20 of 20 bc25mer_55397:0+20 of 25
GGTCTTGTGGTGTTAGGCTT
||||||||||||||||||||
GGTCTTGTGGTGTTAGGCTT

>skpp-861-F:0+20 of 20 bc25mer_12569:4+24 of 25
ATGTCAGTGTTTAGCCACCA
||||||||||||||||||||
ATGTCAGTGTTTAGCCACCA

>skpp-862-F:0+20 of 20 bc25mer_8694:0+20 of 25
ATCGAGCGGATTATCCTGTC
||||||||||||||||||||
ATCGAGCGGATTATCCTGTC

>skpp-863-F:0+20 of 20 bc25mer_53115:0+20 of 25
TGACAAGATACGGGACAGTG
||||||||||||||||||||
TGACAAGATACGGGACAGTG

>skpp-864-F:0+20 of 20 bc25mer_55770:0+20 of 25
CATGGAATTTTCGCTCACGT
||||||||||||||||||||
CATGGAATTTTCGCTCACGT

>skpp-865-F:0+20 of 20 bc25mer_209551:2+22 of 25
AACCTTCAAGCCCTAAACCA
||||||||||||||||||||
AACCTTCAAGCCCTAAACCA

>skpp-866-F:0+20 of 20 bc25mer_78951:3+23 of 25
ACTATCGCTTTCCTCGGATC
||||||||||||||||||||
ACTATCGCTTTCCTCGGATC

>skpp-867-F:0+20 of 20 bc25mer_20833:3+23 of 25
ATCCATAGCGTCCCTATTGC
||||||||||||||||||||
ATCCATAGCGTCCCTATTGC

>skpp-868-F:0+20 of 20 bc25mer_13631:0+20 of 25
GAGGAACATGTCTAGCGCAT
||||||||||||||||||||
GAGGAACATGTCTAGCGCAT

>skpp-869-F:0+20 of 20 bc25mer_6798:1+21 of 25
GTGCGTCTAATCACATGAGC
||||||||||||||||||||
GTGCGTCTAATCACATGAGC

>skpp-870-F:0+20 of 20 bc25mer_12840:0+20 of 25
TACATCAGGTGAACGTCCAG
||||||||||||||||||||
TACATCAGGTGAACGTCCAG

>skpp-871-F:0+20 of 20 bc25mer_56054:3+23 of 25
CTCTAACGGCGTGACACTTA
||||||||||||||||||||
CTCTAACGGCGTGACACTTA

>skpp-872-F:0+20 of 20 bc25mer_138406:0+20 of 25
GTGGTGGGGAGGGTTTAAAT
||||||||||||||||||||
GTGGTGGGGAGGGTTTAAAT

>skpp-873-F:0+20 of 20 bc25mer_106422:2+22 of 25
AATATTGAGTAGCGGGGCTC
||||||||||||||||||||
AATATTGAGTAGCGGGGCTC

>skpp-874-F:0+20 of 20 bc25mer_15254:0+20 of 25
TTGCATGTGGCTATGGTCTA
||||||||||||||||||||
TTGCATGTGGCTATGGTCTA

>skpp-875-F:0+20 of 20 bc25mer_174710:2+22 of 25
GGGTTGTCTCCTCTGATAGC
||||||||||||||||||||
GGGTTGTCTCCTCTGATAGC

>skpp-876-F:0+20 of 20 bc25mer_15030:0+20 of 25
TCGACCAGGTTATCATGAGC
||||||||||||||||||||
TCGACCAGGTTATCATGAGC

>skpp-877-F:0+20 of 20 bc25mer_83521:0+20 of 25
GCGTAATCAGGCTACCTCAA
||||||||||||||||||||
GCGTAATCAGGCTACCTCAA

>skpp-878-F:0+20 of 20 bc25mer_66668:3+23 of 25
AACTGACTTGTAAAACGCGC
||||||||||||||||||||
AACTGACTTGTAAAACGCGC

>skpp-879-F:0+20 of 20 bc25mer_70288:4+24 of 25
TAGAGTCAGTCATTTCCCGC
||||||||||||||||||||
TAGAGTCAGTCATTTCCCGC

>skpp-880-F:0+20 of 20 bc25mer_6580:0+20 of 25
GGCAAGCACGACTATCTACA
||||||||||||||||||||
GGCAAGCACGACTATCTACA

>skpp-881-F:0+20 of 20 bc25mer_26351:2+22 of 25
AGACATGGGATTGACCACAC
||||||||||||||||||||
AGACATGGGATTGACCACAC

>skpp-882-F:0+20 of 20 bc25mer_112880:4+24 of 25
TTCTGGGACTGGATAACACG
||||||||||||||||||||
TTCTGGGACTGGATAACACG

>skpp-883-F:0+20 of 20 bc25mer_16327:1+21 of 25
AGTTGGCACGTTACACCTTA
||||||||||||||||||||
AGTTGGCACGTTACACCTTA

>skpp-884-F:0+20 of 20 bc25mer_10008:0+20 of 25
GCCCACATGAAATCACTGAC
||||||||||||||||||||
GCCCACATGAAATCACTGAC

>skpp-885-F:0+20 of 20 bc25mer_197821:4+24 of 25
ACGTAACCTTACCAGAACCC
||||||||||||||||||||
ACGTAACCTTACCAGAACCC

>skpp-886-F:0+20 of 20 bc25mer_148292:0+20 of 25
GATTAGTGTCCGTCGCCTTA
||||||||||||||||||||
GATTAGTGTCCGTCGCCTTA

>skpp-887-F:0+20 of 20 bc25mer_23693:1+21 of 25
AATGTCCTTAGGCAGTCGTC
||||||||||||||||||||
AATGTCCTTAGGCAGTCGTC

>skpp-888-F:0+20 of 20 bc25mer_4821:0+20 of 25
GTTAGCTGCACTCATGATGC
||||||||||||||||||||
GTTAGCTGCACTCATGATGC

>skpp-889-F:0+20 of 20 bc25mer_14831:2+22 of 25
GTGATTATGTTCTCAGGCGC
||||||||||||||||||||
GTGATTATGTTCTCAGGCGC

>skpp-890-F:0+20 of 20 bc25mer_20865:0+20 of 25
TTAGGACAGGAACGCCATTG
||||||||||||||||||||
TTAGGACAGGAACGCCATTG

>skpp-891-F:0+20 of 20 bc25mer_109648:4+24 of 25
ATTGCGATAGGTGCTAGACC
||||||||||||||||||||
ATTGCGATAGGTGCTAGACC

>skpp-892-F:0+20 of 20 bc25mer_2268:4+24 of 25
AGTGAACTGACCGAATCCTC
||||||||||||||||||||
AGTGAACTGACCGAATCCTC

>skpp-893-F:0+20 of 20 bc25mer_71965:1+21 of 25
AGATAAAGCATCCTCGCTCC
||||||||||||||||||||
AGATAAAGCATCCTCGCTCC

>skpp-894-F:0+20 of 20 bc25mer_9092:4+24 of 25
CAACTTTTCTGCGATCTCGG
||||||||||||||||||||
CAACTTTTCTGCGATCTCGG

>skpp-895-F:0+20 of 20 bc25mer_91653:2+22 of 25
AGTTATAAGGGTCCGATGCC
||||||||||||||||||||
AGTTATAAGGGTCCGATGCC

>skpp-896-F:0+20 of 20 bc25mer_61959:3+23 of 25
ATTAGTACACTCCGTGAGCG
||||||||||||||||||||
ATTAGTACACTCCGTGAGCG

>skpp-897-F:0+20 of 20 bc25mer_27169:3+23 of 25
TAACAGCCAATTCCACCTGT
||||||||||||||||||||
TAACAGCCAATTCCACCTGT

>skpp-898-F:0+20 of 20 bc25mer_150198:4+24 of 25
GCCTTATGTTATGTGGCACG
||||||||||||||||||||
GCCTTATGTTATGTGGCACG

>skpp-899-F:0+20 of 20 bc25mer_238716:3+23 of 25
GCATACTATTAGCAGCCCCA
||||||||||||||||||||
GCATACTATTAGCAGCCCCA

>skpp-900-F:0+20 of 20 bc25mer_12309:4+24 of 25
AGATTTGCTCGGATGTCCTG
||||||||||||||||||||
AGATTTGCTCGGATGTCCTG

>skpp-901-F:0+20 of 20 bc25mer_10555:0+20 of 25
CATATCAACGCCGAACAACC
||||||||||||||||||||
CATATCAACGCCGAACAACC

>skpp-902-F:0+20 of 20 bc25mer_169671:4+24 of 25
AGCCTTCTTACTCCGATTCG
||||||||||||||||||||
AGCCTTCTTACTCCGATTCG

>skpp-903-F:0+20 of 20 bc25mer_51968:0+20 of 25
TTCGGTTTGTGTTTTGGTCG
||||||||||||||||||||
TTCGGTTTGTGTTTTGGTCG

>skpp-904-F:0+20 of 20 bc25mer_23071:0+20 of 25
CTTCGCAGAGTAGGGTATCG
||||||||||||||||||||
CTTCGCAGAGTAGGGTATCG

>skpp-905-F:0+20 of 20 bc25mer_84218:4+24 of 25
GGGATGAGACAGGGGAGATA
||||||||||||||||||||
GGGATGAGACAGGGGAGATA

>skpp-906-F:0+20 of 20 bc25mer_4301:0+20 of 25
ACTTGGTGAGCAACTGTAGG
||||||||||||||||||||
ACTTGGTGAGCAACTGTAGG

>skpp-907-F:0+20 of 20 bc25mer_29876:0+20 of 25
GACGAACTGTATGGTCCAGG
||||||||||||||||||||
GACGAACTGTATGGTCCAGG

>skpp-908-F:0+20 of 20 bc25mer_97015:1+21 of 25
AACCCGTTCTCAGATTACCG
||||||||||||||||||||
AACCCGTTCTCAGATTACCG

>skpp-909-F:0+20 of 20 bc25mer_193957:1+21 of 25
AACTAGGCGCATCGATGTAC
||||||||||||||||||||
AACTAGGCGCATCGATGTAC

>skpp-910-F:0+20 of 20 bc25mer_235178:0+20 of 25
TAGATAGGGGAGGAGCGTTT
||||||||||||||||||||
TAGATAGGGGAGGAGCGTTT

>skpp-911-F:0+20 of 20 bc25mer_149339:0+20 of 25
AACTTGTGGTTATCGGACGT
||||||||||||||||||||
AACTTGTGGTTATCGGACGT

>skpp-912-F:0+20 of 20 bc25mer_78281:0+20 of 25
ATGTGAACTGTAGGTGTCGG
||||||||||||||||||||
ATGTGAACTGTAGGTGTCGG

>skpp-913-F:0+20 of 20 bc25mer_42948:2+22 of 25
AGAGAGACTGGCTTTATGGC
||||||||||||||||||||
AGAGAGACTGGCTTTATGGC

>skpp-914-F:0+20 of 20 bc25mer_26039:0+20 of 25
GTCCGCCCAGTTCTTTCTAA
||||||||||||||||||||
GTCCGCCCAGTTCTTTCTAA

>skpp-915-F:0+20 of 20 bc25mer_10788:2+22 of 25
CAAGTGGCTACCGGAAACTA
||||||||||||||||||||
CAAGTGGCTACCGGAAACTA

>skpp-916-F:0+20 of 20 bc25mer_20976:0+20 of 25
CTATAGAATCCGGGCTGGTC
||||||||||||||||||||
CTATAGAATCCGGGCTGGTC

>skpp-917-F:0+20 of 20 bc25mer_3211:0+20 of 25
GCTACACTTCCCCAATGAGA
||||||||||||||||||||
GCTACACTTCCCCAATGAGA

>skpp-918-F:0+20 of 20 bc25mer_36507:1+21 of 25
TATTTTACATCCCTGGGGCG
||||||||||||||||||||
TATTTTACATCCCTGGGGCG

>skpp-919-F:0+20 of 20 bc25mer_25372:1+21 of 25
TTGGTAATGCGTCCTGATCA
||||||||||||||||||||
TTGGTAATGCGTCCTGATCA

>skpp-920-F:0+20 of 20 bc25mer_2476:0+20 of 25
CAGTGGGATTCCGAGTCATT
||||||||||||||||||||
CAGTGGGATTCCGAGTCATT

>skpp-921-F:0+20 of 20 bc25mer_134501:2+22 of 25
CTGTGAGGGATGTAGGTTCC
||||||||||||||||||||
CTGTGAGGGATGTAGGTTCC

>skpp-922-F:0+20 of 20 bc25mer_11457:0+20 of 25
CTTGGGCAGGATTCCTAAGG
||||||||||||||||||||
CTTGGGCAGGATTCCTAAGG

>skpp-923-F:0+20 of 20 bc25mer_140435:0+20 of 25
GCGTTCGTTTTCGGATTTCA
||||||||||||||||||||
GCGTTCGTTTTCGGATTTCA

>skpp-924-F:0+20 of 20 bc25mer_51774:0+20 of 25
TGTGCTATGCCTAACTGAGG
||||||||||||||||||||
TGTGCTATGCCTAACTGAGG

>skpp-925-F:0+20 of 20 bc25mer_1611:2+22 of 25
ACGAGATGATGCACCGATAG
||||||||||||||||||||
ACGAGATGATGCACCGATAG

>skpp-926-F:0+20 of 20 bc25mer_19954:0+20 of 25
GATCTATCCGCTCAGTAGGC
||||||||||||||||||||
GATCTATCCGCTCAGTAGGC

>skpp-927-F:0+20 of 20 bc25mer_32617:0+20 of 25
TCTGGTTACTAGCGCAACAT
||||||||||||||||||||
TCTGGTTACTAGCGCAACAT

>skpp-928-F:0+20 of 20 bc25mer_59976:0+20 of 25
TACCAGGAGAAGTTGGGTGA
||||||||||||||||||||
TACCAGGAGAAGTTGGGTGA

>skpp-929-F:0+20 of 20 bc25mer_142075:0+20 of 25
ACGTTCAGTTTTCCAATGGC
||||||||||||||||||||
ACGTTCAGTTTTCCAATGGC

>skpp-930-F:0+20 of 20 bc25mer_22279:1+21 of 25
ATGCCTAGTCCACTCAAGTG
||||||||||||||||||||
ATGCCTAGTCCACTCAAGTG

>skpp-931-F:0+20 of 20 bc25mer_5577:2+22 of 25
TATTCACGTATTGGCCCAGG
||||||||||||||||||||
TATTCACGTATTGGCCCAGG

>skpp-932-F:0+20 of 20 bc25mer_1962:2+22 of 25
TCTTCCTGAATCCGCACTTT
||||||||||||||||||||
TCTTCCTGAATCCGCACTTT

>skpp-933-F:0+20 of 20 bc25mer_17843:3+23 of 25
CTAGCTCTTACGACACCTCC
||||||||||||||||||||
CTAGCTCTTACGACACCTCC

>skpp-934-F:0+20 of 20 bc25mer_103844:2+22 of 25
GATACTAAACATCGGTGCGC
||||||||||||||||||||
GATACTAAACATCGGTGCGC

>skpp-935-F:0+20 of 20 bc25mer_19782:0+20 of 25
TTTTACATGTCCGCCAGTCA
||||||||||||||||||||
TTTTACATGTCCGCCAGTCA

>skpp-936-F:0+20 of 20 bc25mer_4059:0+20 of 25
TGTGCCGGTAACACTGATTC
||||||||||||||||||||
TGTGCCGGTAACACTGATTC

>skpp-937-F:0+20 of 20 bc25mer_18862:2+22 of 25
TGCTTACCGGGATACAATCG
||||||||||||||||||||
TGCTTACCGGGATACAATCG

>skpp-938-F:0+20 of 20 bc25mer_374:4+24 of 25
CTAGCTAAGCGAGGATGTCG
||||||||||||||||||||
CTAGCTAAGCGAGGATGTCG

>skpp-939-F:0+20 of 20 bc25mer_167323:0+20 of 25
AACACGGTGTCTCTCTTTGT
||||||||||||||||||||
AACACGGTGTCTCTCTTTGT

>skpp-940-F:0+20 of 20 bc25mer_19153:2+22 of 25
AGTTCCGGGTTTCCAATACA
||||||||||||||||||||
AGTTCCGGGTTTCCAATACA

>skpp-941-F:0+20 of 20 bc25mer_128804:2+22 of 25
TCCTTACTCCATAGGCAACG
||||||||||||||||||||
TCCTTACTCCATAGGCAACG

>skpp-942-F:0+20 of 20 bc25mer_17115:2+22 of 25
ATCGCATACGTACGTGGTAG
||||||||||||||||||||
ATCGCATACGTACGTGGTAG

>skpp-943-F:0+20 of 20 bc25mer_74095:1+21 of 25
AGATTAGCCGACTTTCCTGG
||||||||||||||||||||
AGATTAGCCGACTTTCCTGG

>skpp-944-F:0+20 of 20 bc25mer_126489:0+20 of 25
AATCCACCCTACACAAACCC
||||||||||||||||||||
AATCCACCCTACACAAACCC

>skpp-945-F:0+20 of 20 bc25mer_19633:0+20 of 25
AAGGTATGTATAGCGACCGC
||||||||||||||||||||
AAGGTATGTATAGCGACCGC

>skpp-946-F:0+20 of 20 bc25mer_4494:0+20 of 25
GCGTAAGTACTCACCGGAAT
||||||||||||||||||||
GCGTAAGTACTCACCGGAAT

>skpp-947-F:0+20 of 20 bc25mer_91044:0+20 of 25
GCGGTTGCTAAATCGAACAT
||||||||||||||||||||
GCGGTTGCTAAATCGAACAT

>skpp-948-F:0+20 of 20 bc25mer_28497:4+24 of 25
AGTTTAATCTCCATGCCCCG
||||||||||||||||||||
AGTTTAATCTCCATGCCCCG

>skpp-949-F:0+20 of 20 bc25mer_6032:1+21 of 25
AGTAATCGGTTAGTCTCGCG
||||||||||||||||||||
AGTAATCGGTTAGTCTCGCG

>skpp-950-F:0+20 of 20 bc25mer_90467:0+20 of 25
ACCGGATTGGAGTCGTTATG
||||||||||||||||||||
ACCGGATTGGAGTCGTTATG

>skpp-951-F:0+20 of 20 bc25mer_103456:1+21 of 25
CAGTCGTGTCTATGGGTGAG
||||||||||||||||||||
CAGTCGTGTCTATGGGTGAG

>skpp-952-F:0+20 of 20 bc25mer_15776:3+23 of 25
ATAGTTCATCCGCTTACCCG
||||||||||||||||||||
ATAGTTCATCCGCTTACCCG

>skpp-953-F:0+20 of 20 bc25mer_2339:0+20 of 25
TTCGTAGTCGGTGTTGAACC
||||||||||||||||||||
TTCGTAGTCGGTGTTGAACC

>skpp-954-F:0+20 of 20 bc25mer_47072:0+20 of 25
CATATGAGAATGCGGCTTCG
||||||||||||||||||||
CATATGAGAATGCGGCTTCG

>skpp-955-F:0+20 of 20 bc25mer_60639:1+21 of 25
CGTAATTTATAGGCAGCCGC
||||||||||||||||||||
CGTAATTTATAGGCAGCCGC

>skpp-956-F:0+20 of 20 bc25mer_6988:0+20 of 25
GTGTCACTCCGACTCATGTT
||||||||||||||||||||
GTGTCACTCCGACTCATGTT

>skpp-957-F:0+20 of 20 bc25mer_73372:0+20 of 25
ATTCTTGGACCGCAGTACAG
||||||||||||||||||||
ATTCTTGGACCGCAGTACAG

>skpp-958-F:0+20 of 20 bc25mer_11322:0+20 of 25
CATGAAGAACGGGTGCTAGT
||||||||||||||||||||
CATGAAGAACGGGTGCTAGT

>skpp-959-F:0+20 of 20 bc25mer_9717:1+21 of 25
GTAGCAGGATCGGACTCCTA
||||||||||||||||||||
GTAGCAGGATCGGACTCCTA

>skpp-960-F:0+20 of 20 bc25mer_16883:0+20 of 25
GTGATATGCGGACGTTAGCT
||||||||||||||||||||
GTGATATGCGGACGTTAGCT

>skpp-961-F:0+20 of 20 bc25mer_138596:0+20 of 25
TCTCAGACGATCCCCTACTC
||||||||||||||||||||
TCTCAGACGATCCCCTACTC

>skpp-962-F:0+20 of 20 bc25mer_61077:0+20 of 25
AGATTTGGGATTTTGCCGTG
||||||||||||||||||||
AGATTTGGGATTTTGCCGTG

>skpp-963-F:0+20 of 20 bc25mer_81758:0+20 of 25
GGACAAGACCATACGCTACA
||||||||||||||||||||
GGACAAGACCATACGCTACA

>skpp-964-F:0+20 of 20 bc25mer_19211:0+20 of 25
AACATTCGTTTATCGCGCTC
||||||||||||||||||||
AACATTCGTTTATCGCGCTC

>skpp-965-F:0+20 of 20 bc25mer_52450:3+23 of 25
TCCCGTTGTACGATATCACG
||||||||||||||||||||
TCCCGTTGTACGATATCACG

>skpp-966-F:0+20 of 20 bc25mer_31836:2+22 of 25
AATCAGTTTCTTTGGCAGCC
||||||||||||||||||||
AATCAGTTTCTTTGGCAGCC

>skpp-967-F:0+20 of 20 bc25mer_102038:0+20 of 25
GTACTCAGAGATTGCCGGAG
||||||||||||||||||||
GTACTCAGAGATTGCCGGAG

>skpp-968-F:0+20 of 20 bc25mer_12585:0+20 of 25
AGAGGGAATGACGCTATTGC
||||||||||||||||||||
AGAGGGAATGACGCTATTGC

>skpp-969-F:0+20 of 20 bc25mer_81715:0+20 of 25
CTGAAATTTTGCCATGGGGT
||||||||||||||||||||
CTGAAATTTTGCCATGGGGT

>skpp-970-F:0+20 of 20 bc25mer_172889:0+20 of 25
ATCGCGTTGAATCCTTAGGT
||||||||||||||||||||
ATCGCGTTGAATCCTTAGGT

>skpp-971-F:0+20 of 20 bc25mer_1984:0+20 of 25
TATGACTTCAGGAGCCGTTG
||||||||||||||||||||
TATGACTTCAGGAGCCGTTG

>skpp-972-F:0+20 of 20 bc25mer_70160:3+23 of 25
TTGATTTCTGATGGACGCCA
||||||||||||||||||||
TTGATTTCTGATGGACGCCA

>skpp-973-F:0+20 of 20 bc25mer_145455:0+20 of 25
TATATTGTGTCGCGGGGATC
||||||||||||||||||||
TATATTGTGTCGCGGGGATC

>skpp-974-F:0+20 of 20 bc25mer_180636:0+20 of 25
AATGGATCTGTACCAGTGGG
||||||||||||||||||||
AATGGATCTGTACCAGTGGG

>skpp-975-F:0+20 of 20 bc25mer_35336:1+21 of 25
ATATGATCAAGGGGAGCTGC
||||||||||||||||||||
ATATGATCAAGGGGAGCTGC

>skpp-976-F:0+20 of 20 bc25mer_7754:3+23 of 25
TCAAGGTCCGTTATGGAACC
||||||||||||||||||||
TCAAGGTCCGTTATGGAACC

>skpp-977-F:0+20 of 20 bc25mer_20014:0+20 of 25
CTTCGTGATATGGGCACAGA
||||||||||||||||||||
CTTCGTGATATGGGCACAGA

>skpp-978-F:0+20 of 20 bc25mer_236163:0+20 of 25
GTAACTGGTGGTACTTCGCA
||||||||||||||||||||
GTAACTGGTGGTACTTCGCA

>skpp-979-F:0+20 of 20 bc25mer_37755:2+22 of 25
AATGATCCTCAAGCTAGGGC
||||||||||||||||||||
AATGATCCTCAAGCTAGGGC

>skpp-980-F:0+20 of 20 bc25mer_125656:1+21 of 25
GATACATAGACTTGGCCCCG
||||||||||||||||||||
GATACATAGACTTGGCCCCG

>skpp-981-F:0+20 of 20 bc25mer_221378:2+22 of 25
AATGCGTCATTTTACACGGC
||||||||||||||||||||
AATGCGTCATTTTACACGGC

>skpp-982-F:0+20 of 20 bc25mer_224929:0+20 of 25
CTTCAGGTAGCGTTCTACGT
||||||||||||||||||||
CTTCAGGTAGCGTTCTACGT

>skpp-983-F:0+20 of 20 bc25mer_54103:3+23 of 25
ATTAGACTCCCGCAAACACA
||||||||||||||||||||
ATTAGACTCCCGCAAACACA

>skpp-984-F:0+20 of 20 bc25mer_3212:0+20 of 25
AGGACAGTTTCGTCACAAGT
||||||||||||||||||||
AGGACAGTTTCGTCACAAGT

>skpp-985-F:0+20 of 20 bc25mer_24315:3+23 of 25
AACGTTTATTTCTGCTGCCC
||||||||||||||||||||
AACGTTTATTTCTGCTGCCC

>skpp-986-F:0+20 of 20 bc25mer_67924:4+24 of 25
TTGGTCATCATTCTGGCAGT
||||||||||||||||||||
TTGGTCATCATTCTGGCAGT

>skpp-987-F:0+20 of 20 bc25mer_2347:0+20 of 25
TTAGTGTACATGCCTGGCTC
||||||||||||||||||||
TTAGTGTACATGCCTGGCTC

>skpp-988-F:0+20 of 20 bc25mer_47195:1+21 of 25
GAGGTCCGTACACCTTACAC
||||||||||||||||||||
GAGGTCCGTACACCTTACAC

>skpp-989-F:0+20 of 20 bc25mer_211482:3+23 of 25
AGTATTGGGTCAACTGTCCC
||||||||||||||||||||
AGTATTGGGTCAACTGTCCC

>skpp-990-F:0+20 of 20 bc25mer_57907:3+23 of 25
AAGCAGCCCCTTTTCTATGG
||||||||||||||||||||
AAGCAGCCCCTTTTCTATGG

>skpp-991-F:0+20 of 20 bc25mer_12436:4+24 of 25
GTATTTAGGGGATGGGCTCC
||||||||||||||||||||
GTATTTAGGGGATGGGCTCC

>skpp-992-F:0+20 of 20 bc25mer_79665:0+20 of 25
GGTGCCAATGCTTTCATTCT
||||||||||||||||||||
GGTGCCAATGCTTTCATTCT

>skpp-993-F:0+20 of 20 bc25mer_24114:0+20 of 25
TCGGGTGTCGAATTATTGCT
||||||||||||||||||||
TCGGGTGTCGAATTATTGCT

>skpp-994-F:0+20 of 20 bc25mer_34390:1+21 of 25
AAATTTACATCGCGCATCCC
||||||||||||||||||||
AAATTTACATCGCGCATCCC

>skpp-995-F:0+20 of 20 bc25mer_227310:2+22 of 25
CGCAATACTCCCTATCCTCC
||||||||||||||||||||
CGCAATACTCCCTATCCTCC

>skpp-996-F:0+20 of 20 bc25mer_86738:4+24 of 25
GTAGATGGAGTGTAGTCCGC
||||||||||||||||||||
GTAGATGGAGTGTAGTCCGC

>skpp-997-F:0+20 of 20 bc25mer_46883:0+20 of 25
TAGTCACAGTCTCTCGTCGA
||||||||||||||||||||
TAGTCACAGTCTCTCGTCGA

>skpp-998-F:0+20 of 20 bc25mer_101561:0+20 of 25
CAAATCCTTTCAAGTGGCCC
||||||||||||||||||||
CAAATCCTTTCAAGTGGCCC

>skpp-999-F:0+20 of 20 bc25mer_210194:0+20 of 25
GCATACCATATAACGGCCCT
||||||||||||||||||||
GCATACCATATAACGGCCCT

>skpp-1000-F:0+20 of 20 bc25mer_22778:2+22 of 25
TAGATGTAGGAGTGTCCCGG
||||||||||||||||||||
TAGATGTAGGAGTGTCCCGG

>skpp-1001-F:0+20 of 20 bc25mer_81156:1+21 of 25
TTATTCATGCCGCCCTATCG
||||||||||||||||||||
TTATTCATGCCGCCCTATCG

>skpp-1002-F:0+20 of 20 bc25mer_31509:0+20 of 25
GTGCTTACGTTAATCGCAGG
||||||||||||||||||||
GTGCTTACGTTAATCGCAGG

>skpp-1003-F:0+20 of 20 bc25mer_75890:0+20 of 25
TGTCTGGCCGTATTTATCGG
||||||||||||||||||||
TGTCTGGCCGTATTTATCGG

>skpp-1004-F:0+20 of 20 bc25mer_6832:0+20 of 25
ATTGACGGGCTATCGAAAGG
||||||||||||||||||||
ATTGACGGGCTATCGAAAGG

>skpp-1005-F:0+20 of 20 bc25mer_7569:0+20 of 25
GTGAGGCGATAGGCAACATA
||||||||||||||||||||
GTGAGGCGATAGGCAACATA

>skpp-1006-F:0+20 of 20 bc25mer_151279:0+20 of 25
TCTGGATTTGGACCACCTTG
||||||||||||||||||||
TCTGGATTTGGACCACCTTG

>skpp-1007-F:0+20 of 20 bc25mer_4602:3+23 of 25
ACCACAGGTCAAGATTCACG
||||||||||||||||||||
ACCACAGGTCAAGATTCACG

>skpp-1008-F:0+20 of 20 bc25mer_237699:1+21 of 25
GTTTGGCGAATCGTTCTCTG
||||||||||||||||||||
GTTTGGCGAATCGTTCTCTG

>skpp-1009-F:0+20 of 20 bc25mer_44771:0+20 of 25
CACACCCCGGCACTATAAAA
||||||||||||||||||||
CACACCCCGGCACTATAAAA

>skpp-1010-F:0+20 of 20 bc25mer_131418:4+24 of 25
ACGGGATGGAAATAATGGGG
||||||||||||||||||||
ACGGGATGGAAATAATGGGG

>skpp-1011-F:0+20 of 20 bc25mer_6436:4+24 of 25
ATCGTGGGTATGATGTACGC
||||||||||||||||||||
ATCGTGGGTATGATGTACGC

>skpp-1012-F:0+20 of 20 bc25mer_113736:1+21 of 25
TGTACATAAGTGAAGGCGGG
||||||||||||||||||||
TGTACATAAGTGAAGGCGGG

>skpp-1013-F:0+20 of 20 bc25mer_16769:1+21 of 25
GATAGTCTTGGACAGACGGG
||||||||||||||||||||
GATAGTCTTGGACAGACGGG

>skpp-1014-F:0+20 of 20 bc25mer_9937:1+21 of 25
GAAGTGGTTTGCCTAAACGC
||||||||||||||||||||
GAAGTGGTTTGCCTAAACGC

>skpp-1015-F:0+20 of 20 bc25mer_12568:1+21 of 25
AGTGTTGAGCGTAACCAAGT
||||||||||||||||||||
AGTGTTGAGCGTAACCAAGT

>skpp-1016-F:0+20 of 20 bc25mer_10612:0+20 of 25
GTTACAGATAGAAGCCCGCT
||||||||||||||||||||
GTTACAGATAGAAGCCCGCT

>skpp-1017-F:0+20 of 20 bc25mer_72491:4+24 of 25
TCGCTTCCGACTATATACGC
||||||||||||||||||||
TCGCTTCCGACTATATACGC

>skpp-1018-F:0+20 of 20 bc25mer_4516:0+20 of 25
GTAATTATCCTGGACGCGGT
||||||||||||||||||||
GTAATTATCCTGGACGCGGT

>skpp-1019-F:0+20 of 20 bc25mer_167706:1+21 of 25
GAGTACCTGAACGAGAGAGC
||||||||||||||||||||
GAGTACCTGAACGAGAGAGC

>skpp-1020-F:0+20 of 20 bc25mer_201829:2+22 of 25
TCAGTCGGTGTATTTGAGCC
||||||||||||||||||||
TCAGTCGGTGTATTTGAGCC

>skpp-1021-F:0+20 of 20 bc25mer_60383:0+20 of 25
TGAGGGCCATGATGTTAAGG
||||||||||||||||||||
TGAGGGCCATGATGTTAAGG

>skpp-1022-F:0+20 of 20 bc25mer_202996:0+20 of 25
CTGGAGCAGCGATGGATTAA
||||||||||||||||||||
CTGGAGCAGCGATGGATTAA

>skpp-1023-F:0+20 of 20 bc25mer_86815:0+20 of 25
GCGTTTGTGACGTATTTCCC
||||||||||||||||||||
GCGTTTGTGACGTATTTCCC

>skpp-1024-F:0+20 of 20 bc25mer_10453:0+20 of 25
ATATACGAAACGGGCTTGGT
||||||||||||||||||||
ATATACGAAACGGGCTTGGT

>skpp-1025-F:0+20 of 20 bc25mer_4368:1+21 of 25
CGGTCTAAAGAACCTCTGCA
||||||||||||||||||||
CGGTCTAAAGAACCTCTGCA

>skpp-1026-F:0+20 of 20 bc25mer_4529:0+20 of 25
GGGGTCGTGTTACCACATAT
||||||||||||||||||||
GGGGTCGTGTTACCACATAT

>skpp-1027-F:0+20 of 20 bc25mer_360:2+22 of 25
ATTTCTCCACTCCCAACTGG
||||||||||||||||||||
ATTTCTCCACTCCCAACTGG

>skpp-1028-F:0+20 of 20 bc25mer_20983:1+21 of 25
TCTTGAGTACCGGGTGGAAT
||||||||||||||||||||
TCTTGAGTACCGGGTGGAAT

>skpp-1029-F:0+20 of 20 bc25mer_11193:3+23 of 25
TCGAATATGCTGTAACCCCG
||||||||||||||||||||
TCGAATATGCTGTAACCCCG

>skpp-1030-F:0+20 of 20 bc25mer_33894:0+20 of 25
TTAGCCTAATCCACACGACC
||||||||||||||||||||
TTAGCCTAATCCACACGACC

>skpp-1031-F:0+20 of 20 bc25mer_7035:1+21 of 25
ATGTAGCGTATTACTGCGGG
||||||||||||||||||||
ATGTAGCGTATTACTGCGGG

>skpp-1032-F:0+20 of 20 bc25mer_66615:1+21 of 25
TCAAGGATTGTCCCTGGTTC
||||||||||||||||||||
TCAAGGATTGTCCCTGGTTC

>skpp-1033-F:0+20 of 20 bc25mer_58056:0+20 of 25
TTCCCTAGCAGCATCGAATT
||||||||||||||||||||
TTCCCTAGCAGCATCGAATT

>skpp-1034-F:0+20 of 20 bc25mer_207600:3+23 of 25
GAGCTTAGGTATCTCGCTCC
||||||||||||||||||||
GAGCTTAGGTATCTCGCTCC

>skpp-1035-F:0+20 of 20 bc25mer_93910:0+20 of 25
GTTCGTTGCTTCGCTTACTG
||||||||||||||||||||
GTTCGTTGCTTCGCTTACTG

>skpp-1036-F:0+20 of 20 bc25mer_50065:0+20 of 25
CGCGCCCACTATAATGTTGA
||||||||||||||||||||
CGCGCCCACTATAATGTTGA

>skpp-1037-F:0+20 of 20 bc25mer_8525:0+20 of 25
CGGTCTAGGATTATGCCGAC
||||||||||||||||||||
CGGTCTAGGATTATGCCGAC

>skpp-1038-F:0+20 of 20 bc25mer_29596:0+20 of 25
GTGTAAGCGTCGGTGACTAA
||||||||||||||||||||
GTGTAAGCGTCGGTGACTAA

>skpp-1039-F:0+20 of 20 bc25mer_143451:2+22 of 25
ACTATTAATGGGTAGGCGGC
||||||||||||||||||||
ACTATTAATGGGTAGGCGGC

>skpp-1040-F:0+20 of 20 bc25mer_72701:4+24 of 25
GTCTCGTCCTTCTACCTTCG
||||||||||||||||||||
GTCTCGTCCTTCTACCTTCG

>skpp-1041-F:0+20 of 20 bc25mer_45612:3+23 of 25
CCTTTAACAGGACATGCAGC
||||||||||||||||||||
CCTTTAACAGGACATGCAGC

>skpp-1042-F:0+20 of 20 bc25mer_134063:0+20 of 25
TGATCTGCTATGGTTTCCCG
||||||||||||||||||||
TGATCTGCTATGGTTTCCCG

>skpp-1043-F:0+20 of 20 bc25mer_17081:3+23 of 25
CTTGTCTCCTCTCACGAGTG
||||||||||||||||||||
CTTGTCTCCTCTCACGAGTG

>skpp-1044-F:0+20 of 20 bc25mer_204213:1+21 of 25
CCACGAGATAAGAGGATGGC
||||||||||||||||||||
CCACGAGATAAGAGGATGGC

>skpp-1045-F:0+20 of 20 bc25mer_4070:0+20 of 25
TGTGTTTAATGACGCGAAGC
||||||||||||||||||||
TGTGTTTAATGACGCGAAGC

>skpp-1046-F:0+20 of 20 bc25mer_5393:0+20 of 25
AGGTCTATGGAATTTCGGGC
||||||||||||||||||||
AGGTCTATGGAATTTCGGGC

>skpp-1047-F:0+20 of 20 bc25mer_6388:4+24 of 25
CTAATGCTGCACAAGTAGCG
||||||||||||||||||||
CTAATGCTGCACAAGTAGCG

>skpp-1048-F:0+20 of 20 bc25mer_198637:4+24 of 25
TCACGCACCTGTCTTAATGG
||||||||||||||||||||
TCACGCACCTGTCTTAATGG

>skpp-1049-F:0+20 of 20 bc25mer_207603:1+21 of 25
ACTGTATATTCGTCGAGCGG
||||||||||||||||||||
ACTGTATATTCGTCGAGCGG

>skpp-1050-F:0+20 of 20 bc25mer_52619:2+22 of 25
TCGCTCAGCCTTTAGATTCC
||||||||||||||||||||
TCGCTCAGCCTTTAGATTCC

>skpp-1051-F:0+20 of 20 bc25mer_189912:1+21 of 25
TCCAATTATACGGAGCAGGC
||||||||||||||||||||
TCCAATTATACGGAGCAGGC

>skpp-1052-F:0+20 of 20 bc25mer_246:3+23 of 25
TGAACTAGGTCTTTCTCGCG
||||||||||||||||||||
TGAACTAGGTCTTTCTCGCG

>skpp-1053-F:0+20 of 20 bc25mer_15512:2+22 of 25
AAATCTCCCTCCTACACCGT
||||||||||||||||||||
AAATCTCCCTCCTACACCGT

>skpp-1054-F:0+20 of 20 bc25mer_13003:2+22 of 25
ATAACAGAATCCGCTTCGGT
||||||||||||||||||||
ATAACAGAATCCGCTTCGGT

>skpp-1055-F:0+20 of 20 bc25mer_40670:3+23 of 25
GGATGTATGCTAGCAACCCT
||||||||||||||||||||
GGATGTATGCTAGCAACCCT

>skpp-1056-F:0+20 of 20 bc25mer_2431:0+20 of 25
CTCTAGTATTGCAGGCACCC
||||||||||||||||||||
CTCTAGTATTGCAGGCACCC

>skpp-1057-F:0+20 of 20 bc25mer_9631:1+21 of 25
TATGCTCGCCAGTAAAGTGG
||||||||||||||||||||
TATGCTCGCCAGTAAAGTGG

>skpp-1058-F:0+20 of 20 bc25mer_563:0+20 of 25
GCTTCACGCACTACTATCGT
||||||||||||||||||||
GCTTCACGCACTACTATCGT

>skpp-1059-F:0+20 of 20 bc25mer_55377:1+21 of 25
CTGGGCAGGAAACAACACTA
||||||||||||||||||||
CTGGGCAGGAAACAACACTA

>skpp-1060-F:0+20 of 20 bc25mer_18353:0+20 of 25
ACTCATGTGGTTCAGCACTC
||||||||||||||||||||
ACTCATGTGGTTCAGCACTC

>skpp-1061-F:0+20 of 20 bc25mer_98160:0+20 of 25
CTAAGCTCAGCCAGTCCTTC
||||||||||||||||||||
CTAAGCTCAGCCAGTCCTTC

>skpp-1062-F:0+20 of 20 bc25mer_49829:2+22 of 25
ATCAAGCGTTTTAGCCGTTC
||||||||||||||||||||
ATCAAGCGTTTTAGCCGTTC

>skpp-1063-F:0+20 of 20 bc25mer_64757:0+20 of 25
CTAGTGGTGTGCTCCTTAGG
||||||||||||||||||||
CTAGTGGTGTGCTCCTTAGG

>skpp-1064-F:0+20 of 20 bc25mer_23861:1+21 of 25
ATAGTTGTATCGCCGACTCG
||||||||||||||||||||
ATAGTTGTATCGCCGACTCG

>skpp-1065-F:0+20 of 20 bc25mer_10319:2+22 of 25
CCGAGTTGCATCGTAATTCG
||||||||||||||||||||
CCGAGTTGCATCGTAATTCG

>skpp-1066-F:0+20 of 20 bc25mer_101982:2+22 of 25
GATCCCCACCAAAAGTCTCT
||||||||||||||||||||
GATCCCCACCAAAAGTCTCT

>skpp-1067-F:0+20 of 20 bc25mer_209271:0+20 of 25
AGTCCTAGGTGGGAGTGTAC
||||||||||||||||||||
AGTCCTAGGTGGGAGTGTAC

>skpp-1068-F:0+20 of 20 bc25mer_21319:1+21 of 25
AAGTCGTGAGTTATGCCGAC
||||||||||||||||||||
AAGTCGTGAGTTATGCCGAC

>skpp-1069-F:0+20 of 20 bc25mer_29753:0+20 of 25
AAGAAATATAACGCGACGCG
||||||||||||||||||||
AAGAAATATAACGCGACGCG

>skpp-1070-F:0+20 of 20 bc25mer_84312:4+24 of 25
CGTAGGTAAGCTAGAACGCA
||||||||||||||||||||
CGTAGGTAAGCTAGAACGCA

>skpp-1071-F:0+20 of 20 bc25mer_89785:3+23 of 25
ATTATCCTAGTCCGGGCTCA
||||||||||||||||||||
ATTATCCTAGTCCGGGCTCA

>skpp-1072-F:0+20 of 20 bc25mer_213584:0+20 of 25
GCTATGAGGGCGTGTAACAT
||||||||||||||||||||
GCTATGAGGGCGTGTAACAT

>skpp-1073-F:0+20 of 20 bc25mer_21432:0+20 of 25
GGGTAGCTTTCCCAATGTCT
||||||||||||||||||||
GGGTAGCTTTCCCAATGTCT

>skpp-1074-F:0+20 of 20 bc25mer_55676:2+22 of 25
GTCTTGAAAATCGGCTACGG
||||||||||||||||||||
GTCTTGAAAATCGGCTACGG

>skpp-1075-F:0+20 of 20 bc25mer_24208:0+20 of 25
GATTGGATAAATGGCCGCAG
||||||||||||||||||||
GATTGGATAAATGGCCGCAG

>skpp-1076-F:0+20 of 20 bc25mer_61203:1+21 of 25
GTTGCCTTTCTCTGTAACGC
||||||||||||||||||||
GTTGCCTTTCTCTGTAACGC

>skpp-1077-F:0+20 of 20 bc25mer_5614:4+24 of 25
TTCTGAGTGGATGTAACGCC
||||||||||||||||||||
TTCTGAGTGGATGTAACGCC

>skpp-1078-F:0+20 of 20 bc25mer_64185:0+20 of 25
TGCATTGACTAAGGGTTCCC
||||||||||||||||||||
TGCATTGACTAAGGGTTCCC

>skpp-1079-F:0+20 of 20 bc25mer_110363:0+20 of 25
GGCCAGCGGGTGTTATTATA
||||||||||||||||||||
GGCCAGCGGGTGTTATTATA

>skpp-1080-F:0+20 of 20 bc25mer_2494:3+23 of 25
TACTTGAATACCACGTGGCC
||||||||||||||||||||
TACTTGAATACCACGTGGCC

>skpp-1081-F:0+20 of 20 bc25mer_88211:1+21 of 25
CTAGGGAACCAGGCTTAACG
||||||||||||||||||||
CTAGGGAACCAGGCTTAACG

>skpp-1082-F:0+20 of 20 bc25mer_56042:0+20 of 25
ACCCGTGCGTATTTCACTAA
||||||||||||||||||||
ACCCGTGCGTATTTCACTAA

>skpp-1083-F:0+20 of 20 bc25mer_1181:0+20 of 25
TCTTCATAAGCCAGAGTGCC
||||||||||||||||||||
TCTTCATAAGCCAGAGTGCC

>skpp-1084-F:0+20 of 20 bc25mer_3915:0+20 of 25
TGGGGACGACTTATAATGCC
||||||||||||||||||||
TGGGGACGACTTATAATGCC

>skpp-1085-F:0+20 of 20 bc25mer_76349:0+20 of 25
CACCATCGCTATGCTCCTTA
||||||||||||||||||||
CACCATCGCTATGCTCCTTA

>skpp-1086-F:0+20 of 20 bc25mer_71557:1+21 of 25
ATTCTGCGACTAGCAAACCT
||||||||||||||||||||
ATTCTGCGACTAGCAAACCT

>skpp-1087-F:0+20 of 20 bc25mer_31268:0+20 of 25
GGCGGAAGGATGGACTAATT
||||||||||||||||||||
GGCGGAAGGATGGACTAATT

>skpp-1088-F:0+20 of 20 bc25mer_147007:1+21 of 25
TGTTGGCTCACTCACTATCG
||||||||||||||||||||
TGTTGGCTCACTCACTATCG

>skpp-1089-F:0+20 of 20 bc25mer_8249:2+22 of 25
TTAGAATAGGTTCGCCGTCC
||||||||||||||||||||
TTAGAATAGGTTCGCCGTCC

>skpp-1090-F:0+20 of 20 bc25mer_91100:0+20 of 25
CCGAACCACAGTATATCGCC
||||||||||||||||||||
CCGAACCACAGTATATCGCC

>skpp-1091-F:0+20 of 20 bc25mer_3617:0+20 of 25
GTCTCTTATCGCGAGCTGAT
||||||||||||||||||||
GTCTCTTATCGCGAGCTGAT

>skpp-1092-F:0+20 of 20 bc25mer_122775:0+20 of 25
CGGATGGCTTCCCTGATATT
||||||||||||||||||||
CGGATGGCTTCCCTGATATT

>skpp-1093-F:0+20 of 20 bc25mer_50038:4+24 of 25
TGGGTACTCGCTCATAGTCT
||||||||||||||||||||
TGGGTACTCGCTCATAGTCT

>skpp-1094-F:0+20 of 20 bc25mer_125519:0+20 of 25
GCGAGTGTTTCATCAAGTGG
||||||||||||||||||||
GCGAGTGTTTCATCAAGTGG

>skpp-1095-F:0+20 of 20 bc25mer_30701:2+22 of 25
TACCTTTGCTCTAGCTTCGG
||||||||||||||||||||
TACCTTTGCTCTAGCTTCGG

>skpp-1096-F:0+20 of 20 bc25mer_58593:0+20 of 25
GCACGCTGTTTCCTTTACAA
||||||||||||||||||||
GCACGCTGTTTCCTTTACAA

>skpp-1097-F:0+20 of 20 bc25mer_136006:1+21 of 25
ATAACAACCCGTCTACTCGC
||||||||||||||||||||
ATAACAACCCGTCTACTCGC

>skpp-1098-F:0+20 of 20 bc25mer_120663:3+23 of 25
TGTATGGGAAGTCGTAGGGA
||||||||||||||||||||
TGTATGGGAAGTCGTAGGGA

>skpp-1099-F:0+20 of 20 bc25mer_149065:2+22 of 25
TTGAGATACCGTCTACCCCA
||||||||||||||||||||
TTGAGATACCGTCTACCCCA

>skpp-1100-F:0+20 of 20 bc25mer_159818:2+22 of 25
CCAAACATGAAACCCCAAGC
||||||||||||||||||||
CCAAACATGAAACCCCAAGC

>skpp-1101-F:0+20 of 20 bc25mer_5746:0+20 of 25
TGTTGTATCGATACCGCTGC
||||||||||||||||||||
TGTTGTATCGATACCGCTGC

>skpp-1102-F:0+20 of 20 bc25mer_61353:0+20 of 25
GTCATCGGTTCGACGACTTA
||||||||||||||||||||
GTCATCGGTTCGACGACTTA

>skpp-1103-F:0+20 of 20 bc25mer_197659:0+20 of 25
ATTTCCGGTGGCGTTTAGTT
||||||||||||||||||||
ATTTCCGGTGGCGTTTAGTT

>skpp-1104-F:0+20 of 20 bc25mer_36491:1+21 of 25
TGTAATAGGCGAGATGCACG
||||||||||||||||||||
TGTAATAGGCGAGATGCACG

>skpp-1105-F:0+20 of 20 bc25mer_51501:0+20 of 25
GTGTCATGCGACAGGAGTTA
||||||||||||||||||||
GTGTCATGCGACAGGAGTTA

>skpp-1106-F:0+20 of 20 bc25mer_77231:1+21 of 25
ATCCAGGAGGTCTAGGAACC
||||||||||||||||||||
ATCCAGGAGGTCTAGGAACC

>skpp-1107-F:0+20 of 20 bc25mer_47499:0+20 of 25
TACCACGAAATGCACAGGAG
||||||||||||||||||||
TACCACGAAATGCACAGGAG

>skpp-1108-F:0+20 of 20 bc25mer_2219:0+20 of 25
TTGTGTCCATTCTGTAGCCC
||||||||||||||||||||
TTGTGTCCATTCTGTAGCCC

>skpp-1109-F:0+20 of 20 bc25mer_83577:0+20 of 25
GCACGCAAAAGGACATAACC
||||||||||||||||||||
GCACGCAAAAGGACATAACC

>skpp-1110-F:0+20 of 20 bc25mer_101451:1+21 of 25
AAGTGCAGTAACGAGGTAGC
||||||||||||||||||||
AAGTGCAGTAACGAGGTAGC

>skpp-1111-F:0+20 of 20 bc25mer_78927:2+22 of 25
TCATGTTATCCCGTATGCGG
||||||||||||||||||||
TCATGTTATCCCGTATGCGG

>skpp-1112-F:0+20 of 20 bc25mer_48244:2+22 of 25
CGTATACTATCTCACGCCGG
||||||||||||||||||||
CGTATACTATCTCACGCCGG

>skpp-1113-F:0+20 of 20 bc25mer_197339:2+22 of 25
AGTCTGTGGTGTTGGTAAGG
||||||||||||||||||||
AGTCTGTGGTGTTGGTAAGG

>skpp-1114-F:0+20 of 20 bc25mer_161107:1+21 of 25
ATCAGTGGGCTATTCTTGCG
||||||||||||||||||||
ATCAGTGGGCTATTCTTGCG

>skpp-1115-F:0+20 of 20 bc25mer_5445:0+20 of 25
TGAGCGTTGTCGAAGTGTAA
||||||||||||||||||||
TGAGCGTTGTCGAAGTGTAA

>skpp-1116-F:0+20 of 20 bc25mer_51812:1+21 of 25
CTATAGTCGTGAGAGTGCGG
||||||||||||||||||||
CTATAGTCGTGAGAGTGCGG

>skpp-1117-F:0+20 of 20 bc25mer_9545:0+20 of 25
ACATAGCTCCGATTCCCAAG
||||||||||||||||||||
ACATAGCTCCGATTCCCAAG

>skpp-1118-F:0+20 of 20 bc25mer_36539:1+21 of 25
TTTAGATAATCCCGTGGCGG
||||||||||||||||||||
TTTAGATAATCCCGTGGCGG

>skpp-1119-F:0+20 of 20 bc25mer_850:2+22 of 25
CAGACCTACGGATCTTAGCG
||||||||||||||||||||
CAGACCTACGGATCTTAGCG

>skpp-1120-F:0+20 of 20 bc25mer_13913:1+21 of 25
ACCTTAGTGGGGTTTTGAGC
||||||||||||||||||||
ACCTTAGTGGGGTTTTGAGC

>skpp-1121-F:0+20 of 20 bc25mer_8088:0+20 of 25
GCGTAGTGAAATTGCACCTC
||||||||||||||||||||
GCGTAGTGAAATTGCACCTC

>skpp-1122-F:0+20 of 20 bc25mer_33840:0+20 of 25
CCGAGGAAGTACCGGATAGT
||||||||||||||||||||
CCGAGGAAGTACCGGATAGT

>skpp-1123-F:0+20 of 20 bc25mer_177033:0+20 of 25
GACTTGCGATGGCGAATTTT
||||||||||||||||||||
GACTTGCGATGGCGAATTTT

>skpp-1124-F:0+20 of 20 bc25mer_2522:0+20 of 25
GCTTTCTAATGCCGACCTTG
||||||||||||||||||||
GCTTTCTAATGCCGACCTTG

>skpp-1125-F:0+20 of 20 bc25mer_9853:0+20 of 25
CTAGGTGTTGCCCAATGGTA
||||||||||||||||||||
CTAGGTGTTGCCCAATGGTA

>skpp-1126-F:0+20 of 20 bc25mer_3680:0+20 of 25
CCTTTCCTCCAATAGACGCT
||||||||||||||||||||
CCTTTCCTCCAATAGACGCT

>skpp-1127-F:0+20 of 20 bc25mer_180368:0+20 of 25
AACCTTGGCGGTACTTTAGG
||||||||||||||||||||
AACCTTGGCGGTACTTTAGG

>skpp-1128-F:0+20 of 20 bc25mer_6708:4+24 of 25
CACAACCGGTTGGATTGGAT
||||||||||||||||||||
CACAACCGGTTGGATTGGAT

>skpp-1129-F:0+20 of 20 bc25mer_8826:2+22 of 25
AAGATTCGTTTCCTGGCACT
||||||||||||||||||||
AAGATTCGTTTCCTGGCACT

>skpp-1130-F:0+20 of 20 bc25mer_73403:0+20 of 25
GCGAGGTAAACGATACGTCT
||||||||||||||||||||
GCGAGGTAAACGATACGTCT

>skpp-1131-F:0+20 of 20 bc25mer_17976:1+21 of 25
ATACTCCTGGGAGAGTGGTC
||||||||||||||||||||
ATACTCCTGGGAGAGTGGTC

>skpp-1132-F:0+20 of 20 bc25mer_227554:0+20 of 25
TGCTAACTGTCGGTACTTCG
||||||||||||||||||||
TGCTAACTGTCGGTACTTCG

>skpp-1133-F:0+20 of 20 bc25mer_191313:2+22 of 25
CTGGTTCTGCCTACTATCCG
||||||||||||||||||||
CTGGTTCTGCCTACTATCCG

>skpp-1134-F:0+20 of 20 bc25mer_151443:2+22 of 25
TGGACTTAACCCTATGGTGC
||||||||||||||||||||
TGGACTTAACCCTATGGTGC

>skpp-1135-F:0+20 of 20 bc25mer_45931:3+23 of 25
ACATTAAATTTCGCCGTGGC
||||||||||||||||||||
ACATTAAATTTCGCCGTGGC

>skpp-1136-F:0+20 of 20 bc25mer_33:2+22 of 25
AGACTGCCCGACACATCTTA
||||||||||||||||||||
AGACTGCCCGACACATCTTA

>skpp-1137-F:0+20 of 20 bc25mer_51709:0+20 of 25
AACTCTCTTTTGTCGGGTGG
||||||||||||||||||||
AACTCTCTTTTGTCGGGTGG

>skpp-1138-F:0+20 of 20 bc25mer_7545:0+20 of 25
GTTCGGTCGGTCCACTAAAT
||||||||||||||||||||
GTTCGGTCGGTCCACTAAAT

>skpp-1139-F:0+20 of 20 bc25mer_11691:2+22 of 25
ATGTCCACAGAGTACTTGCC
||||||||||||||||||||
ATGTCCACAGAGTACTTGCC

>skpp-1140-F:0+20 of 20 bc25mer_44775:2+22 of 25
AACTATGTCCAAAGCACCGA
||||||||||||||||||||
AACTATGTCCAAAGCACCGA

>skpp-1141-F:0+20 of 20 bc25mer_41666:3+23 of 25
AATCTAAGACTCCGTCGCAG
||||||||||||||||||||
AATCTAAGACTCCGTCGCAG

>skpp-1142-F:0+20 of 20 bc25mer_123110:0+20 of 25
TCCCATTTTGGTTAGCGTCA
||||||||||||||||||||
TCCCATTTTGGTTAGCGTCA

>skpp-1143-F:0+20 of 20 bc25mer_65961:1+21 of 25
AAGATTAACCCACTCGCCTC
||||||||||||||||||||
AAGATTAACCCACTCGCCTC

>skpp-1144-F:0+20 of 20 bc25mer_23532:2+22 of 25
TGCAACATTAAACCAACCGC
||||||||||||||||||||
TGCAACATTAAACCAACCGC

>skpp-1145-F:0+20 of 20 bc25mer_21585:0+20 of 25
ACCGAAGATAAGTGGCTGTC
||||||||||||||||||||
ACCGAAGATAAGTGGCTGTC

>skpp-1146-F:0+20 of 20 bc25mer_11553:0+20 of 25
GTATGTCGGCTCTCGTATCG
||||||||||||||||||||
GTATGTCGGCTCTCGTATCG

>skpp-1147-F:0+20 of 20 bc25mer_165155:0+20 of 25
CAATGGAGGATAACGACCGT
||||||||||||||||||||
CAATGGAGGATAACGACCGT

>skpp-1148-F:0+20 of 20 bc25mer_96651:0+20 of 25
ATGTGTGTGACTGATCCTGC
||||||||||||||||||||
ATGTGTGTGACTGATCCTGC

>skpp-1149-F:0+20 of 20 bc25mer_118421:0+20 of 25
TTACATAACCGTCGCACCTT
||||||||||||||||||||
TTACATAACCGTCGCACCTT

>skpp-1150-F:0+20 of 20 bc25mer_1917:4+24 of 25
GTCATTAGGCTTTCGTTCGC
||||||||||||||||||||
GTCATTAGGCTTTCGTTCGC

>skpp-1151-F:0+20 of 20 bc25mer_10297:4+24 of 25
TGCTTATATTCGGGATGGCC
||||||||||||||||||||
TGCTTATATTCGGGATGGCC

>skpp-1152-F:0+20 of 20 bc25mer_73971:0+20 of 25
AGATAGTCACGCACAAGACC
||||||||||||||||||||
AGATAGTCACGCACAAGACC

>skpp-1153-F:0+20 of 20 bc25mer_12952:3+23 of 25
TTGCTCGGATGACCTAATGC
||||||||||||||||||||
TTGCTCGGATGACCTAATGC

>skpp-1154-F:0+20 of 20 bc25mer_51513:0+20 of 25
AAGTGAGTGCAACCCTAACA
||||||||||||||||||||
AAGTGAGTGCAACCCTAACA

>skpp-1155-F:0+20 of 20 bc25mer_3963:3+23 of 25
GATTATAGTTCTGTGCGCGC
||||||||||||||||||||
GATTATAGTTCTGTGCGCGC

>skpp-1156-F:0+20 of 20 bc25mer_170890:2+22 of 25
ATCATTCAATAGAGGCCGGC
||||||||||||||||||||
ATCATTCAATAGAGGCCGGC

>skpp-1157-F:0+20 of 20 bc25mer_32694:0+20 of 25
TGATTCTTCGATGCTAGGCG
||||||||||||||||||||
TGATTCTTCGATGCTAGGCG

>skpp-1158-F:0+20 of 20 bc25mer_5083:0+20 of 25
CGGGTTATCGTGGGTAGAAC
||||||||||||||||||||
CGGGTTATCGTGGGTAGAAC

>skpp-1159-F:0+20 of 20 bc25mer_5657:0+20 of 25
CCGGTGGTGGAAATGAGTAG
||||||||||||||||||||
CCGGTGGTGGAAATGAGTAG

>skpp-1160-F:0+20 of 20 bc25mer_77533:0+20 of 25
CCAGTCTTACACTGTACGCC
||||||||||||||||||||
CCAGTCTTACACTGTACGCC

>skpp-1161-F:0+20 of 20 bc25mer_3011:2+22 of 25
ATGTAAATGCACTCCTCCGG
||||||||||||||||||||
ATGTAAATGCACTCCTCCGG

>skpp-1162-F:0+20 of 20 bc25mer_18898:1+21 of 25
AACACTAAATGCATCCACGC
||||||||||||||||||||
AACACTAAATGCATCCACGC

>skpp-1163-F:0+20 of 20 bc25mer_172108:0+20 of 25
GGTTCTTAGGTTAGAGGGGC
||||||||||||||||||||
GGTTCTTAGGTTAGAGGGGC

>skpp-1164-F:0+20 of 20 bc25mer_197634:1+21 of 25
ATCGAATTTTCCGCTCTCGA
||||||||||||||||||||
ATCGAATTTTCCGCTCTCGA

>skpp-1165-F:0+20 of 20 bc25mer_61917:2+22 of 25
TTAGGCTAACTCACCTTGCC
||||||||||||||||||||
TTAGGCTAACTCACCTTGCC

>skpp-1166-F:0+20 of 20 bc25mer_16970:2+22 of 25
AATGCCGATAGACGTTGTCT
||||||||||||||||||||
AATGCCGATAGACGTTGTCT

>skpp-1167-F:0+20 of 20 bc25mer_5408:0+20 of 25
ATACTGTAAGAACCACGCGG
||||||||||||||||||||
ATACTGTAAGAACCACGCGG

>skpp-1168-F:0+20 of 20 bc25mer_198038:0+20 of 25
GTTGTTATCACCGCTGACGA
||||||||||||||||||||
GTTGTTATCACCGCTGACGA

>skpp-1169-F:0+20 of 20 bc25mer_15222:0+20 of 25
GGAGACACAAACGTTACGTG
||||||||||||||||||||
GGAGACACAAACGTTACGTG

>skpp-1170-F:0+20 of 20 bc25mer_57517:1+21 of 25
TCTAGGACTATCACCGGAGG
||||||||||||||||||||
TCTAGGACTATCACCGGAGG

>skpp-1171-F:0+20 of 20 bc25mer_28600:0+20 of 25
CTTAGTTGTGGAGTGAGCGT
||||||||||||||||||||
CTTAGTTGTGGAGTGAGCGT

>skpp-1172-F:0+20 of 20 bc25mer_215793:0+20 of 25
GTTTATTGGGGTGGGTTGGA
||||||||||||||||||||
GTTTATTGGGGTGGGTTGGA

>skpp-1173-F:0+20 of 20 bc25mer_7076:1+21 of 25
TATACGATCAAGGTGTGCCG
||||||||||||||||||||
TATACGATCAAGGTGTGCCG

>skpp-1174-F:0+20 of 20 bc25mer_32733:0+20 of 25
TAATGGATCTAAGCCGTGGG
||||||||||||||||||||
TAATGGATCTAAGCCGTGGG

>skpp-1175-F:0+20 of 20 bc25mer_1307:0+20 of 25
GAGTACGATCAGGCAAGGTT
||||||||||||||||||||
GAGTACGATCAGGCAAGGTT

>skpp-1176-F:0+20 of 20 bc25mer_3668:4+24 of 25
ACGGAGCCCTTATTGTAACC
||||||||||||||||||||
ACGGAGCCCTTATTGTAACC

>skpp-1177-F:0+20 of 20 bc25mer_6809:2+22 of 25
TGAGGTAACTTGATCGTCGC
||||||||||||||||||||
TGAGGTAACTTGATCGTCGC

>skpp-1178-F:0+20 of 20 bc25mer_20058:1+21 of 25
TTTGGTGGTAATTCGGTCCC
||||||||||||||||||||
TTTGGTGGTAATTCGGTCCC

>skpp-1179-F:0+20 of 20 bc25mer_137379:0+20 of 25
AGTGTTTTCCATTTTCCGCG
||||||||||||||||||||
AGTGTTTTCCATTTTCCGCG

>skpp-1180-F:0+20 of 20 bc25mer_5619:0+20 of 25
GATATACGGCGCGTCACATA
||||||||||||||||||||
GATATACGGCGCGTCACATA

>skpp-1181-F:0+20 of 20 bc25mer_54211:0+20 of 25
CACAGTGTAACACAGCCTGA
||||||||||||||||||||
CACAGTGTAACACAGCCTGA

>skpp-1182-F:0+20 of 20 bc25mer_28077:2+22 of 25
ATTCAAGGGTTGGACGACTC
||||||||||||||||||||
ATTCAAGGGTTGGACGACTC

>skpp-1183-F:0+20 of 20 bc25mer_104102:1+21 of 25
GTGCTTTGATCGTATCACGC
||||||||||||||||||||
GTGCTTTGATCGTATCACGC

>skpp-1184-F:0+20 of 20 bc25mer_99017:0+20 of 25
CGCTACCATCTATTCTCGCA
||||||||||||||||||||
CGCTACCATCTATTCTCGCA

>skpp-1185-F:0+20 of 20 bc25mer_462:0+20 of 25
CACCTAATCTCGACGCTAGG
||||||||||||||||||||
CACCTAATCTCGACGCTAGG

>skpp-1186-F:0+20 of 20 bc25mer_40731:0+20 of 25
GTACTCATCCCGCTTCGAAT
||||||||||||||||||||
GTACTCATCCCGCTTCGAAT

>skpp-1187-F:0+20 of 20 bc25mer_20381:2+22 of 25
CGTGGGTTGCCATAATTGTG
||||||||||||||||||||
CGTGGGTTGCCATAATTGTG

>skpp-1188-F:0+20 of 20 bc25mer_41063:0+20 of 25
TAGCTGCTTGATTAGCCGTT
||||||||||||||||||||
TAGCTGCTTGATTAGCCGTT

>skpp-1189-F:0+20 of 20 bc25mer_130717:2+22 of 25
TCATTTCTGTGGCACTAGCA
||||||||||||||||||||
TCATTTCTGTGGCACTAGCA

>skpp-1190-F:0+20 of 20 bc25mer_8052:0+20 of 25
GATCTTGCACGGGTTGCTAT
||||||||||||||||||||
GATCTTGCACGGGTTGCTAT

>skpp-1191-F:0+20 of 20 bc25mer_106510:0+20 of 25
TAGAGTTATGTCGCGCACTC
||||||||||||||||||||
TAGAGTTATGTCGCGCACTC

>skpp-1192-F:0+20 of 20 bc25mer_19507:2+22 of 25
CTAGCTGTCCGAACAACGTA
||||||||||||||||||||
CTAGCTGTCCGAACAACGTA

>skpp-1193-F:0+20 of 20 bc25mer_16128:3+23 of 25
CAATGACGTTTTCGAGAGCC
||||||||||||||||||||
CAATGACGTTTTCGAGAGCC

>skpp-1194-F:0+20 of 20 bc25mer_176952:0+20 of 25
GATTTAGTCCTGTCCAGCGT
||||||||||||||||||||
GATTTAGTCCTGTCCAGCGT

>skpp-1195-F:0+20 of 20 bc25mer_1703:4+24 of 25
ATACTAATGGCTTTCCCGCA
||||||||||||||||||||
ATACTAATGGCTTTCCCGCA

>skpp-1196-F:0+20 of 20 bc25mer_27792:0+20 of 25
GTAGTGGAGGTTTTCCGGAA
||||||||||||||||||||
GTAGTGGAGGTTTTCCGGAA

>skpp-1197-F:0+20 of 20 bc25mer_548:2+22 of 25
AGAAACCTTTTGTTGTGCCG
||||||||||||||||||||
AGAAACCTTTTGTTGTGCCG

>skpp-1198-F:0+20 of 20 bc25mer_40861:0+20 of 25
TGTTCTCCTGTATTGGTGCC
||||||||||||||||||||
TGTTCTCCTGTATTGGTGCC

>skpp-1199-F:0+20 of 20 bc25mer_5067:0+20 of 25
TAATTCTAGTGCTGGCCCAC
||||||||||||||||||||
TAATTCTAGTGCTGGCCCAC

>skpp-1200-F:0+20 of 20 bc25mer_89857:0+20 of 25
GCAATTATGGCAGAGCTCCT
||||||||||||||||||||
GCAATTATGGCAGAGCTCCT

>skpp-1201-F:0+20 of 20 bc25mer_32566:0+20 of 25
CACTAACTGGAAAGCACCGT
||||||||||||||||||||
CACTAACTGGAAAGCACCGT

>skpp-1202-F:0+20 of 20 bc25mer_73208:0+20 of 25
TGCTGGCTTATTCGCCTAAT
||||||||||||||||||||
TGCTGGCTTATTCGCCTAAT

>skpp-1203-F:0+20 of 20 bc25mer_160653:0+20 of 25
GTCGGCCCATTTTCTTACCA
||||||||||||||||||||
GTCGGCCCATTTTCTTACCA

>skpp-1204-F:0+20 of 20 bc25mer_19527:0+20 of 25
TCTAGCGATCTGAGAGTGGG
||||||||||||||||||||
TCTAGCGATCTGAGAGTGGG

>skpp-1205-F:0+20 of 20 bc25mer_189566:0+20 of 25
GACCATGCAAGGAGAGGTAC
||||||||||||||||||||
GACCATGCAAGGAGAGGTAC

>skpp-1206-F:0+20 of 20 bc25mer_20940:0+20 of 25
TCTGGAGGTTTGGAGCTACT
||||||||||||||||||||
TCTGGAGGTTTGGAGCTACT

>skpp-1207-F:0+20 of 20 bc25mer_161542:3+23 of 25
ACAGCCAAAGAATACCGTCC
||||||||||||||||||||
ACAGCCAAAGAATACCGTCC

>skpp-1208-F:0+20 of 20 bc25mer_8183:1+21 of 25
TCGTTCATACCGCGTATACG
||||||||||||||||||||
TCGTTCATACCGCGTATACG

>skpp-1209-F:0+20 of 20 bc25mer_3176:4+24 of 25
ACGTGAAACTGTATCGAGCC
||||||||||||||||||||
ACGTGAAACTGTATCGAGCC

>skpp-1210-F:0+20 of 20 bc25mer_24526:0+20 of 25
TACAGGCTTGGACATGAACG
||||||||||||||||||||
TACAGGCTTGGACATGAACG

>skpp-1211-F:0+20 of 20 bc25mer_19794:0+20 of 25
TAGGACCGTTCTGTTTCTGC
||||||||||||||||||||
TAGGACCGTTCTGTTTCTGC

>skpp-1212-F:0+20 of 20 bc25mer_107996:0+20 of 25
CTGTATGGTAGCGCTGTAGG
||||||||||||||||||||
CTGTATGGTAGCGCTGTAGG

>skpp-1213-F:0+20 of 20 bc25mer_14706:0+20 of 25
ATAGATAAGAGGTGCGGCAC
||||||||||||||||||||
ATAGATAAGAGGTGCGGCAC

>skpp-1214-F:0+20 of 20 bc25mer_3561:3+23 of 25
CTTTGGTTGGGCCCATACAT
||||||||||||||||||||
CTTTGGTTGGGCCCATACAT

>skpp-1215-F:0+20 of 20 bc25mer_15498:0+20 of 25
GGGCTGGTCATAACCGTAAA
||||||||||||||||||||
GGGCTGGTCATAACCGTAAA

>skpp-1216-F:0+20 of 20 bc25mer_58790:1+21 of 25
TACCTGATTGTTCGGCTACG
||||||||||||||||||||
TACCTGATTGTTCGGCTACG

>skpp-1217-F:0+20 of 20 bc25mer_128173:3+23 of 25
GTTAATCGGATTCCACACGC
||||||||||||||||||||
GTTAATCGGATTCCACACGC

>skpp-1218-F:0+20 of 20 bc25mer_66002:0+20 of 25
TGGTTAGACATCTCCGAGGT
||||||||||||||||||||
TGGTTAGACATCTCCGAGGT

>skpp-1219-F:0+20 of 20 bc25mer_4204:0+20 of 25
GTAGCAAGGATCAAGACCGT
||||||||||||||||||||
GTAGCAAGGATCAAGACCGT

>skpp-1220-F:0+20 of 20 bc25mer_12446:0+20 of 25
TCCGTTAGTGCCAAACTAGC
||||||||||||||||||||
TCCGTTAGTGCCAAACTAGC

>skpp-1221-F:0+20 of 20 bc25mer_43358:0+20 of 25
AACAGGGTGTTCATGCTAGG
||||||||||||||||||||
AACAGGGTGTTCATGCTAGG

>skpp-1222-F:0+20 of 20 bc25mer_22776:0+20 of 25
GTGAGGGGTCCTTCTGTACT
||||||||||||||||||||
GTGAGGGGTCCTTCTGTACT

>skpp-1223-F:0+20 of 20 bc25mer_10979:0+20 of 25
CTAAGGTGCTTCGTCGGATT
||||||||||||||||||||
CTAAGGTGCTTCGTCGGATT

>skpp-1224-F:0+20 of 20 bc25mer_86294:1+21 of 25
TTGCTCTGTTATGTGGGACC
||||||||||||||||||||
TTGCTCTGTTATGTGGGACC

>skpp-1225-F:0+20 of 20 bc25mer_120186:0+20 of 25
GCCATATATGCTTGCGTCAC
||||||||||||||||||||
GCCATATATGCTTGCGTCAC

>skpp-1226-F:0+20 of 20 bc25mer_1731:0+20 of 25
GGAGAACTGTTCCCTATGGG
||||||||||||||||||||
GGAGAACTGTTCCCTATGGG

>skpp-1227-F:0+20 of 20 bc25mer_25230:0+20 of 25
GTAGTTACAACGACGCGGTA
||||||||||||||||||||
GTAGTTACAACGACGCGGTA

>skpp-1228-F:0+20 of 20 bc25mer_85319:0+20 of 25
AAGGTGACGGTCCTAGCAAA
||||||||||||||||||||
AAGGTGACGGTCCTAGCAAA

>skpp-1229-F:0+20 of 20 bc25mer_155821:0+20 of 25
AGTGTGTTCGAGTTACGTCC
||||||||||||||||||||
AGTGTGTTCGAGTTACGTCC

>skpp-1230-F:0+20 of 20 bc25mer_155509:0+20 of 25
GGGGCTGAATGAGATTAGGG
||||||||||||||||||||
GGGGCTGAATGAGATTAGGG

>skpp-1231-F:0+20 of 20 bc25mer_119329:4+24 of 25
TCATTCACCTATTCGTGCCG
||||||||||||||||||||
TCATTCACCTATTCGTGCCG

>skpp-1232-F:0+20 of 20 bc25mer_38520:0+20 of 25
AAGCTAGGATTTGCTCTGGG
||||||||||||||||||||
AAGCTAGGATTTGCTCTGGG

>skpp-1233-F:0+20 of 20 bc25mer_4350:2+22 of 25
TTGTGCAGCTTAGGGATACC
||||||||||||||||||||
TTGTGCAGCTTAGGGATACC

>skpp-1234-F:0+20 of 20 bc25mer_68929:1+21 of 25
TTTGCATAGCCACCCAGAAT
||||||||||||||||||||
TTTGCATAGCCACCCAGAAT

>skpp-1235-F:0+20 of 20 bc25mer_14753:0+20 of 25
TACTGGTCGTAGCCCTCTAC
||||||||||||||||||||
TACTGGTCGTAGCCCTCTAC

>skpp-1236-F:0+20 of 20 bc25mer_29879:0+20 of 25
CGCCCACATTAACTCGACAA
||||||||||||||||||||
CGCCCACATTAACTCGACAA

>skpp-1237-F:0+20 of 20 bc25mer_19214:0+20 of 25
GTAGCCTTTTCCTTTGGGGT
||||||||||||||||||||
GTAGCCTTTTCCTTTGGGGT

>skpp-1238-F:0+20 of 20 bc25mer_19801:0+20 of 25
TCACTTGTGGCAAAGGCTTA
||||||||||||||||||||
TCACTTGTGGCAAAGGCTTA

>skpp-1239-F:0+20 of 20 bc25mer_7303:0+20 of 25
CGAGATGACTGTCGTTGACT
||||||||||||||||||||
CGAGATGACTGTCGTTGACT

>skpp-1240-F:0+20 of 20 bc25mer_232188:2+22 of 25
ACCATCACACTTAACCCTCG
||||||||||||||||||||
ACCATCACACTTAACCCTCG

>skpp-1241-F:0+20 of 20 bc25mer_5849:2+22 of 25
GAAGCATATGAGTTGCCACG
||||||||||||||||||||
GAAGCATATGAGTTGCCACG

>skpp-1242-F:0+20 of 20 bc25mer_33258:1+21 of 25
ACATTGTTTGTTGCGTACGG
||||||||||||||||||||
ACATTGTTTGTTGCGTACGG

>skpp-1243-F:0+20 of 20 bc25mer_88493:0+20 of 25
GGTCTTAAAACCCCGCCTAT
||||||||||||||||||||
GGTCTTAAAACCCCGCCTAT

>skpp-1244-F:0+20 of 20 bc25mer_274:0+20 of 25
TAAACTCGACACGTCGCATT
||||||||||||||||||||
TAAACTCGACACGTCGCATT

>skpp-1245-F:0+20 of 20 bc25mer_48129:1+21 of 25
TGCATATGTTACGAGGGTGG
||||||||||||||||||||
TGCATATGTTACGAGGGTGG

>skpp-1246-F:0+20 of 20 bc25mer_3323:4+24 of 25
GACGACCTATATATCGCCGC
||||||||||||||||||||
GACGACCTATATATCGCCGC

>skpp-1247-F:0+20 of 20 bc25mer_179629:1+21 of 25
ACAGGATATAGGGAGGAGGC
||||||||||||||||||||
ACAGGATATAGGGAGGAGGC

>skpp-1248-F:0+20 of 20 bc25mer_107629:0+20 of 25
CAACTCTAACAACTCCCCGG
||||||||||||||||||||
CAACTCTAACAACTCCCCGG

>skpp-1249-F:0+20 of 20 bc25mer_15558:3+23 of 25
CTCGGATAATTCACATGCGC
||||||||||||||||||||
CTCGGATAATTCACATGCGC

>skpp-1250-F:0+20 of 20 bc25mer_35738:0+20 of 25
TTCATCCTGTAGGTTTGGCC
||||||||||||||||||||
TTCATCCTGTAGGTTTGGCC

>skpp-1251-F:0+20 of 20 bc25mer_149906:3+23 of 25
TGAAAGGATGGGGTTTAGGC
||||||||||||||||||||
TGAAAGGATGGGGTTTAGGC

>skpp-1252-F:0+20 of 20 bc25mer_73477:3+23 of 25
TGGTTCTCTCATTAGGCACG
||||||||||||||||||||
TGGTTCTCTCATTAGGCACG

>skpp-1253-F:0+20 of 20 bc25mer_20621:0+20 of 25
GATCATGAGTCGCCCTATGC
||||||||||||||||||||
GATCATGAGTCGCCCTATGC

>skpp-1254-F:0+20 of 20 bc25mer_28282:4+24 of 25
CTATAACTGACTCAGGCCCG
||||||||||||||||||||
CTATAACTGACTCAGGCCCG

>skpp-1255-F:0+20 of 20 bc25mer_227485:0+20 of 25
CTTTTCTGTGCCTATCCCGA
||||||||||||||||||||
CTTTTCTGTGCCTATCCCGA

>skpp-1256-F:0+20 of 20 bc25mer_115425:2+22 of 25
TACGTATATCCGGTCCCTGG
||||||||||||||||||||
TACGTATATCCGGTCCCTGG

>skpp-1257-F:0+20 of 20 bc25mer_111956:0+20 of 25
GGTATTCCTTCGCACTGAGG
||||||||||||||||||||
GGTATTCCTTCGCACTGAGG

>skpp-1258-F:0+20 of 20 bc25mer_54432:3+23 of 25
AAGCATCATTGTATCCCCGG
||||||||||||||||||||
AAGCATCATTGTATCCCCGG

>skpp-1259-F:0+20 of 20 bc25mer_1354:0+20 of 25
CAGTAACAGGATCAACCCGG
||||||||||||||||||||
CAGTAACAGGATCAACCCGG

>skpp-1260-F:0+20 of 20 bc25mer_7939:0+20 of 25
CCAACTATGAATGAGCGGCT
||||||||||||||||||||
CCAACTATGAATGAGCGGCT

>skpp-1261-F:0+20 of 20 bc25mer_7663:0+20 of 25
CGTATTCTTTCGCAATCGCC
||||||||||||||||||||
CGTATTCTTTCGCAATCGCC

>skpp-1262-F:0+20 of 20 bc25mer_141930:0+20 of 25
GTTATAAGGCTCACCCGACA
||||||||||||||||||||
GTTATAAGGCTCACCCGACA

>skpp-1263-F:0+20 of 20 bc25mer_172091:0+20 of 25
GAATCGTCGTGTTTCCTTCG
||||||||||||||||||||
GAATCGTCGTGTTTCCTTCG

>skpp-1264-F:0+20 of 20 bc25mer_42407:3+23 of 25
ATCTTGACCCTATTCACGGC
||||||||||||||||||||
ATCTTGACCCTATTCACGGC

>skpp-1265-F:0+20 of 20 bc25mer_114997:1+21 of 25
TAATTCATCCTCCCGAAGCG
||||||||||||||||||||
TAATTCATCCTCCCGAAGCG

>skpp-1266-F:0+20 of 20 bc25mer_4165:4+24 of 25
TATCGGACAGTCCCTCTTGA
||||||||||||||||||||
TATCGGACAGTCCCTCTTGA

>skpp-1267-F:0+20 of 20 bc25mer_96038:0+20 of 25
TATACCGGAAAACCACTCGC
||||||||||||||||||||
TATACCGGAAAACCACTCGC

>skpp-1268-F:0+20 of 20 bc25mer_4843:1+21 of 25
ATCAGTTCTTAACCCGCTGC
||||||||||||||||||||
ATCAGTTCTTAACCCGCTGC

>skpp-1269-F:0+20 of 20 bc25mer_16103:3+23 of 25
ATTATCCCAGGGCCTAGACT
||||||||||||||||||||
ATTATCCCAGGGCCTAGACT

>skpp-1270-F:0+20 of 20 bc25mer_19087:1+21 of 25
TGTGTGATACACGCTCTTGT
||||||||||||||||||||
TGTGTGATACACGCTCTTGT

>skpp-1271-F:0+20 of 20 bc25mer_4292:0+20 of 25
ATGAATCCATTGTTGGGCCA
||||||||||||||||||||
ATGAATCCATTGTTGGGCCA

>skpp-1272-F:0+20 of 20 bc25mer_86136:0+20 of 25
GGTGTCTACGGAATCGCTAC
||||||||||||||||||||
GGTGTCTACGGAATCGCTAC

>skpp-1273-F:0+20 of 20 bc25mer_137106:4+24 of 25
AGCTCTACTCCCTTAGTCCG
||||||||||||||||||||
AGCTCTACTCCCTTAGTCCG

>skpp-1274-F:0+20 of 20 bc25mer_103590:0+20 of 25
GGACCATTTACTCTGAGCGA
||||||||||||||||||||
GGACCATTTACTCTGAGCGA

>skpp-1275-F:0+20 of 20 bc25mer_161157:4+24 of 25
TCGCAATTCCTTCTATCCGG
||||||||||||||||||||
TCGCAATTCCTTCTATCCGG

>skpp-1276-F:0+20 of 20 bc25mer_16670:1+21 of 25
ACCCAGTCCTTTTCTGTCAC
||||||||||||||||||||
ACCCAGTCCTTTTCTGTCAC

>skpp-1277-F:0+20 of 20 bc25mer_15263:0+20 of 25
CGCTGTGCCGTATCTTGATA
||||||||||||||||||||
CGCTGTGCCGTATCTTGATA

>skpp-1278-F:0+20 of 20 bc25mer_164648:4+24 of 25
ACCTTATCGCGATTCATCGG
||||||||||||||||||||
ACCTTATCGCGATTCATCGG

>skpp-1279-F:0+20 of 20 bc25mer_120786:3+23 of 25
ACAGAAACAATCCTCGACCC
||||||||||||||||||||
ACAGAAACAATCCTCGACCC

>skpp-1280-F:0+20 of 20 bc25mer_14403:0+20 of 25
CTAACCGCCACGTAAGACAA
||||||||||||||||||||
CTAACCGCCACGTAAGACAA

>skpp-1281-F:0+20 of 20 bc25mer_200883:1+21 of 25
AGGTATGCAAACTGCCCTTT
||||||||||||||||||||
AGGTATGCAAACTGCCCTTT

>skpp-1282-F:0+20 of 20 bc25mer_44658:0+20 of 25
TGTTTGTTAGGTGTGGGGAC
||||||||||||||||||||
TGTTTGTTAGGTGTGGGGAC

>skpp-1283-F:0+20 of 20 bc25mer_4221:0+20 of 25
GACATACGTACGACAGCACA
||||||||||||||||||||
GACATACGTACGACAGCACA

>skpp-1284-F:0+20 of 20 bc25mer_8550:0+20 of 25
TACCAATCTGTCCACGTGAC
||||||||||||||||||||
TACCAATCTGTCCACGTGAC

>skpp-1285-F:0+20 of 20 bc25mer_50221:0+20 of 25
AACGGACACCCAAACAAGTA
||||||||||||||||||||
AACGGACACCCAAACAAGTA

>skpp-1286-F:0+20 of 20 bc25mer_156128:0+20 of 25
ACTGGAGTCGGGAATCACTA
||||||||||||||||||||
ACTGGAGTCGGGAATCACTA

>skpp-1287-F:0+20 of 20 bc25mer_64752:2+22 of 25
AGAGTAATGTGCAGCATGGG
||||||||||||||||||||
AGAGTAATGTGCAGCATGGG

>skpp-1288-F:0+20 of 20 bc25mer_72475:0+20 of 25
CGATGGTTTCTTTGATGCCC
||||||||||||||||||||
CGATGGTTTCTTTGATGCCC

>skpp-1289-F:0+20 of 20 bc25mer_230748:3+23 of 25
ATCTGGATTCCTCTCCCTGT
||||||||||||||||||||
ATCTGGATTCCTCTCCCTGT

>skpp-1290-F:0+20 of 20 bc25mer_70828:1+21 of 25
CAATGCACGCTCTCCTAGTC
||||||||||||||||||||
CAATGCACGCTCTCCTAGTC

>skpp-1291-F:0+20 of 20 bc25mer_1714:0+20 of 25
TTCTAGGGTGTTCGGGTACT
||||||||||||||||||||
TTCTAGGGTGTTCGGGTACT

>skpp-1292-F:0+20 of 20 bc25mer_8242:0+20 of 25
GATGGATGCCCTCTTGTCAT
||||||||||||||||||||
GATGGATGCCCTCTTGTCAT

>skpp-1293-F:0+20 of 20 bc25mer_4902:0+20 of 25
AATGCATCTGGGATAAGCCC
||||||||||||||||||||
AATGCATCTGGGATAAGCCC

>skpp-1294-F:0+20 of 20 bc25mer_57063:2+22 of 25
TATTTGCTTCGATCGTCGGT
||||||||||||||||||||
TATTTGCTTCGATCGTCGGT

>skpp-1295-F:0+20 of 20 bc25mer_8787:1+21 of 25
ATCTCGGTTTCCCACTAAGC
||||||||||||||||||||
ATCTCGGTTTCCCACTAAGC

>skpp-1296-F:0+20 of 20 bc25mer_13613:2+22 of 25
CTTAGATAGAGGACGGCTGC
||||||||||||||||||||
CTTAGATAGAGGACGGCTGC

>skpp-1297-F:0+20 of 20 bc25mer_6931:0+20 of 25
GTTTCACAGTCCCTGTCGAT
||||||||||||||||||||
GTTTCACAGTCCCTGTCGAT

>skpp-1298-F:0+20 of 20 bc25mer_13691:0+20 of 25
GGACATATTGAAGTGGCCCA
||||||||||||||||||||
GGACATATTGAAGTGGCCCA

>skpp-1299-F:0+20 of 20 bc25mer_8248:0+20 of 25
GTACAGCTAGGTCATCACGG
||||||||||||||||||||
GTACAGCTAGGTCATCACGG

>skpp-1300-F:0+20 of 20 bc25mer_24837:0+20 of 25
TTCTGTAGTGCTAGCCGCTA
||||||||||||||||||||
TTCTGTAGTGCTAGCCGCTA

>skpp-1301-F:0+20 of 20 bc25mer_142718:0+20 of 25
GTGTGAGAAATGGCAAGGGA
||||||||||||||||||||
GTGTGAGAAATGGCAAGGGA

>skpp-1302-F:0+20 of 20 bc25mer_14489:1+21 of 25
ATTTCCGTCATGGATTGCCT
||||||||||||||||||||
ATTTCCGTCATGGATTGCCT

>skpp-1303-F:0+20 of 20 bc25mer_43619:0+20 of 25
GGTCCATCCATTGAGAGTGC
||||||||||||||||||||
GGTCCATCCATTGAGAGTGC

>skpp-1304-F:0+20 of 20 bc25mer_2787:0+20 of 25
TGTTAGAGGGTGAGAGGCTC
||||||||||||||||||||
TGTTAGAGGGTGAGAGGCTC

>skpp-1305-F:0+20 of 20 bc25mer_228859:0+20 of 25
GTAAGCAGGCGGAGGTTAAA
||||||||||||||||||||
GTAAGCAGGCGGAGGTTAAA

>skpp-1306-F:0+20 of 20 bc25mer_626:2+22 of 25
TGTTTAGCAGACTTGGCTCC
||||||||||||||||||||
TGTTTAGCAGACTTGGCTCC

>skpp-1307-F:0+20 of 20 bc25mer_1268:0+20 of 25
CGAATAGTGGAATACCCCGC
||||||||||||||||||||
CGAATAGTGGAATACCCCGC

>skpp-1308-F:0+20 of 20 bc25mer_45127:0+20 of 25
GTACTATATTCTCCGCGGCC
||||||||||||||||||||
GTACTATATTCTCCGCGGCC

>skpp-1309-F:0+20 of 20 bc25mer_237173:0+20 of 25
CCTCGCCGATAGTTGGATTC
||||||||||||||||||||
CCTCGCCGATAGTTGGATTC

>skpp-1310-F:0+20 of 20 bc25mer_14280:2+22 of 25
TATGAAAGACGTAACGGCGG
||||||||||||||||||||
TATGAAAGACGTAACGGCGG

>skpp-1311-F:0+20 of 20 bc25mer_46156:0+20 of 25
TCATCTTACGCATGTTCGCT
||||||||||||||||||||
TCATCTTACGCATGTTCGCT

>skpp-1312-F:0+20 of 20 bc25mer_47058:1+21 of 25
ATATAATCCTCGTGGCTGCG
||||||||||||||||||||
ATATAATCCTCGTGGCTGCG

>skpp-1313-F:0+20 of 20 bc25mer_38799:3+23 of 25
AAAAGGGTCTGAGAGTCGTG
||||||||||||||||||||
AAAAGGGTCTGAGAGTCGTG

>skpp-1314-F:0+20 of 20 bc25mer_122053:3+23 of 25
GACCTACCGCCCTTACTCTT
||||||||||||||||||||
GACCTACCGCCCTTACTCTT

>skpp-1315-F:0+20 of 20 bc25mer_71626:0+20 of 25
GTTGGCGGGAGACTAAGAAG
||||||||||||||||||||
GTTGGCGGGAGACTAAGAAG

>skpp-1316-F:0+20 of 20 bc25mer_15975:1+21 of 25
TATAGAACAACTTCCCGGCG
||||||||||||||||||||
TATAGAACAACTTCCCGGCG

>skpp-1317-F:0+20 of 20 bc25mer_19800:0+20 of 25
GAGACAGCTTCGAATTGCAC
||||||||||||||||||||
GAGACAGCTTCGAATTGCAC

>skpp-1318-F:0+20 of 20 bc25mer_42236:0+20 of 25
ATACATTACTTGAGCGGGGC
||||||||||||||||||||
ATACATTACTTGAGCGGGGC

>skpp-1319-F:0+20 of 20 bc25mer_13654:0+20 of 25
AAACCAGATACGCTGCTCAT
||||||||||||||||||||
AAACCAGATACGCTGCTCAT

>skpp-1320-F:0+20 of 20 bc25mer_19788:1+21 of 25
GACCGACGCTGTTATTGCTA
||||||||||||||||||||
GACCGACGCTGTTATTGCTA

>skpp-1321-F:0+20 of 20 bc25mer_6106:1+21 of 25
GAGTGACCTCGACACCTCTA
||||||||||||||||||||
GAGTGACCTCGACACCTCTA

>skpp-1322-F:0+20 of 20 bc25mer_218324:0+20 of 25
AGAGTCGGTGCTACTTTTGC
||||||||||||||||||||
AGAGTCGGTGCTACTTTTGC

>skpp-1323-F:0+20 of 20 bc25mer_163153:2+22 of 25
GGAGTGCATGGGACGAATTA
||||||||||||||||||||
GGAGTGCATGGGACGAATTA

>skpp-1324-F:0+20 of 20 bc25mer_325:1+21 of 25
TCTGTTTAAGTGTGCCCTGG
||||||||||||||||||||
TCTGTTTAAGTGTGCCCTGG

>skpp-1325-F:0+20 of 20 bc25mer_51364:1+21 of 25
ACGAGTTGATGCCTGATACC
||||||||||||||||||||
ACGAGTTGATGCCTGATACC

>skpp-1326-F:0+20 of 20 bc25mer_164461:1+21 of 25
CTCTATTCGACCTGTCCGTC
||||||||||||||||||||
CTCTATTCGACCTGTCCGTC

>skpp-1327-F:0+20 of 20 bc25mer_26263:0+20 of 25
CATCCCTACGCTCCAAACTC
||||||||||||||||||||
CATCCCTACGCTCCAAACTC

>skpp-1328-F:0+20 of 20 bc25mer_118122:0+20 of 25
TACTGGAAACGGCTCTCCTG
||||||||||||||||||||
TACTGGAAACGGCTCTCCTG

>skpp-1329-F:0+20 of 20 bc25mer_12794:3+23 of 25
ATGTATTCTCTTGCCCACGG
||||||||||||||||||||
ATGTATTCTCTTGCCCACGG

>skpp-1330-F:0+20 of 20 bc25mer_67948:4+24 of 25
GGTAAGTGGTCTGTTACCCG
||||||||||||||||||||
GGTAAGTGGTCTGTTACCCG

>skpp-1331-F:0+20 of 20 bc25mer_7576:0+20 of 25
CCTACGTTTGTGAAAGGGCT
||||||||||||||||||||
CCTACGTTTGTGAAAGGGCT

>skpp-1332-F:0+20 of 20 bc25mer_68918:0+20 of 25
AATACTGTCCTGGGAGGTCA
||||||||||||||||||||
AATACTGTCCTGGGAGGTCA

>skpp-1333-F:0+20 of 20 bc25mer_1761:0+20 of 25
GGGGTATTGACCGAGGATTC
||||||||||||||||||||
GGGGTATTGACCGAGGATTC

>skpp-1334-F:0+20 of 20 bc25mer_127063:0+20 of 25
ATTGATACTCACCCAGCAGC
||||||||||||||||||||
ATTGATACTCACCCAGCAGC

>skpp-1335-F:0+20 of 20 bc25mer_147864:3+23 of 25
TCTCATGTTAAGACGTGGCG
||||||||||||||||||||
TCTCATGTTAAGACGTGGCG

>skpp-1336-F:0+20 of 20 bc25mer_319:1+21 of 25
TGCCCGGAACTCATATTTGC
||||||||||||||||||||
TGCCCGGAACTCATATTTGC

>skpp-1337-F:0+20 of 20 bc25mer_183564:1+21 of 25
TCACCAGAAGTGTGCTTAGC
||||||||||||||||||||
TCACCAGAAGTGTGCTTAGC

>skpp-1338-F:0+20 of 20 bc25mer_143275:0+20 of 25
AATGGCAGGGTCATATGAGC
||||||||||||||||||||
AATGGCAGGGTCATATGAGC

>skpp-1339-F:0+20 of 20 bc25mer_24540:3+23 of 25
ACGTAGAATGGGTATGCCAC
||||||||||||||||||||
ACGTAGAATGGGTATGCCAC

>skpp-1340-F:0+20 of 20 bc25mer_9917:1+21 of 25
GGAAATACAACCTTTGGGCG
||||||||||||||||||||
GGAAATACAACCTTTGGGCG

>skpp-1341-F:0+20 of 20 bc25mer_5164:2+22 of 25
TTAGCTATAATCTGGGCCGC
||||||||||||||||||||
TTAGCTATAATCTGGGCCGC

>skpp-1342-F:0+20 of 20 bc25mer_64851:4+24 of 25
ATGTTTTGTTTCGAGGTGCG
||||||||||||||||||||
ATGTTTTGTTTCGAGGTGCG

>skpp-1343-F:0+20 of 20 bc25mer_9015:0+20 of 25
CGAGTTCAGTAAGCCCTCTC
||||||||||||||||||||
CGAGTTCAGTAAGCCCTCTC

>skpp-1344-F:0+20 of 20 bc25mer_134937:0+20 of 25
CACACTACACCAACACCCTC
||||||||||||||||||||
CACACTACACCAACACCCTC

>skpp-1345-F:0+20 of 20 bc25mer_21218:2+22 of 25
TTATGGATTGGGGTAGGGGT
||||||||||||||||||||
TTATGGATTGGGGTAGGGGT

>skpp-1346-F:0+20 of 20 bc25mer_223303:3+23 of 25
ACAACCTACTTCTCGTTGCC
||||||||||||||||||||
ACAACCTACTTCTCGTTGCC

>skpp-1347-F:0+20 of 20 bc25mer_117708:0+20 of 25
CTGATGTCCCGGTGACTTTT
||||||||||||||||||||
CTGATGTCCCGGTGACTTTT

>skpp-1348-F:0+20 of 20 bc25mer_80881:1+21 of 25
GATGTGCGTTGACGTATCCT
||||||||||||||||||||
GATGTGCGTTGACGTATCCT

>skpp-1349-F:0+20 of 20 bc25mer_20866:0+20 of 25
GTGTTAGGGCAATCTCGGAA
||||||||||||||||||||
GTGTTAGGGCAATCTCGGAA

>skpp-1350-F:0+20 of 20 bc25mer_163205:2+22 of 25
AAAGCCTTAATACGACCCGG
||||||||||||||||||||
AAAGCCTTAATACGACCCGG

>skpp-1351-F:0+20 of 20 bc25mer_76043:2+22 of 25
CTCGGTAGATACGGAATGGC
||||||||||||||||||||
CTCGGTAGATACGGAATGGC

>skpp-1352-F:0+20 of 20 bc25mer_28897:0+20 of 25
TAGGTCTTAATCTCGCCCCT
||||||||||||||||||||
TAGGTCTTAATCTCGCCCCT

>skpp-1353-F:0+20 of 20 bc25mer_6676:2+22 of 25
CCTAACGCGAGCCTTTACAA
||||||||||||||||||||
CCTAACGCGAGCCTTTACAA

>skpp-1354-F:0+20 of 20 bc25mer_122367:0+20 of 25
TTTCATATCCGAACGCCAGT
||||||||||||||||||||
TTTCATATCCGAACGCCAGT

>skpp-1355-F:0+20 of 20 bc25mer_7043:0+20 of 25
GTTAAGTTACACCTCCCGCA
||||||||||||||||||||
GTTAAGTTACACCTCCCGCA

>skpp-1356-F:0+20 of 20 bc25mer_17693:1+21 of 25
TCTAGTTAAACGCACACCCG
||||||||||||||||||||
TCTAGTTAAACGCACACCCG

>skpp-1357-F:0+20 of 20 bc25mer_13372:4+24 of 25
TCAAATCTCCGCGATTGAGG
||||||||||||||||||||
TCAAATCTCCGCGATTGAGG

>skpp-1358-F:0+20 of 20 bc25mer_215848:3+23 of 25
TGGCTTCTAATTCACCCTGC
||||||||||||||||||||
TGGCTTCTAATTCACCCTGC

>skpp-1359-F:0+20 of 20 bc25mer_25462:0+20 of 25
GATATACAACTCGTGGCCCG
||||||||||||||||||||
GATATACAACTCGTGGCCCG

>skpp-1360-F:0+20 of 20 bc25mer_31109:3+23 of 25
TTCGTAACTTTGTGAGGGGC
||||||||||||||||||||
TTCGTAACTTTGTGAGGGGC

>skpp-1361-F:0+20 of 20 bc25mer_76252:3+23 of 25
TGGCCTACTGTTTCTAACGC
||||||||||||||||||||
TGGCCTACTGTTTCTAACGC

>skpp-1362-F:0+20 of 20 bc25mer_50978:2+22 of 25
AAGGCGTTTCGTTGATATGC
||||||||||||||||||||
AAGGCGTTTCGTTGATATGC

>skpp-1363-F:0+20 of 20 bc25mer_25882:1+21 of 25
TTAGTCGTCGTGCTACGTAC
||||||||||||||||||||
TTAGTCGTCGTGCTACGTAC

>skpp-1364-F:0+20 of 20 bc25mer_64848:0+20 of 25
ATACCTTGGGTTTCGTCCAC
||||||||||||||||||||
ATACCTTGGGTTTCGTCCAC

>skpp-1365-F:0+20 of 20 bc25mer_6923:0+20 of 25
GAATCTTCCCGTCCGAATGT
||||||||||||||||||||
GAATCTTCCCGTCCGAATGT

>skpp-1366-F:0+20 of 20 bc25mer_92752:2+22 of 25
TCTCAGTTTCCTTTCCCAGC
||||||||||||||||||||
TCTCAGTTTCCTTTCCCAGC

>skpp-1367-F:0+20 of 20 bc25mer_26247:1+21 of 25
AAAGTACACGTTGGGGAAGG
||||||||||||||||||||
AAAGTACACGTTGGGGAAGG

>skpp-1368-F:0+20 of 20 bc25mer_217619:1+21 of 25
CAATGAGTTGATCACCGCCT
||||||||||||||||||||
CAATGAGTTGATCACCGCCT

>skpp-1369-F:0+20 of 20 bc25mer_16343:3+23 of 25
TGGCGTCTAGTACATTAGCG
||||||||||||||||||||
TGGCGTCTAGTACATTAGCG

>skpp-1370-F:0+20 of 20 bc25mer_86192:0+20 of 25
ACTTTGGGTGGGTCATATGG
||||||||||||||||||||
ACTTTGGGTGGGTCATATGG

>skpp-1371-F:0+20 of 20 bc25mer_16467:1+21 of 25
TTTATTCCTTGTCAGGGGCG
||||||||||||||||||||
TTTATTCCTTGTCAGGGGCG

>skpp-1372-F:0+20 of 20 bc25mer_132701:0+20 of 25
CAGTTTAGCGGAGTGTGGTT
||||||||||||||||||||
CAGTTTAGCGGAGTGTGGTT

>skpp-1373-F:0+20 of 20 bc25mer_10647:4+24 of 25
TTATTACATCCCAACCGGGC
||||||||||||||||||||
TTATTACATCCCAACCGGGC

>skpp-1374-F:0+20 of 20 bc25mer_8422:0+20 of 25
AATATCCGTCTGGGTTTGCA
||||||||||||||||||||
AATATCCGTCTGGGTTTGCA

>skpp-1375-F:0+20 of 20 bc25mer_223888:4+24 of 25
TTACACTCTGAAACGCTCCC
||||||||||||||||||||
TTACACTCTGAAACGCTCCC

>skpp-1376-F:0+20 of 20 bc25mer_2447:1+21 of 25
TTATGAGCCCCATGACATGG
||||||||||||||||||||
TTATGAGCCCCATGACATGG

>skpp-1377-F:0+20 of 20 bc25mer_13069:3+23 of 25
TAACACAGAGGTGCTTCAGC
||||||||||||||||||||
TAACACAGAGGTGCTTCAGC

>skpp-1378-F:0+20 of 20 bc25mer_59868:2+22 of 25
AGGGTCACGTTGTATTTCCG
||||||||||||||||||||
AGGGTCACGTTGTATTTCCG

>skpp-1379-F:0+20 of 20 bc25mer_76195:1+21 of 25
TCTGAACATACGGACAGTGC
||||||||||||||||||||
TCTGAACATACGGACAGTGC

>skpp-1380-F:0+20 of 20 bc25mer_13847:0+20 of 25
GTAGATATAGGCTGCGCGTC
||||||||||||||||||||
GTAGATATAGGCTGCGCGTC

>skpp-1381-F:0+20 of 20 bc25mer_1227:1+21 of 25
GGACTTTACACCGGTGACTC
||||||||||||||||||||
GGACTTTACACCGGTGACTC

>skpp-1382-F:0+20 of 20 bc25mer_1970:0+20 of 25
CGCAATACATGGGATCGTGA
||||||||||||||||||||
CGCAATACATGGGATCGTGA

>skpp-1383-F:0+20 of 20 bc25mer_95716:0+20 of 25
GAATCCATCCACGCAAGAGA
||||||||||||||||||||
GAATCCATCCACGCAAGAGA

>skpp-1384-F:0+20 of 20 bc25mer_34888:3+23 of 25
AGGTCGCTGGTAACCTTTAC
||||||||||||||||||||
AGGTCGCTGGTAACCTTTAC

>skpp-1385-F:0+20 of 20 bc25mer_39040:0+20 of 25
CACATTACCGTGAGTAGCGA
||||||||||||||||||||
CACATTACCGTGAGTAGCGA

>skpp-1386-F:0+20 of 20 bc25mer_160756:0+20 of 25
AAGCTCATCTTCGCTTCGAA
||||||||||||||||||||
AAGCTCATCTTCGCTTCGAA

>skpp-1387-F:0+20 of 20 bc25mer_52026:0+20 of 25
GCATAGGCGGCTTATTGTCT
||||||||||||||||||||
GCATAGGCGGCTTATTGTCT

>skpp-1388-F:0+20 of 20 bc25mer_13531:4+24 of 25
TGGCTTGCACTAATATCGGG
||||||||||||||||||||
TGGCTTGCACTAATATCGGG

>skpp-1389-F:0+20 of 20 bc25mer_2491:2+22 of 25
GGATTGTGTTTCACGCTAGC
||||||||||||||||||||
GGATTGTGTTTCACGCTAGC

>skpp-1390-F:0+20 of 20 bc25mer_13205:3+23 of 25
ACAGGACTATCCGATAGCCG
||||||||||||||||||||
ACAGGACTATCCGATAGCCG

>skpp-1391-F:0+20 of 20 bc25mer_106024:2+22 of 25
TCGAGTATAGCCGAATGTGC
||||||||||||||||||||
TCGAGTATAGCCGAATGTGC

>skpp-1392-F:0+20 of 20 bc25mer_72727:0+20 of 25
GATCCATTGAGGTTCGTGGT
||||||||||||||||||||
GATCCATTGAGGTTCGTGGT

>skpp-1393-F:0+20 of 20 bc25mer_77446:2+22 of 25
ACAAAGAGGATTGCTGTCCC
||||||||||||||||||||
ACAAAGAGGATTGCTGTCCC

>skpp-1394-F:0+20 of 20 bc25mer_24862:0+20 of 25
AGATTTATTCGGACCACGGG
||||||||||||||||||||
AGATTTATTCGGACCACGGG

>skpp-1395-F:0+20 of 20 bc25mer_20162:4+24 of 25
ATAAAGGTTGCGATCCTCCC
||||||||||||||||||||
ATAAAGGTTGCGATCCTCCC

>skpp-1396-F:0+20 of 20 bc25mer_2642:2+22 of 25
TAATGGTTCCTACGTACGCG
||||||||||||||||||||
TAATGGTTCCTACGTACGCG

>skpp-1397-F:0+20 of 20 bc25mer_80619:3+23 of 25
GCACTAAAAGCAACCATCCG
||||||||||||||||||||
GCACTAAAAGCAACCATCCG

>skpp-1398-F:0+20 of 20 bc25mer_26374:0+20 of 25
GCTTGTCTATGCGTGACAGA
||||||||||||||||||||
GCTTGTCTATGCGTGACAGA

>skpp-1399-F:0+20 of 20 bc25mer_1870:1+21 of 25
CCCATTGACACACGTGAGTA
||||||||||||||||||||
CCCATTGACACACGTGAGTA

>skpp-1400-F:0+20 of 20 bc25mer_3441:0+20 of 25
CATTGAATCGCAACGTGTGG
||||||||||||||||||||
CATTGAATCGCAACGTGTGG

>skpp-1401-F:0+20 of 20 bc25mer_10304:0+20 of 25
TCACTATACCGGCACTCACA
||||||||||||||||||||
TCACTATACCGGCACTCACA

>skpp-1402-F:0+20 of 20 bc25mer_7956:1+21 of 25
ATTTGTTTCCGTCATTCGCG
||||||||||||||||||||
ATTTGTTTCCGTCATTCGCG

>skpp-1403-F:0+20 of 20 bc25mer_198470:0+20 of 25
TGCCTTATTGATATGCCGGC
||||||||||||||||||||
TGCCTTATTGATATGCCGGC

>skpp-1404-F:0+20 of 20 bc25mer_106973:0+20 of 25
GAATCGGTTTTGGACGGCTA
||||||||||||||||||||
GAATCGGTTTTGGACGGCTA

>skpp-1405-F:0+20 of 20 bc25mer_177582:4+24 of 25
TAAGTAAGGGGAGCAGGAGG
||||||||||||||||||||
TAAGTAAGGGGAGCAGGAGG

>skpp-1406-F:0+20 of 20 bc25mer_17483:0+20 of 25
GAATGACTGGTGGGGTACAC
||||||||||||||||||||
GAATGACTGGTGGGGTACAC

>skpp-1407-F:0+20 of 20 bc25mer_37269:3+23 of 25
AGGGCATAACGAAACACAGG
||||||||||||||||||||
AGGGCATAACGAAACACAGG

>skpp-1408-F:0+20 of 20 bc25mer_28571:2+22 of 25
AATCCGTTCCACGAATACCC
||||||||||||||||||||
AATCCGTTCCACGAATACCC

>skpp-1409-F:0+20 of 20 bc25mer_224836:0+20 of 25
TTTTCCCGAGAGCGAGTTTC
||||||||||||||||||||
TTTTCCCGAGAGCGAGTTTC

>skpp-1410-F:0+20 of 20 bc25mer_5962:0+20 of 25
CGATAAGTCATGCGCAGGAT
||||||||||||||||||||
CGATAAGTCATGCGCAGGAT

>skpp-1411-F:0+20 of 20 bc25mer_11805:0+20 of 25
TTTTGGATAGGTCAGTGGCG
||||||||||||||||||||
TTTTGGATAGGTCAGTGGCG

>skpp-1412-F:0+20 of 20 bc25mer_121828:1+21 of 25
AATTCTCCTTTCCAGGCTCG
||||||||||||||||||||
AATTCTCCTTTCCAGGCTCG

>skpp-1413-F:0+20 of 20 bc25mer_239113:0+20 of 25
GAGTCTTTGTGTTGTTCCGC
||||||||||||||||||||
GAGTCTTTGTGTTGTTCCGC

>skpp-1414-F:0+20 of 20 bc25mer_10503:0+20 of 25
GTACCTACGGTGCGGACTAT
||||||||||||||||||||
GTACCTACGGTGCGGACTAT

>skpp-1415-F:0+20 of 20 bc25mer_149135:0+20 of 25
TCTGTCGTGAGCAACAGAAC
||||||||||||||||||||
TCTGTCGTGAGCAACAGAAC

>skpp-1416-F:0+20 of 20 bc25mer_16964:1+21 of 25
TGTATACGTAAGAAGCGGGC
||||||||||||||||||||
TGTATACGTAAGAAGCGGGC

>skpp-1417-F:0+20 of 20 bc25mer_81202:0+20 of 25
TCGGCATTTTCCTGGCATAT
||||||||||||||||||||
TCGGCATTTTCCTGGCATAT

>skpp-1418-F:0+20 of 20 bc25mer_13678:0+20 of 25
GCGTAGAAATTCCGGATCGA
||||||||||||||||||||
GCGTAGAAATTCCGGATCGA

>skpp-1419-F:0+20 of 20 bc25mer_203776:1+21 of 25
AAAGGATGGAAGCAAGGTGT
||||||||||||||||||||
AAAGGATGGAAGCAAGGTGT

>skpp-1420-F:0+20 of 20 bc25mer_47321:0+20 of 25
TCGACCAATGTGTCCTTTCG
||||||||||||||||||||
TCGACCAATGTGTCCTTTCG

>skpp-1421-F:0+20 of 20 bc25mer_7480:2+22 of 25
AGATCAGGGCGGAGATGTTA
||||||||||||||||||||
AGATCAGGGCGGAGATGTTA

>skpp-1422-F:0+20 of 20 bc25mer_41296:0+20 of 25
GATTCAGCGAGGGCTTTCTT
||||||||||||||||||||
GATTCAGCGAGGGCTTTCTT

>skpp-1423-F:0+20 of 20 bc25mer_5428:0+20 of 25
AGCCATAGTGGGGATGGTAT
||||||||||||||||||||
AGCCATAGTGGGGATGGTAT

>skpp-1424-F:0+20 of 20 bc25mer_84022:0+20 of 25
TTGTAATGAAGCGGACTCCG
||||||||||||||||||||
TTGTAATGAAGCGGACTCCG

>skpp-1425-F:0+20 of 20 bc25mer_63631:0+20 of 25
GCGGTATAACGTTGCTTCAC
||||||||||||||||||||
GCGGTATAACGTTGCTTCAC

>skpp-1426-F:0+20 of 20 bc25mer_22603:2+22 of 25
GGGCAAGCTATACCCTATGG
||||||||||||||||||||
GGGCAAGCTATACCCTATGG

>skpp-1427-F:0+20 of 20 bc25mer_376:2+22 of 25
ACCGATACATAGGTGGAGGG
||||||||||||||||||||
ACCGATACATAGGTGGAGGG

>skpp-1428-F:0+20 of 20 bc25mer_68376:0+20 of 25
TACATAAAGACGCGGGGTGT
||||||||||||||||||||
TACATAAAGACGCGGGGTGT

>skpp-1429-F:0+20 of 20 bc25mer_150299:0+20 of 25
GAGCTACATTAGCCCCGAAG
||||||||||||||||||||
GAGCTACATTAGCCCCGAAG

>skpp-1430-F:0+20 of 20 bc25mer_2941:0+20 of 25
CACTGGGCGTCGTATAACTT
||||||||||||||||||||
CACTGGGCGTCGTATAACTT

>skpp-1431-F:0+20 of 20 bc25mer_1447:0+20 of 25
TTCTCGTTTTCGGGTGTAGC
||||||||||||||||||||
TTCTCGTTTTCGGGTGTAGC

>skpp-1432-F:0+20 of 20 bc25mer_3350:0+20 of 25
CTGCTATACTGAGAGCTGGC
||||||||||||||||||||
CTGCTATACTGAGAGCTGGC

>skpp-1433-F:0+20 of 20 bc25mer_1202:0+20 of 25
GGCGGTCGTACTAACCATAG
||||||||||||||||||||
GGCGGTCGTACTAACCATAG

>skpp-1434-F:0+20 of 20 bc25mer_144954:0+20 of 25
GTTGACTACGTGTTGGTCGA
||||||||||||||||||||
GTTGACTACGTGTTGGTCGA

>skpp-1435-F:0+20 of 20 bc25mer_116840:0+20 of 25
CCAAGTATTCGCGGATTGGA
||||||||||||||||||||
CCAAGTATTCGCGGATTGGA

>skpp-1436-F:0+20 of 20 bc25mer_181598:0+20 of 25
GCCGCTCAAAGCCAGAATAT
||||||||||||||||||||
GCCGCTCAAAGCCAGAATAT

>skpp-1437-F:0+20 of 20 bc25mer_1875:1+21 of 25
TAAATGTGTACAGGGTGCCG
||||||||||||||||||||
TAAATGTGTACAGGGTGCCG

>skpp-1438-F:0+20 of 20 bc25mer_2900:0+20 of 25
TGTCGACACGGACTGTAGTA
||||||||||||||||||||
TGTCGACACGGACTGTAGTA

>skpp-1439-F:0+20 of 20 bc25mer_70033:0+20 of 25
TGAATGGGTAAGCATGCCTT
||||||||||||||||||||
TGAATGGGTAAGCATGCCTT

>skpp-1440-F:0+20 of 20 bc25mer_73566:2+22 of 25
ACATCAGTCTAATTGCCGCT
||||||||||||||||||||
ACATCAGTCTAATTGCCGCT

>skpp-1441-F:0+20 of 20 bc25mer_34191:0+20 of 25
ACCTGAATCTTAGGCACCAC
||||||||||||||||||||
ACCTGAATCTTAGGCACCAC

>skpp-1442-F:0+20 of 20 bc25mer_84947:0+20 of 25
CTCTTGTAGTGGGGTTCGTC
||||||||||||||||||||
CTCTTGTAGTGGGGTTCGTC

>skpp-1443-F:0+20 of 20 bc25mer_29393:3+23 of 25
ACCTACACGCTCCTTTCATG
||||||||||||||||||||
ACCTACACGCTCCTTTCATG

>skpp-1444-F:0+20 of 20 bc25mer_1634:0+20 of 25
GAAAGGAACCTCAGGCGAAA
||||||||||||||||||||
GAAAGGAACCTCAGGCGAAA

>skpp-1445-F:0+20 of 20 bc25mer_27050:2+22 of 25
GATTGGCTAAAGTCGCATGC
||||||||||||||||||||
GATTGGCTAAAGTCGCATGC

>skpp-1446-F:0+20 of 20 bc25mer_145690:0+20 of 25
TAGAACGACGGGGAATCAGA
||||||||||||||||||||
TAGAACGACGGGGAATCAGA

>skpp-1447-F:0+20 of 20 bc25mer_46570:0+20 of 25
GCTTTGCGTAGTTGCACAAT
||||||||||||||||||||
GCTTTGCGTAGTTGCACAAT

>skpp-1448-F:0+20 of 20 bc25mer_6864:2+22 of 25
GTGAGCGTATCGCGGATTTA
||||||||||||||||||||
GTGAGCGTATCGCGGATTTA

>skpp-1449-F:0+20 of 20 bc25mer_1387:4+24 of 25
GGTCTGACTATCACACTCGC
||||||||||||||||||||
GGTCTGACTATCACACTCGC

>skpp-1450-F:0+20 of 20 bc25mer_155862:3+23 of 25
ATGTGCTATCGCTTCTTCCC
||||||||||||||||||||
ATGTGCTATCGCTTCTTCCC

>skpp-1451-F:0+20 of 20 bc25mer_8484:2+22 of 25
TTGCAGTCTTACTGTAGCCG
||||||||||||||||||||
TTGCAGTCTTACTGTAGCCG

>skpp-1452-F:0+20 of 20 bc25mer_7044:1+21 of 25
GATAGTTACGCTACCCTGGC
||||||||||||||||||||
GATAGTTACGCTACCCTGGC

>skpp-1453-F:0+20 of 20 bc25mer_40864:2+22 of 25
AGGATCTCATGTGTTGCAGC
||||||||||||||||||||
AGGATCTCATGTGTTGCAGC

>skpp-1454-F:0+20 of 20 bc25mer_1645:1+21 of 25
CCACTGATTAAGTCTCCCCG
||||||||||||||||||||
CCACTGATTAAGTCTCCCCG

>skpp-1455-F:0+20 of 20 bc25mer_23274:0+20 of 25
TTTCCTGGATCAGCCGATTC
||||||||||||||||||||
TTTCCTGGATCAGCCGATTC

>skpp-1456-F:0+20 of 20 bc25mer_135764:4+24 of 25
AGGGATATTCGATTGCTCGC
||||||||||||||||||||
AGGGATATTCGATTGCTCGC

>skpp-1457-F:0+20 of 20 bc25mer_237992:1+21 of 25
TAAGCTGGCCTCAGAAAAGC
||||||||||||||||||||
TAAGCTGGCCTCAGAAAAGC

>skpp-1458-F:0+20 of 20 bc25mer_166421:0+20 of 25
GGCGTGGGGTTGTTTAGTAA
||||||||||||||||||||
GGCGTGGGGTTGTTTAGTAA

>skpp-1459-F:0+20 of 20 bc25mer_65655:0+20 of 25
GAGCGGCGACTTAAAGAACT
||||||||||||||||||||
GAGCGGCGACTTAAAGAACT

>skpp-1460-F:0+20 of 20 bc25mer_48389:4+24 of 25
TTCGTATTGTGGCTGTGTCC
||||||||||||||||||||
TTCGTATTGTGGCTGTGTCC

>skpp-1461-F:0+20 of 20 bc25mer_9940:1+21 of 25
AATGTTTGCATTGTCTCGCG
||||||||||||||||||||
AATGTTTGCATTGTCTCGCG

>skpp-1462-F:0+20 of 20 bc25mer_8923:1+21 of 25
CTGGCACTACTGACTAGAGC
||||||||||||||||||||
CTGGCACTACTGACTAGAGC

>skpp-1463-F:0+20 of 20 bc25mer_224194:0+20 of 25
GCTACTACCCTCCACGTTTT
||||||||||||||||||||
GCTACTACCCTCCACGTTTT

>skpp-1464-F:0+20 of 20 bc25mer_103602:0+20 of 25
CGTAAAGAGAAGGGCCTCTG
||||||||||||||||||||
CGTAAAGAGAAGGGCCTCTG

>skpp-1465-F:0+20 of 20 bc25mer_207411:0+20 of 25
GATTCCGGGTCTTTAGGGTG
||||||||||||||||||||
GATTCCGGGTCTTTAGGGTG

>skpp-1466-F:0+20 of 20 bc25mer_30361:0+20 of 25
TCTCGCGACCTTTTCTGATC
||||||||||||||||||||
TCTCGCGACCTTTTCTGATC

>skpp-1467-F:0+20 of 20 bc25mer_1564:4+24 of 25
ACGCCCAAATACTCATGTCG
||||||||||||||||||||
ACGCCCAAATACTCATGTCG

>skpp-1468-F:0+20 of 20 bc25mer_12291:4+24 of 25
TCAGATGTTAGCACCATGCG
||||||||||||||||||||
TCAGATGTTAGCACCATGCG

>skpp-1469-F:0+20 of 20 bc25mer_154189:0+20 of 25
GTAAAATGAACTGGGGCAGC
||||||||||||||||||||
GTAAAATGAACTGGGGCAGC

>skpp-1470-F:0+20 of 20 bc25mer_108810:2+22 of 25
TGTTCTCGGAGTCTCTCAGT
||||||||||||||||||||
TGTTCTCGGAGTCTCTCAGT

>skpp-1471-F:0+20 of 20 bc25mer_11340:1+21 of 25
TTAGTTGTGTGAATGGGCCC
||||||||||||||||||||
TTAGTTGTGTGAATGGGCCC

>skpp-1472-F:0+20 of 20 bc25mer_40526:0+20 of 25
GAATATGAAGGCCGGAGTGG
||||||||||||||||||||
GAATATGAAGGCCGGAGTGG

>skpp-1473-F:0+20 of 20 bc25mer_202176:1+21 of 25
CGAATTTGAATGCCTCTGGC
||||||||||||||||||||
CGAATTTGAATGCCTCTGGC

>skpp-1474-F:0+20 of 20 bc25mer_46684:0+20 of 25
CCTCGGTTGCTGATGTGTAT
||||||||||||||||||||
CCTCGGTTGCTGATGTGTAT

>skpp-1475-F:0+20 of 20 bc25mer_16276:1+21 of 25
AATACACTCCACAACGGACC
||||||||||||||||||||
AATACACTCCACAACGGACC

>skpp-1476-F:0+20 of 20 bc25mer_12405:1+21 of 25
ATCCTATGGCCAAGCTATGC
||||||||||||||||||||
ATCCTATGGCCAAGCTATGC

>skpp-1477-F:0+20 of 20 bc25mer_216787:0+20 of 25
ATATTTTGAGCGTGGGCAGT
||||||||||||||||||||
ATATTTTGAGCGTGGGCAGT

>skpp-1478-F:0+20 of 20 bc25mer_17031:0+20 of 25
GCGGTTATGGCGGATCTATT
||||||||||||||||||||
GCGGTTATGGCGGATCTATT

>skpp-1479-F:0+20 of 20 bc25mer_34073:0+20 of 25
GTCCAAAGGATGGGTACTCG
||||||||||||||||||||
GTCCAAAGGATGGGTACTCG

>skpp-1480-F:0+20 of 20 bc25mer_21299:0+20 of 25
GAAAACGGGACAGCACAAAC
||||||||||||||||||||
GAAAACGGGACAGCACAAAC

>skpp-1481-F:0+20 of 20 bc25mer_123084:0+20 of 25
TGCTATTCAAGACCACAGGC
||||||||||||||||||||
TGCTATTCAAGACCACAGGC

>skpp-1482-F:0+20 of 20 bc25mer_89029:0+20 of 25
GGCGGCGTAAAGATTGGATA
||||||||||||||||||||
GGCGGCGTAAAGATTGGATA

>skpp-1483-F:0+20 of 20 bc25mer_49964:0+20 of 25
CTGCTACCCACAGAGCAAAT
||||||||||||||||||||
CTGCTACCCACAGAGCAAAT

>skpp-1484-F:0+20 of 20 bc25mer_193681:0+20 of 25
TGGTCACCACTCATAACAGC
||||||||||||||||||||
TGGTCACCACTCATAACAGC

>skpp-1485-F:0+20 of 20 bc25mer_44729:0+20 of 25
GAGTAGCCATTCGCCAAGTA
||||||||||||||||||||
GAGTAGCCATTCGCCAAGTA

>skpp-1486-F:0+20 of 20 bc25mer_113444:2+22 of 25
GATTCTGTTCTAACGGCCCA
||||||||||||||||||||
GATTCTGTTCTAACGGCCCA

>skpp-1487-F:0+20 of 20 bc25mer_139531:2+22 of 25
ATTAACGTGCAGTACCTGGC
||||||||||||||||||||
ATTAACGTGCAGTACCTGGC

>skpp-1488-F:0+20 of 20 bc25mer_69545:0+20 of 25
TCCGGACAACATTACACGAC
||||||||||||||||||||
TCCGGACAACATTACACGAC

>skpp-1489-F:0+20 of 20 bc25mer_16843:0+20 of 25
GTAGGAACGGTTCACAGTGT
||||||||||||||||||||
GTAGGAACGGTTCACAGTGT

>skpp-1490-F:0+20 of 20 bc25mer_1674:3+23 of 25
CAAAGCATGCACCTCTGCTA
||||||||||||||||||||
CAAAGCATGCACCTCTGCTA

>skpp-1491-F:0+20 of 20 bc25mer_10951:1+21 of 25
AATGTCTTGCCCCTTACTGG
||||||||||||||||||||
AATGTCTTGCCCCTTACTGG

>skpp-1492-F:0+20 of 20 bc25mer_835:1+21 of 25
GGCTAACTGCATACGCACTA
||||||||||||||||||||
GGCTAACTGCATACGCACTA

>skpp-1493-F:0+20 of 20 bc25mer_42483:1+21 of 25
AGGGCCAGGATGATTCAAAC
||||||||||||||||||||
AGGGCCAGGATGATTCAAAC

>skpp-1494-F:0+20 of 20 bc25mer_9042:0+20 of 25
CTATTGCATTTCGACTGCCG
||||||||||||||||||||
CTATTGCATTTCGACTGCCG

>skpp-1495-F:0+20 of 20 bc25mer_25334:1+21 of 25
GTACCTGATCGCTACTACGC
||||||||||||||||||||
GTACCTGATCGCTACTACGC

>skpp-1496-F:0+20 of 20 bc25mer_39234:0+20 of 25
GTGACGAGGTCAACTCTGTT
||||||||||||||||||||
GTGACGAGGTCAACTCTGTT

>skpp-1497-F:0+20 of 20 bc25mer_5581:1+21 of 25
AGAGCAGTCAAAGGCACATT
||||||||||||||||||||
AGAGCAGTCAAAGGCACATT

>skpp-1498-F:0+20 of 20 bc25mer_55975:3+23 of 25
AGCCGTGGGTTATATCTCGA
||||||||||||||||||||
AGCCGTGGGTTATATCTCGA

>skpp-1499-F:0+20 of 20 bc25mer_100635:0+20 of 25
CCGTTTGCCACTCGTAGTAT
||||||||||||||||||||
CCGTTTGCCACTCGTAGTAT

>skpp-1500-F:0+20 of 20 bc25mer_575:0+20 of 25
TTGCATTTACGGACGGCTAC
||||||||||||||||||||
TTGCATTTACGGACGGCTAC

>skpp-1501-F:0+20 of 20 bc25mer_2376:1+21 of 25
ACTATCAAAAGCGGGGAACG
||||||||||||||||||||
ACTATCAAAAGCGGGGAACG

>skpp-1502-F:0+20 of 20 bc25mer_1333:0+20 of 25
ATCAGCGTTATCAGGGTTCG
||||||||||||||||||||
ATCAGCGTTATCAGGGTTCG

>skpp-1503-F:0+20 of 20 bc25mer_27043:0+20 of 25
GGAGGTCGTCGCTTTTCAAA
||||||||||||||||||||
GGAGGTCGTCGCTTTTCAAA

>skpp-1504-F:0+20 of 20 bc25mer_46135:0+20 of 25
CTATTCCGGACGAGGAGTGA
||||||||||||||||||||
CTATTCCGGACGAGGAGTGA

>skpp-1505-F:0+20 of 20 bc25mer_174861:1+21 of 25
GGAGTTCAGACGGGGAGATA
||||||||||||||||||||
GGAGTTCAGACGGGGAGATA

>skpp-1506-F:0+20 of 20 bc25mer_21970:0+20 of 25
CCGTTAGGTTAGCAAGCCTT
||||||||||||||||||||
CCGTTAGGTTAGCAAGCCTT

>skpp-1507-F:0+20 of 20 bc25mer_1214:0+20 of 25
CGGACCAGTGGTATACAGGA
||||||||||||||||||||
CGGACCAGTGGTATACAGGA

>skpp-1508-F:0+20 of 20 bc25mer_123656:1+21 of 25
GACCGGTCTTTATTCTCCCG
||||||||||||||||||||
GACCGGTCTTTATTCTCCCG

>skpp-1509-F:0+20 of 20 bc25mer_132817:0+20 of 25
CGTCGATAAGGTGTTTGGCT
||||||||||||||||||||
CGTCGATAAGGTGTTTGGCT

>skpp-1510-F:0+20 of 20 bc25mer_207595:0+20 of 25
GTGAAAACAGAAGCCAGGGT
||||||||||||||||||||
GTGAAAACAGAAGCCAGGGT

>skpp-1511-F:0+20 of 20 bc25mer_5691:0+20 of 25
TCTTGTCGTGTTCTGTGTCG
||||||||||||||||||||
TCTTGTCGTGTTCTGTGTCG

>skpp-1512-F:0+20 of 20 bc25mer_113712:2+22 of 25
GTATACATACATCCCGCCCG
||||||||||||||||||||
GTATACATACATCCCGCCCG

>skpp-1513-F:0+20 of 20 bc25mer_156152:0+20 of 25
GTTCAATAGTGGTTGTGCGC
||||||||||||||||||||
GTTCAATAGTGGTTGTGCGC

>skpp-1514-F:0+20 of 20 bc25mer_105157:1+21 of 25
GCATTAGTAGGGCCATGCTG
||||||||||||||||||||
GCATTAGTAGGGCCATGCTG

>skpp-1515-F:0+20 of 20 bc25mer_164353:1+21 of 25
CTGGCGGGCTATTTAAAGCT
||||||||||||||||||||
CTGGCGGGCTATTTAAAGCT

>skpp-1516-F:0+20 of 20 bc25mer_62805:0+20 of 25
CATTCGTTAGATGTGCGTGC
||||||||||||||||||||
CATTCGTTAGATGTGCGTGC

>skpp-1517-F:0+20 of 20 bc25mer_2968:0+20 of 25
AGCTCCGGATTACCTAGGAG
||||||||||||||||||||
AGCTCCGGATTACCTAGGAG

>skpp-1518-F:0+20 of 20 bc25mer_217524:3+23 of 25
ATATGTTCAATCCCGAGGCG
||||||||||||||||||||
ATATGTTCAATCCCGAGGCG

>skpp-1519-F:0+20 of 20 bc25mer_918:0+20 of 25
CTCGCATATAGGCTGTTCGT
||||||||||||||||||||
CTCGCATATAGGCTGTTCGT

>skpp-1520-F:0+20 of 20 bc25mer_175514:1+21 of 25
AACAGTGGGGTATTTGAGCG
||||||||||||||||||||
AACAGTGGGGTATTTGAGCG

>skpp-1521-F:0+20 of 20 bc25mer_95441:4+24 of 25
TCAGTAGAGAATGTTCGCGC
||||||||||||||||||||
TCAGTAGAGAATGTTCGCGC

>skpp-1522-F:0+20 of 20 bc25mer_70977:0+20 of 25
GAGTTGGTAGGAATGGGCAC
||||||||||||||||||||
GAGTTGGTAGGAATGGGCAC

>skpp-1523-F:0+20 of 20 bc25mer_106991:1+21 of 25
CTAATCAGTTCGTGGCGCTA
||||||||||||||||||||
CTAATCAGTTCGTGGCGCTA

>skpp-1524-F:0+20 of 20 bc25mer_100208:1+21 of 25
AGTCAGGCTCTCTACTCTGC
||||||||||||||||||||
AGTCAGGCTCTCTACTCTGC

>skpp-1525-F:0+20 of 20 bc25mer_11963:0+20 of 25
CTAGCTGATGGCCAATAGCA
||||||||||||||||||||
CTAGCTGATGGCCAATAGCA

>skpp-1526-F:0+20 of 20 bc25mer_732:3+23 of 25
ATTGGTAGACTCTCGTCCCT
||||||||||||||||||||
ATTGGTAGACTCTCGTCCCT

>skpp-1527-F:0+20 of 20 bc25mer_26471:0+20 of 25
ATCTGTTTTAGCCCAACCCG
||||||||||||||||||||
ATCTGTTTTAGCCCAACCCG

>skpp-1528-F:0+20 of 20 bc25mer_228931:2+22 of 25
CTAGACAACGGTGGGTGGAT
||||||||||||||||||||
CTAGACAACGGTGGGTGGAT

>skpp-1529-F:0+20 of 20 bc25mer_30310:0+20 of 25
CAGTGCTTTTCTACCGAGCT
||||||||||||||||||||
CAGTGCTTTTCTACCGAGCT

>skpp-1530-F:0+20 of 20 bc25mer_238866:1+21 of 25
GTCATGTAGCCCTTACGCTT
||||||||||||||||||||
GTCATGTAGCCCTTACGCTT

>skpp-1531-F:0+20 of 20 bc25mer_42907:2+22 of 25
GCCTTGTGCCTTCCCAATTA
||||||||||||||||||||
GCCTTGTGCCTTCCCAATTA

>skpp-1532-F:0+20 of 20 bc25mer_204933:0+20 of 25
AATTATACACACGGGGCCTG
||||||||||||||||||||
AATTATACACACGGGGCCTG

>skpp-1533-F:0+20 of 20 bc25mer_2386:0+20 of 25
GGGTTCTGGCTATGTATCCG
||||||||||||||||||||
GGGTTCTGGCTATGTATCCG

>skpp-1534-F:0+20 of 20 bc25mer_77063:0+20 of 25
TTGCATGTAAACACCCCGAT
||||||||||||||||||||
TTGCATGTAAACACCCCGAT

>skpp-1535-F:0+20 of 20 bc25mer_3556:4+24 of 25
TCTTATCAACGATGCTGGCC
||||||||||||||||||||
TCTTATCAACGATGCTGGCC

>skpp-1536-F:0+20 of 20 bc25mer_7444:1+21 of 25
GTGCTCGGTACTCGTATCCA
||||||||||||||||||||
GTGCTCGGTACTCGTATCCA

>skpp-1537-F:0+20 of 20 bc25mer_1456:3+23 of 25
TGCTTACAGGGTTCCATTCG
||||||||||||||||||||
TGCTTACAGGGTTCCATTCG

>skpp-1538-F:0+20 of 20 bc25mer_92223:0+20 of 25
GGACGGGAGATGCGTAATAC
||||||||||||||||||||
GGACGGGAGATGCGTAATAC

>skpp-1539-F:0+20 of 20 bc25mer_141098:1+21 of 25
ATTATTGCCCTGGACTTCCG
||||||||||||||||||||
ATTATTGCCCTGGACTTCCG

>skpp-1540-F:0+20 of 20 bc25mer_80210:0+20 of 25
CTGTCACTTGGGCCAATAGT
||||||||||||||||||||
CTGTCACTTGGGCCAATAGT

>skpp-1541-F:0+20 of 20 bc25mer_3689:0+20 of 25
CTAGACTCAAGCCAATGGCA
||||||||||||||||||||
CTAGACTCAAGCCAATGGCA

>skpp-1542-F:0+20 of 20 bc25mer_4594:1+21 of 25
ATCTCTTGTTCGAGCACAGG
||||||||||||||||||||
ATCTCTTGTTCGAGCACAGG

>skpp-1543-F:0+20 of 20 bc25mer_225975:0+20 of 25
GCTCTCATCTCCCTGCATTT
||||||||||||||||||||
GCTCTCATCTCCCTGCATTT

>skpp-1544-F:0+20 of 20 bc25mer_100175:0+20 of 25
CGTGAGATACCAGGGACGTA
||||||||||||||||||||
CGTGAGATACCAGGGACGTA

>skpp-1545-F:0+20 of 20 bc25mer_39713:4+24 of 25
ATATGTATAGAGGGCCGGGG
||||||||||||||||||||
ATATGTATAGAGGGCCGGGG

>skpp-1546-F:0+20 of 20 bc25mer_43735:0+20 of 25
CGGCTTAAAGGAATCGGGAA
||||||||||||||||||||
CGGCTTAAAGGAATCGGGAA

>skpp-1547-F:0+20 of 20 bc25mer_2171:0+20 of 25
TTTCCTTGTTCGGATCGGTC
||||||||||||||||||||
TTTCCTTGTTCGGATCGGTC

>skpp-1548-F:0+20 of 20 bc25mer_148636:4+24 of 25
GAGCTTGTGCGGCTGTATTA
||||||||||||||||||||
GAGCTTGTGCGGCTGTATTA

>skpp-1549-F:0+20 of 20 bc25mer_9618:0+20 of 25
GTCTGACGATCAAACGGACA
||||||||||||||||||||
GTCTGACGATCAAACGGACA

>skpp-1550-F:0+20 of 20 bc25mer_2429:0+20 of 25
TGCTATCAGTGGACCTGACT
||||||||||||||||||||
TGCTATCAGTGGACCTGACT

>skpp-1551-F:0+20 of 20 bc25mer_21091:0+20 of 25
GAGTTGGGAGTCTATGTGCC
||||||||||||||||||||
GAGTTGGGAGTCTATGTGCC

>skpp-1552-F:0+20 of 20 bc25mer_59927:0+20 of 25
CCGCATCTGGACCTAATCTC
||||||||||||||||||||
CCGCATCTGGACCTAATCTC

>skpp-1553-F:0+20 of 20 bc25mer_48841:0+20 of 25
GTCGATGGGTCCAGCTACTA
||||||||||||||||||||
GTCGATGGGTCCAGCTACTA

>skpp-1554-F:0+20 of 20 bc25mer_127173:2+22 of 25
TCCAAAACTACACAGGGAGC
||||||||||||||||||||
TCCAAAACTACACAGGGAGC

>skpp-1555-F:0+20 of 20 bc25mer_36332:0+20 of 25
AATTATCAGAGCTGTCCGCC
||||||||||||||||||||
AATTATCAGAGCTGTCCGCC

>skpp-1556-F:0+20 of 20 bc25mer_234095:3+23 of 25
TGCATCACTCATACCACAGC
||||||||||||||||||||
TGCATCACTCATACCACAGC

>skpp-1557-F:0+20 of 20 bc25mer_15615:0+20 of 25
CATAAGGTCGCGGTGATGTT
||||||||||||||||||||
CATAAGGTCGCGGTGATGTT

>skpp-1558-F:0+20 of 20 bc25mer_3327:1+21 of 25
GGCTTCGTACGCGCTTTATA
||||||||||||||||||||
GGCTTCGTACGCGCTTTATA

>skpp-1559-F:0+20 of 20 bc25mer_34824:0+20 of 25
ATGAGGCGGATGTACAAACG
||||||||||||||||||||
ATGAGGCGGATGTACAAACG

>skpp-1560-F:0+20 of 20 bc25mer_230842:1+21 of 25
AATCGTGCGGGAAGAATGAG
||||||||||||||||||||
AATCGTGCGGGAAGAATGAG

>skpp-1561-F:0+20 of 20 bc25mer_91236:0+20 of 25
GGTATACTTTTGCTGGCGGA
||||||||||||||||||||
GGTATACTTTTGCTGGCGGA

>skpp-1562-F:0+20 of 20 bc25mer_110371:0+20 of 25
CGTTACACATTTCTCCGCAC
||||||||||||||||||||
CGTTACACATTTCTCCGCAC

>skpp-1563-F:0+20 of 20 bc25mer_159280:3+23 of 25
TTAGGGGAGTTCTCTTTGCG
||||||||||||||||||||
TTAGGGGAGTTCTCTTTGCG

>skpp-1564-F:0+20 of 20 bc25mer_9206:0+20 of 25
CAAGGAAGTGCCGTCTGTTA
||||||||||||||||||||
CAAGGAAGTGCCGTCTGTTA

>skpp-1565-F:0+20 of 20 bc25mer_25718:4+24 of 25
TTCCGGGTTGTGTGTAATCC
||||||||||||||||||||
TTCCGGGTTGTGTGTAATCC

>skpp-1566-F:0+20 of 20 bc25mer_48352:1+21 of 25
GGGTCGCAGTTACTACCTTC
||||||||||||||||||||
GGGTCGCAGTTACTACCTTC

>skpp-1567-F:0+20 of 20 bc25mer_14978:0+20 of 25
AAGTTTTAGTGGGGTGTCGC
||||||||||||||||||||
AAGTTTTAGTGGGGTGTCGC

>skpp-1568-F:0+20 of 20 bc25mer_225476:0+20 of 25
TTGTACTTAGGCTTCGGGGT
||||||||||||||||||||
TTGTACTTAGGCTTCGGGGT

>skpp-1569-F:0+20 of 20 bc25mer_77427:0+20 of 25
TCACTTAAGCTCACGATGGG
||||||||||||||||||||
TCACTTAAGCTCACGATGGG

>skpp-1570-F:0+20 of 20 bc25mer_36144:0+20 of 25
GTAGGTGAGGCAGAAAGACC
||||||||||||||||||||
GTAGGTGAGGCAGAAAGACC

>skpp-1571-F:0+20 of 20 bc25mer_67211:3+23 of 25
AAGACACCTTCGTTAAGCCG
||||||||||||||||||||
AAGACACCTTCGTTAAGCCG

>skpp-1572-F:0+20 of 20 bc25mer_187693:0+20 of 25
CGTGACTTTGTGTGCGAATG
||||||||||||||||||||
CGTGACTTTGTGTGCGAATG

>skpp-1573-F:0+20 of 20 bc25mer_443:0+20 of 25
GTATGTCCAACCAGATCGGG
||||||||||||||||||||
GTATGTCCAACCAGATCGGG

>skpp-1574-F:0+20 of 20 bc25mer_6934:0+20 of 25
GACCGGAGTAGTGACCCTAA
||||||||||||||||||||
GACCGGAGTAGTGACCCTAA

>skpp-1575-F:0+20 of 20 bc25mer_222711:3+23 of 25
TTCCGTTCTATGTTCGTGGG
||||||||||||||||||||
TTCCGTTCTATGTTCGTGGG

>skpp-1576-F:0+20 of 20 bc25mer_8213:0+20 of 25
TGAGGAGTCCCATGAGATGT
||||||||||||||||||||
TGAGGAGTCCCATGAGATGT

>skpp-1577-F:0+20 of 20 bc25mer_14461:0+20 of 25
TTTCAGGTGCTCTGCGATAC
||||||||||||||||||||
TTTCAGGTGCTCTGCGATAC

>skpp-1578-F:0+20 of 20 bc25mer_16393:3+23 of 25
TAACGATGAACCTCTTGGCG
||||||||||||||||||||
TAACGATGAACCTCTTGGCG

>skpp-1579-F:0+20 of 20 bc25mer_41961:0+20 of 25
TGCAAGAGGATGGCTATTCG
||||||||||||||||||||
TGCAAGAGGATGGCTATTCG

>skpp-1580-F:0+20 of 20 bc25mer_3653:0+20 of 25
CAGTAACAAGGCAACCGAGT
||||||||||||||||||||
CAGTAACAAGGCAACCGAGT

>skpp-1581-F:0+20 of 20 bc25mer_35228:0+20 of 25
TATAGTGAAACCCAGTGCGC
||||||||||||||||||||
TATAGTGAAACCCAGTGCGC

>skpp-1582-F:0+20 of 20 bc25mer_11655:0+20 of 25
CTCTGGGTGGATGTGACCTA
||||||||||||||||||||
CTCTGGGTGGATGTGACCTA

>skpp-1583-F:0+20 of 20 bc25mer_37293:0+20 of 25
GCTTGCTTTGGGATCGAGTA
||||||||||||||||||||
GCTTGCTTTGGGATCGAGTA

>skpp-1584-F:0+20 of 20 bc25mer_183112:1+21 of 25
TTACCCACCTCAACATTCGG
||||||||||||||||||||
TTACCCACCTCAACATTCGG

>skpp-1585-F:0+20 of 20 bc25mer_74527:4+24 of 25
TATGTCAATCGTCGGCTTGG
||||||||||||||||||||
TATGTCAATCGTCGGCTTGG

>skpp-1586-F:0+20 of 20 bc25mer_3025:0+20 of 25
CAGCATCATGTCAGACCCTC
||||||||||||||||||||
CAGCATCATGTCAGACCCTC

>skpp-1587-F:0+20 of 20 bc25mer_30604:0+20 of 25
GATGGTAAACCGCACAGTGT
||||||||||||||||||||
GATGGTAAACCGCACAGTGT

>skpp-1588-F:0+20 of 20 bc25mer_2250:0+20 of 25
TAAGGGCCGTCCATCGATAT
||||||||||||||||||||
TAAGGGCCGTCCATCGATAT

>skpp-1589-F:0+20 of 20 bc25mer_115658:0+20 of 25
ATTATGATCGGGCTCGCATT
||||||||||||||||||||
ATTATGATCGGGCTCGCATT

>skpp-1590-F:0+20 of 20 bc25mer_101849:0+20 of 25
GATACAAACGGCCCAGTCTG
||||||||||||||||||||
GATACAAACGGCCCAGTCTG

>skpp-1591-F:0+20 of 20 bc25mer_35569:1+21 of 25
AGCCTTATGTCGCTTCACTC
||||||||||||||||||||
AGCCTTATGTCGCTTCACTC

>skpp-1592-F:0+20 of 20 bc25mer_3897:0+20 of 25
GAGGTTATGGCCCCAAAACT
||||||||||||||||||||
GAGGTTATGGCCCCAAAACT

>skpp-1593-F:0+20 of 20 bc25mer_19318:0+20 of 25
TTACGAGAGCCGTCCATACT
||||||||||||||||||||
TTACGAGAGCCGTCCATACT

>skpp-1594-F:0+20 of 20 bc25mer_21844:2+22 of 25
ATTCGTGGGTTCCAGATTCC
||||||||||||||||||||
ATTCGTGGGTTCCAGATTCC

>skpp-1595-F:0+20 of 20 bc25mer_59640:1+21 of 25
ATCTTAACGAACCGCCTAGC
||||||||||||||||||||
ATCTTAACGAACCGCCTAGC

>skpp-1596-F:0+20 of 20 bc25mer_160886:0+20 of 25
GATGGTTCTTGGTAGGTGCA
||||||||||||||||||||
GATGGTTCTTGGTAGGTGCA

>skpp-1597-F:0+20 of 20 bc25mer_54352:1+21 of 25
TTAACACCTTTCTGCTCGGG
||||||||||||||||||||
TTAACACCTTTCTGCTCGGG

>skpp-1598-F:0+20 of 20 bc25mer_129896:0+20 of 25
TCAGAAGTAGTGCTGGGTCA
||||||||||||||||||||
TCAGAAGTAGTGCTGGGTCA

>skpp-1599-F:0+20 of 20 bc25mer_212865:2+22 of 25
TGTTCAGTAGGGCACAATGG
||||||||||||||||||||
TGTTCAGTAGGGCACAATGG

>skpp-1600-F:0+20 of 20 bc25mer_28202:0+20 of 25
TTCAATGCAGCCTGTCGTTC
||||||||||||||||||||
TTCAATGCAGCCTGTCGTTC

>skpp-1601-F:0+20 of 20 bc25mer_56628:0+20 of 25
AGCTTGTATTGTCGAAGGCC
||||||||||||||||||||
AGCTTGTATTGTCGAAGGCC

>skpp-1602-F:0+20 of 20 bc25mer_89456:0+20 of 25
GCTGGACTTAGTTCGCTCAA
||||||||||||||||||||
GCTGGACTTAGTTCGCTCAA

>skpp-1603-F:0+20 of 20 bc25mer_196739:0+20 of 25
GATTTCGTTCCGGGGTGTTT
||||||||||||||||||||
GATTTCGTTCCGGGGTGTTT

>skpp-1604-F:0+20 of 20 bc25mer_220542:0+20 of 25
TTGGGAGTGAGAAGTACGGG
||||||||||||||||||||
TTGGGAGTGAGAAGTACGGG

>skpp-1605-F:0+20 of 20 bc25mer_2188:4+24 of 25
TACCATCGAGCGGAGGTATT
||||||||||||||||||||
TACCATCGAGCGGAGGTATT

>skpp-1606-F:0+20 of 20 bc25mer_63817:0+20 of 25
AGGATATTGAGCCCCTGTCA
||||||||||||||||||||
AGGATATTGAGCCCCTGTCA

>skpp-1607-F:0+20 of 20 bc25mer_126:2+22 of 25
TGGACGATATACAGGACCCG
||||||||||||||||||||
TGGACGATATACAGGACCCG

>skpp-1608-F:0+20 of 20 bc25mer_66353:0+20 of 25
CGGGTTGTTTATTCCCCTGT
||||||||||||||||||||
CGGGTTGTTTATTCCCCTGT

>skpp-1609-F:0+20 of 20 bc25mer_37749:4+24 of 25
CAAACTCCGCGCACGATATA
||||||||||||||||||||
CAAACTCCGCGCACGATATA

>skpp-1610-F:0+20 of 20 bc25mer_27511:0+20 of 25
AGCTAACCGACGACAGGTAA
||||||||||||||||||||
AGCTAACCGACGACAGGTAA

>skpp-1611-F:0+20 of 20 bc25mer_14871:0+20 of 25
AATACGGTCTTTCTGCGCAA
||||||||||||||||||||
AATACGGTCTTTCTGCGCAA

>skpp-1612-F:0+20 of 20 bc25mer_113485:1+21 of 25
TTTGTCCTTGCTCCTTTCGT
||||||||||||||||||||
TTTGTCCTTGCTCCTTTCGT

>skpp-1613-F:0+20 of 20 bc25mer_3845:3+23 of 25
TGTATTCGTGTCTAACCGCG
||||||||||||||||||||
TGTATTCGTGTCTAACCGCG

>skpp-1614-F:0+20 of 20 bc25mer_89935:0+20 of 25
TTAATGCCTCGCCCAAACAG
||||||||||||||||||||
TTAATGCCTCGCCCAAACAG

>skpp-1615-F:0+20 of 20 bc25mer_6921:0+20 of 25
GGGGCCGTATTAAATGCACA
||||||||||||||||||||
GGGGCCGTATTAAATGCACA

>skpp-1616-F:0+20 of 20 bc25mer_6653:0+20 of 25
GATACTACAATCAGGCGCGT
||||||||||||||||||||
GATACTACAATCAGGCGCGT

>skpp-1617-F:0+20 of 20 bc25mer_7935:0+20 of 25
TCTAAGGTTGCCTGCATTCC
||||||||||||||||||||
TCTAAGGTTGCCTGCATTCC

>skpp-1618-F:0+20 of 20 bc25mer_3991:1+21 of 25
ACTTGCCTCAACAATACCCC
||||||||||||||||||||
ACTTGCCTCAACAATACCCC

>skpp-1619-F:0+20 of 20 bc25mer_26905:1+21 of 25
TTGTAAGAAGGTGACGACCG
||||||||||||||||||||
TTGTAAGAAGGTGACGACCG

>skpp-1620-F:0+20 of 20 bc25mer_13063:0+20 of 25
ACAGACGAGGTAATTGTGCG
||||||||||||||||||||
ACAGACGAGGTAATTGTGCG

>skpp-1621-F:0+20 of 20 bc25mer_22257:0+20 of 25
CGAGCGTATGAGATTGCACT
||||||||||||||||||||
CGAGCGTATGAGATTGCACT

>skpp-1622-F:0+20 of 20 bc25mer_3765:0+20 of 25
TCTTGGAGCATGCATTCCTG
||||||||||||||||||||
TCTTGGAGCATGCATTCCTG

>skpp-1623-F:0+20 of 20 bc25mer_41317:0+20 of 25
ACAGTGTGTTAGTGGTCGTG
||||||||||||||||||||
ACAGTGTGTTAGTGGTCGTG

>skpp-1624-F:0+20 of 20 bc25mer_11474:0+20 of 25
GGATATACGAGGGCTGGACA
||||||||||||||||||||
GGATATACGAGGGCTGGACA

>skpp-1625-F:0+20 of 20 bc25mer_11700:0+20 of 25
ACCGTTGCATTCTCTGACTT
||||||||||||||||||||
ACCGTTGCATTCTCTGACTT

>skpp-1626-F:0+20 of 20 bc25mer_2406:1+21 of 25
TATGTTTCCCATTCGCGAGT
||||||||||||||||||||
TATGTTTCCCATTCGCGAGT

>skpp-1627-F:0+20 of 20 bc25mer_48695:2+22 of 25
CTTGTCGCGTCTTGTGGTAT
||||||||||||||||||||
CTTGTCGCGTCTTGTGGTAT

>skpp-1628-F:0+20 of 20 bc25mer_2751:0+20 of 25
CAAGGGGACGATCTGGTAGG
||||||||||||||||||||
CAAGGGGACGATCTGGTAGG

>skpp-1629-F:0+20 of 20 bc25mer_25276:0+20 of 25
CTTGCATATACAACGGCCCT
||||||||||||||||||||
CTTGCATATACAACGGCCCT

>skpp-1630-F:0+20 of 20 bc25mer_7126:1+21 of 25
ACGGTGCTTATCAACTCGAC
||||||||||||||||||||
ACGGTGCTTATCAACTCGAC

>skpp-1631-F:0+20 of 20 bc25mer_10903:3+23 of 25
GCAGCTTGGCCTACTCAATT
||||||||||||||||||||
GCAGCTTGGCCTACTCAATT

>skpp-1632-F:0+20 of 20 bc25mer_14818:2+22 of 25
GCAAATGATTTACGCTGCGA
||||||||||||||||||||
GCAAATGATTTACGCTGCGA

>skpp-1633-F:0+20 of 20 bc25mer_76951:3+23 of 25
CCGCGTGAACATACCCTTTA
||||||||||||||||||||
CCGCGTGAACATACCCTTTA

>skpp-1634-F:0+20 of 20 bc25mer_64970:0+20 of 25
ATAACACCTCTCTGGGACGT
||||||||||||||||||||
ATAACACCTCTCTGGGACGT

>skpp-1635-F:0+20 of 20 bc25mer_208983:0+20 of 25
TATTCTGAACGTGCTTGCGT
||||||||||||||||||||
TATTCTGAACGTGCTTGCGT

>skpp-1636-F:0+20 of 20 bc25mer_84407:3+23 of 25
ACGGCGCCCTAACCATAATA
||||||||||||||||||||
ACGGCGCCCTAACCATAATA

>skpp-1637-F:0+20 of 20 bc25mer_79337:0+20 of 25
GTACATTGTTGTCGGTCGGT
||||||||||||||||||||
GTACATTGTTGTCGGTCGGT

>skpp-1638-F:0+20 of 20 bc25mer_12443:0+20 of 25
CGGAGAGGTACAGATACCGT
||||||||||||||||||||
CGGAGAGGTACAGATACCGT

>skpp-1639-F:0+20 of 20 bc25mer_103779:0+20 of 25
GGTACAAATGGAAGGGGCTT
||||||||||||||||||||
GGTACAAATGGAAGGGGCTT

>skpp-1640-F:0+20 of 20 bc25mer_126708:3+23 of 25
AGTGCTACCCCAACATCATG
||||||||||||||||||||
AGTGCTACCCCAACATCATG

>skpp-1641-F:0+20 of 20 bc25mer_65358:0+20 of 25
GCAAGTACGTATCCTGCACA
||||||||||||||||||||
GCAAGTACGTATCCTGCACA

>skpp-1642-F:0+20 of 20 bc25mer_20849:4+24 of 25
ACATCCCCAGTTCGATTCAC
||||||||||||||||||||
ACATCCCCAGTTCGATTCAC

>skpp-1643-F:0+20 of 20 bc25mer_2286:0+20 of 25
GATGACGGACAGACCTCTCT
||||||||||||||||||||
GATGACGGACAGACCTCTCT

>skpp-1644-F:0+20 of 20 bc25mer_7470:4+24 of 25
AATGACAGAAAGGCACACCC
||||||||||||||||||||
AATGACAGAAAGGCACACCC

>skpp-1645-F:0+20 of 20 bc25mer_52861:0+20 of 25
GTTGTAATTCGCAAAGCCCC
||||||||||||||||||||
GTTGTAATTCGCAAAGCCCC

>skpp-1646-F:0+20 of 20 bc25mer_58136:0+20 of 25
GCGTGAATTTCGCTCCTAGT
||||||||||||||||||||
GCGTGAATTTCGCTCCTAGT

>skpp-1647-F:0+20 of 20 bc25mer_24452:0+20 of 25
TGGTTATACAACAACGCGGG
||||||||||||||||||||
TGGTTATACAACAACGCGGG

>skpp-1648-F:0+20 of 20 bc25mer_163551:0+20 of 25
TAACCCGCTTGTCGTTCATG
||||||||||||||||||||
TAACCCGCTTGTCGTTCATG

>skpp-1649-F:0+20 of 20 bc25mer_138047:0+20 of 25
CAGTGTGTTCCCTTCGTTGA
||||||||||||||||||||
CAGTGTGTTCCCTTCGTTGA

>skpp-1650-F:0+20 of 20 bc25mer_1507:0+20 of 25
CGTCGATGTTACTTGTCGGT
||||||||||||||||||||
CGTCGATGTTACTTGTCGGT

>skpp-1651-F:0+20 of 20 bc25mer_63755:0+20 of 25
CGGTGTCTGTTTTGTAGGGT
||||||||||||||||||||
CGGTGTCTGTTTTGTAGGGT

>skpp-1652-F:0+20 of 20 bc25mer_4160:0+20 of 25
TACATAGTCACGCGCGATAC
||||||||||||||||||||
TACATAGTCACGCGCGATAC

>skpp-1653-F:0+20 of 20 bc25mer_211962:3+23 of 25
GCGGGTTTTGCCTCTTTCTA
||||||||||||||||||||
GCGGGTTTTGCCTCTTTCTA

>skpp-1654-F:0+20 of 20 bc25mer_27157:0+20 of 25
TCGTTTTAGAACTGGACCGG
||||||||||||||||||||
TCGTTTTAGAACTGGACCGG

>skpp-1655-F:0+20 of 20 bc25mer_104967:0+20 of 25
GTTCTCGTTACCTCGATCGG
||||||||||||||||||||
GTTCTCGTTACCTCGATCGG

>skpp-1656-F:0+20 of 20 bc25mer_14520:0+20 of 25
GCACCACTCTACAGCAGATC
||||||||||||||||||||
GCACCACTCTACAGCAGATC

>skpp-1657-F:0+20 of 20 bc25mer_18650:3+23 of 25
AGTTATTGCCCGACTAACGC
||||||||||||||||||||
AGTTATTGCCCGACTAACGC

>skpp-1658-F:0+20 of 20 bc25mer_42660:1+21 of 25
GGTGTTGACGGTATGACGAC
||||||||||||||||||||
GGTGTTGACGGTATGACGAC

>skpp-1659-F:0+20 of 20 bc25mer_117120:0+20 of 25
TACACGATACATCCTCCGGG
||||||||||||||||||||
TACACGATACATCCTCCGGG

>skpp-1660-F:0+20 of 20 bc25mer_21614:0+20 of 25
GTCCTGTGGACTCATACGGA
||||||||||||||||||||
GTCCTGTGGACTCATACGGA

>skpp-1661-F:0+20 of 20 bc25mer_12128:1+21 of 25
TACAGACATCCCATCTCCCC
||||||||||||||||||||
TACAGACATCCCATCTCCCC

>skpp-1662-F:0+20 of 20 bc25mer_1091:3+23 of 25
GCTAAGGAATCTACCCCACG
||||||||||||||||||||
GCTAAGGAATCTACCCCACG

>skpp-1663-F:0+20 of 20 bc25mer_15698:4+24 of 25
ATCGTGACGATATACTGCGG
||||||||||||||||||||
ATCGTGACGATATACTGCGG

>skpp-1664-F:0+20 of 20 bc25mer_1496:0+20 of 25
GAGGATTATCGACTCGACGC
||||||||||||||||||||
GAGGATTATCGACTCGACGC

>skpp-1665-F:0+20 of 20 bc25mer_84472:3+23 of 25
CGTCAACCACAACGCCTATA
||||||||||||||||||||
CGTCAACCACAACGCCTATA

>skpp-1666-F:0+20 of 20 bc25mer_4965:1+21 of 25
TTCTTAGTGGAAAGGACGCG
||||||||||||||||||||
TTCTTAGTGGAAAGGACGCG

>skpp-1667-F:0+20 of 20 bc25mer_69095:0+20 of 25
CATAGACACGAAGATGCCCG
||||||||||||||||||||
CATAGACACGAAGATGCCCG

>skpp-1668-F:0+20 of 20 bc25mer_116964:0+20 of 25
CTGTTGGTATGGGCTGTGAC
||||||||||||||||||||
CTGTTGGTATGGGCTGTGAC

>skpp-1669-F:0+20 of 20 bc25mer_74450:0+20 of 25
ATACAACTGCACTCGATGGG
||||||||||||||||||||
ATACAACTGCACTCGATGGG

>skpp-1670-F:0+20 of 20 bc25mer_12301:0+20 of 25
GTAGATCGGTGGAACGTCAG
||||||||||||||||||||
GTAGATCGGTGGAACGTCAG

>skpp-1671-F:0+20 of 20 bc25mer_4449:0+20 of 25
TATTTGTTGGATGGGCGCAT
||||||||||||||||||||
TATTTGTTGGATGGGCGCAT

>skpp-1672-F:0+20 of 20 bc25mer_9507:0+20 of 25
GTGGTAGGGACGGGATAAGT
||||||||||||||||||||
GTGGTAGGGACGGGATAAGT

>skpp-1673-F:0+20 of 20 bc25mer_9456:0+20 of 25
AACAATACTATCGCTGGCCC
||||||||||||||||||||
AACAATACTATCGCTGGCCC

>skpp-1674-F:0+20 of 20 bc25mer_77360:0+20 of 25
CGACAATATGCGTAGGGGTC
||||||||||||||||||||
CGACAATATGCGTAGGGGTC

>skpp-1675-F:0+20 of 20 bc25mer_29678:0+20 of 25
AATTCCTTGTCCCTATGCGG
||||||||||||||||||||
AATTCCTTGTCCCTATGCGG

>skpp-1676-F:0+20 of 20 bc25mer_42791:0+20 of 25
TCAGTCCAAACGTATGAGCC
||||||||||||||||||||
TCAGTCCAAACGTATGAGCC

>skpp-1677-F:0+20 of 20 bc25mer_89483:4+24 of 25
TTTCTGGTGTAGTGAACCGC
||||||||||||||||||||
TTTCTGGTGTAGTGAACCGC

>skpp-1678-F:0+20 of 20 bc25mer_34033:0+20 of 25
CGTTGACTGACACGCCTATT
||||||||||||||||||||
CGTTGACTGACACGCCTATT

>skpp-1679-F:0+20 of 20 bc25mer_90886:1+21 of 25
AGCATCCTCAACCCAGGTAT
||||||||||||||||||||
AGCATCCTCAACCCAGGTAT

>skpp-1680-F:0+20 of 20 bc25mer_2380:0+20 of 25
GTACAATCTGGTTGGCCTCC
||||||||||||||||||||
GTACAATCTGGTTGGCCTCC

>skpp-1681-F:0+20 of 20 bc25mer_3343:0+20 of 25
AACAGCGTGAGTTTTCACCT
||||||||||||||||||||
AACAGCGTGAGTTTTCACCT

>skpp-1682-F:0+20 of 20 bc25mer_5675:0+20 of 25
ACGTCTGGTAGACTGATCGG
||||||||||||||||||||
ACGTCTGGTAGACTGATCGG

>skpp-1683-F:0+20 of 20 bc25mer_53738:0+20 of 25
TGACTGCGTGACACACAATT
||||||||||||||||||||
TGACTGCGTGACACACAATT

>skpp-1684-F:0+20 of 20 bc25mer_3959:0+20 of 25
CAGGTCGGTATTCGTGACAA
||||||||||||||||||||
CAGGTCGGTATTCGTGACAA

>skpp-1685-F:0+20 of 20 bc25mer_33091:3+23 of 25
AGACCTTCCCGAGACATACC
||||||||||||||||||||
AGACCTTCCCGAGACATACC

>skpp-1686-F:0+20 of 20 bc25mer_8139:3+23 of 25
AGCATGGTGTATGGTGCTTC
||||||||||||||||||||
AGCATGGTGTATGGTGCTTC

>skpp-1687-F:0+20 of 20 bc25mer_13419:1+21 of 25
CGAAATTGAGTCAGGAGGCC
||||||||||||||||||||
CGAAATTGAGTCAGGAGGCC

>skpp-1688-F:0+20 of 20 bc25mer_34179:2+22 of 25
TCCGAACCAGCACTCAGATA
||||||||||||||||||||
TCCGAACCAGCACTCAGATA

>skpp-1689-F:0+20 of 20 bc25mer_91804:4+24 of 25
AGACAACACTATTGGGCTCG
||||||||||||||||||||
AGACAACACTATTGGGCTCG

>skpp-1690-F:0+20 of 20 bc25mer_132191:0+20 of 25
CTGTGACAGCGTACCGAATC
||||||||||||||||||||
CTGTGACAGCGTACCGAATC

>skpp-1691-F:0+20 of 20 bc25mer_29334:0+20 of 25
CTAGGGTCTTTGCTCGTAGC
||||||||||||||||||||
CTAGGGTCTTTGCTCGTAGC

>skpp-1692-F:0+20 of 20 bc25mer_10511:4+24 of 25
TAGAGCTTTCCCGCAAATCC
||||||||||||||||||||
TAGAGCTTTCCCGCAAATCC

>skpp-1693-F:0+20 of 20 bc25mer_7798:3+23 of 25
TAGCCAGCATCTTTTCAGCC
||||||||||||||||||||
TAGCCAGCATCTTTTCAGCC

>skpp-1694-F:0+20 of 20 bc25mer_4436:1+21 of 25
TCAGATTTCCATTCGGACCG
||||||||||||||||||||
TCAGATTTCCATTCGGACCG

>skpp-1695-F:0+20 of 20 bc25mer_45945:0+20 of 25
CAATCCTCCGGACTTTCGTT
||||||||||||||||||||
CAATCCTCCGGACTTTCGTT

>skpp-1696-F:0+20 of 20 bc25mer_214241:1+21 of 25
TCGAAGATCACACATCGAGC
||||||||||||||||||||
TCGAAGATCACACATCGAGC

>skpp-1697-F:0+20 of 20 bc25mer_22324:0+20 of 25
TATGAGTCACATGCTGCGTC
||||||||||||||||||||
TATGAGTCACATGCTGCGTC

>skpp-1698-F:0+20 of 20 bc25mer_229704:0+20 of 25
TTCGTGATAGTCTGGCTCGA
||||||||||||||||||||
TTCGTGATAGTCTGGCTCGA

>skpp-1699-F:0+20 of 20 bc25mer_3842:0+20 of 25
GTTGACCAGGTCACAACGTT
||||||||||||||||||||
GTTGACCAGGTCACAACGTT

>skpp-1700-F:0+20 of 20 bc25mer_162145:0+20 of 25
GCAATTCTGAACGGACGAGG
||||||||||||||||||||
GCAATTCTGAACGGACGAGG

>skpp-1701-F:0+20 of 20 bc25mer_6537:2+22 of 25
TGTTAACCGTGGCGCATATT
||||||||||||||||||||
TGTTAACCGTGGCGCATATT

>skpp-1702-F:0+20 of 20 bc25mer_36579:0+20 of 25
ACGTTTGCTTAATCGCAAGC
||||||||||||||||||||
ACGTTTGCTTAATCGCAAGC

>skpp-1703-F:0+20 of 20 bc25mer_17620:4+24 of 25
GTGGGGCGGTCTTACTTCTA
||||||||||||||||||||
GTGGGGCGGTCTTACTTCTA

>skpp-1704-F:0+20 of 20 bc25mer_57621:4+24 of 25
GCAGGCTTAAGCGTTGAGAA
||||||||||||||||||||
GCAGGCTTAAGCGTTGAGAA

>skpp-1705-F:0+20 of 20 bc25mer_75788:4+24 of 25
GGGGAGGTTAGTCGAGAGTT
||||||||||||||||||||
GGGGAGGTTAGTCGAGAGTT

>skpp-1706-F:0+20 of 20 bc25mer_5859:1+21 of 25
GCTTTGGGGTTAGCAGACAT
||||||||||||||||||||
GCTTTGGGGTTAGCAGACAT

>skpp-1707-F:0+20 of 20 bc25mer_105768:0+20 of 25
GAGAATCGGAACAAGGCAGG
||||||||||||||||||||
GAGAATCGGAACAAGGCAGG

>skpp-1708-F:0+20 of 20 bc25mer_87372:0+20 of 25
GAGTTGTTAATGCCCCTCCG
||||||||||||||||||||
GAGTTGTTAATGCCCCTCCG

>skpp-1709-F:0+20 of 20 bc25mer_6384:0+20 of 25
GGATACGCGATTTACACGGG
||||||||||||||||||||
GGATACGCGATTTACACGGG

>skpp-1710-F:0+20 of 20 bc25mer_48491:0+20 of 25
ACGAGATGGTTGGATGCCTA
||||||||||||||||||||
ACGAGATGGTTGGATGCCTA

>skpp-1711-F:0+20 of 20 bc25mer_41086:0+20 of 25
TGTATGTTCCGCATTTCGCT
||||||||||||||||||||
TGTATGTTCCGCATTTCGCT

>skpp-1712-F:0+20 of 20 bc25mer_225452:0+20 of 25
TCCATTCTTGGCCTTTTCGT
||||||||||||||||||||
TCCATTCTTGGCCTTTTCGT

>skpp-1713-F:0+20 of 20 bc25mer_84728:0+20 of 25
TAGTATTGGTGGTACGGGCA
||||||||||||||||||||
TAGTATTGGTGGTACGGGCA

>skpp-1714-F:0+20 of 20 bc25mer_68884:2+22 of 25
GAGGGATGGCCCGGTTTATA
||||||||||||||||||||
GAGGGATGGCCCGGTTTATA

>skpp-1715-F:0+20 of 20 bc25mer_6282:0+20 of 25
GTGCAATTCGAGATCCTCCG
||||||||||||||||||||
GTGCAATTCGAGATCCTCCG

>skpp-1716-F:0+20 of 20 bc25mer_48937:0+20 of 25
AGGATTCAAAATTCCCGGCA
||||||||||||||||||||
AGGATTCAAAATTCCCGGCA

>skpp-1717-F:0+20 of 20 bc25mer_6593:4+24 of 25
AGCTTCGGAATTAGGGGCTA
||||||||||||||||||||
AGCTTCGGAATTAGGGGCTA

>skpp-1718-F:0+20 of 20 bc25mer_68671:1+21 of 25
TCGTTAGCCTTTCTGTGAGC
||||||||||||||||||||
TCGTTAGCCTTTCTGTGAGC

>skpp-1719-F:0+20 of 20 bc25mer_28706:1+21 of 25
AATTGCACAGCCGTTTTCTC
||||||||||||||||||||
AATTGCACAGCCGTTTTCTC

>skpp-1720-F:0+20 of 20 bc25mer_3868:0+20 of 25
CAGAACGGTTGTTATTGCGC
||||||||||||||||||||
CAGAACGGTTGTTATTGCGC

>skpp-1721-F:0+20 of 20 bc25mer_164605:0+20 of 25
GAGGTGTTGTTGCGAGAGAA
||||||||||||||||||||
GAGGTGTTGTTGCGAGAGAA

>skpp-1722-F:0+20 of 20 bc25mer_445:2+22 of 25
CCTGGAGAAGTGGTCGGATA
||||||||||||||||||||
CCTGGAGAAGTGGTCGGATA

>skpp-1723-F:0+20 of 20 bc25mer_19025:1+21 of 25
AGTGCATCGGCTACGAATAC
||||||||||||||||||||
AGTGCATCGGCTACGAATAC

>skpp-1724-F:0+20 of 20 bc25mer_4879:0+20 of 25
TGTTATATGCTAACGGCGGC
||||||||||||||||||||
TGTTATATGCTAACGGCGGC

>skpp-1725-F:0+20 of 20 bc25mer_164108:0+20 of 25
TGGCATGGTTTGCTTCTAGT
||||||||||||||||||||
TGGCATGGTTTGCTTCTAGT

>skpp-1726-F:0+20 of 20 bc25mer_76363:1+21 of 25
ATCTACGGCGATCTAGGTGA
||||||||||||||||||||
ATCTACGGCGATCTAGGTGA

>skpp-1727-F:0+20 of 20 bc25mer_144495:2+22 of 25
CTCTCGTAACTGGAGGAGCT
||||||||||||||||||||
CTCTCGTAACTGGAGGAGCT

>skpp-1728-F:0+20 of 20 bc25mer_6659:0+20 of 25
AACCTTAGGACTTGCGGTGT
||||||||||||||||||||
AACCTTAGGACTTGCGGTGT

>skpp-1729-F:0+20 of 20 bc25mer_16931:0+20 of 25
TCGTTTAAGTTACCGCGGTC
||||||||||||||||||||
TCGTTTAAGTTACCGCGGTC

>skpp-1730-F:0+20 of 20 bc25mer_87298:2+22 of 25
CGGGGTCAACCAAGCAATTA
||||||||||||||||||||
CGGGGTCAACCAAGCAATTA

>skpp-1731-F:0+20 of 20 bc25mer_7638:0+20 of 25
ATGTGGACGCGAAGTCAATC
||||||||||||||||||||
ATGTGGACGCGAAGTCAATC

>skpp-1732-F:0+20 of 20 bc25mer_182948:1+21 of 25
GTCCTATCCCTACTCCACCC
||||||||||||||||||||
GTCCTATCCCTACTCCACCC

>skpp-1733-F:0+20 of 20 bc25mer_47779:2+22 of 25
TGAGACTAGGGATTAGCCGG
||||||||||||||||||||
TGAGACTAGGGATTAGCCGG

>skpp-1734-F:0+20 of 20 bc25mer_101812:0+20 of 25
TGAAATACGTCGCTTCGTGT
||||||||||||||||||||
TGAAATACGTCGCTTCGTGT

>skpp-1735-F:0+20 of 20 bc25mer_93975:0+20 of 25
TCATGCATGATAGGTTCGCG
||||||||||||||||||||
TCATGCATGATAGGTTCGCG

>skpp-1736-F:0+20 of 20 bc25mer_213922:0+20 of 25
GTCGATCGCCAACCAATCTG
||||||||||||||||||||
GTCGATCGCCAACCAATCTG

>skpp-1737-F:0+20 of 20 bc25mer_32766:1+21 of 25
AGGTTGTGGATGCATCCTTG
||||||||||||||||||||
AGGTTGTGGATGCATCCTTG

>skpp-1738-F:0+20 of 20 bc25mer_3833:1+21 of 25
AGCTCGGTGAGGATCTCTAC
||||||||||||||||||||
AGCTCGGTGAGGATCTCTAC

>skpp-1739-F:0+20 of 20 bc25mer_17066:0+20 of 25
TATGACTGTTGTAACGCGCA
||||||||||||||||||||
TATGACTGTTGTAACGCGCA

>skpp-1740-F:0+20 of 20 bc25mer_20996:0+20 of 25
TCGTACGAGGGACAATACCT
||||||||||||||||||||
TCGTACGAGGGACAATACCT

>skpp-1741-F:0+20 of 20 bc25mer_165560:2+22 of 25
CGTACTCTTTGCGGTGCATA
||||||||||||||||||||
CGTACTCTTTGCGGTGCATA

>skpp-1742-F:0+20 of 20 bc25mer_19065:0+20 of 25
TAAGATCGCATGGCTACGTG
||||||||||||||||||||
TAAGATCGCATGGCTACGTG

>skpp-1743-F:0+20 of 20 bc25mer_152760:0+20 of 25
GCTAGGCAAATCACCAGGAG
||||||||||||||||||||
GCTAGGCAAATCACCAGGAG

>skpp-1744-F:0+20 of 20 bc25mer_186035:0+20 of 25
CTCGACATTATCGGAAGGCG
||||||||||||||||||||
CTCGACATTATCGGAAGGCG

>skpp-1745-F:0+20 of 20 bc25mer_19891:0+20 of 25
GGACTTAGGAGGGTGTGACT
||||||||||||||||||||
GGACTTAGGAGGGTGTGACT

>skpp-1746-F:0+20 of 20 bc25mer_98924:0+20 of 25
TGCAATCCTGTACAACACGG
||||||||||||||||||||
TGCAATCCTGTACAACACGG

>skpp-1747-F:0+20 of 20 bc25mer_2781:0+20 of 25
GGAAATTGACTCCCCGTGTC
||||||||||||||||||||
GGAAATTGACTCCCCGTGTC

>skpp-1748-F:0+20 of 20 bc25mer_10590:0+20 of 25
AAAAGGTGGACGTTCGTGTC
||||||||||||||||||||
AAAAGGTGGACGTTCGTGTC

>skpp-1749-F:0+20 of 20 bc25mer_90751:1+21 of 25
CTAGTGAGAGGACCCTCGTC
||||||||||||||||||||
CTAGTGAGAGGACCCTCGTC

>skpp-1750-F:0+20 of 20 bc25mer_56062:1+21 of 25
CCATCGCCCTTACTTACGTC
||||||||||||||||||||
CCATCGCCCTTACTTACGTC

>skpp-1751-F:0+20 of 20 bc25mer_14240:0+20 of 25
CGGTAACTTTTCTGGACGGT
||||||||||||||||||||
CGGTAACTTTTCTGGACGGT

>skpp-1752-F:0+20 of 20 bc25mer_232964:1+21 of 25
CCGATCTCATTCACTCGTCC
||||||||||||||||||||
CCGATCTCATTCACTCGTCC

>skpp-1753-F:0+20 of 20 bc25mer_16266:0+20 of 25
TTCTTGATGGGCCTCCTCAT
||||||||||||||||||||
TTCTTGATGGGCCTCCTCAT

>skpp-1754-F:0+20 of 20 bc25mer_76669:3+23 of 25
TTGCTTAAGTGTAGGCCAGG
||||||||||||||||||||
TTGCTTAAGTGTAGGCCAGG

>skpp-1755-F:0+20 of 20 bc25mer_16285:0+20 of 25
ATATTAGCTCTCATCGCGCG
||||||||||||||||||||
ATATTAGCTCTCATCGCGCG

>skpp-1756-F:0+20 of 20 bc25mer_67026:0+20 of 25
GTTTTAACTACGTCCGGGCA
||||||||||||||||||||
GTTTTAACTACGTCCGGGCA

>skpp-1757-F:0+20 of 20 bc25mer_97673:0+20 of 25
GCTTTTGCCCTCAACACCTA
||||||||||||||||||||
GCTTTTGCCCTCAACACCTA

>skpp-1758-F:0+20 of 20 bc25mer_183485:0+20 of 25
GAGGCTTCTTTTCATCCCCG
||||||||||||||||||||
GAGGCTTCTTTTCATCCCCG

>skpp-1759-F:0+20 of 20 bc25mer_12538:0+20 of 25
AGTTATACCAGCTCGGGGAC
||||||||||||||||||||
AGTTATACCAGCTCGGGGAC

>skpp-1760-F:0+20 of 20 bc25mer_181928:0+20 of 25
CATCAGGCTAGTCCACGAGA
||||||||||||||||||||
CATCAGGCTAGTCCACGAGA

>skpp-1761-F:0+20 of 20 bc25mer_41650:0+20 of 25
AGACGTAAACCCCTACTCCC
||||||||||||||||||||
AGACGTAAACCCCTACTCCC

>skpp-1762-F:0+20 of 20 bc25mer_95415:0+20 of 25
TTCAACAATTTGTCGCGGTC
||||||||||||||||||||
TTCAACAATTTGTCGCGGTC

>skpp-1763-F:0+20 of 20 bc25mer_178111:1+21 of 25
TAGCGAGGTCTTTATTGCGG
||||||||||||||||||||
TAGCGAGGTCTTTATTGCGG

>skpp-1764-F:0+20 of 20 bc25mer_51876:4+24 of 25
TAATATCGTCCAATGCCGGC
||||||||||||||||||||
TAATATCGTCCAATGCCGGC

>skpp-1765-F:0+20 of 20 bc25mer_55524:4+24 of 25
GTAATCCGCCATGCCAACTA
||||||||||||||||||||
GTAATCCGCCATGCCAACTA

>skpp-1766-F:0+20 of 20 bc25mer_213115:0+20 of 25
AGTCTTGCGATTGTCCGATC
||||||||||||||||||||
AGTCTTGCGATTGTCCGATC

>skpp-1767-F:0+20 of 20 bc25mer_125418:0+20 of 25
TGGACGGGTTAGGATGACAA
||||||||||||||||||||
TGGACGGGTTAGGATGACAA

>skpp-1768-F:0+20 of 20 bc25mer_7185:0+20 of 25
CATGATGTCAATGTGCCCCA
||||||||||||||||||||
CATGATGTCAATGTGCCCCA

>skpp-1769-F:0+20 of 20 bc25mer_63158:0+20 of 25
GATACAAGTCGTTCGAGGGG
||||||||||||||||||||
GATACAAGTCGTTCGAGGGG

>skpp-1770-F:0+20 of 20 bc25mer_216399:0+20 of 25
TCTCTCCATCCCTCATACGG
||||||||||||||||||||
TCTCTCCATCCCTCATACGG

>skpp-1771-F:0+20 of 20 bc25mer_4964:1+21 of 25
AGCTTACGGCGTCCTTCTTA
||||||||||||||||||||
AGCTTACGGCGTCCTTCTTA

>skpp-1772-F:0+20 of 20 bc25mer_40114:0+20 of 25
TTTTAGGGAAGGGGTTTGCG
||||||||||||||||||||
TTTTAGGGAAGGGGTTTGCG

>skpp-1773-F:0+20 of 20 bc25mer_15462:0+20 of 25
AGTAGCTAGCTTCCCACAGT
||||||||||||||||||||
AGTAGCTAGCTTCCCACAGT

>skpp-1774-F:0+20 of 20 bc25mer_167061:4+24 of 25
TGCGAAGTGATGTTACGTCC
||||||||||||||||||||
TGCGAAGTGATGTTACGTCC

>skpp-1775-F:0+20 of 20 bc25mer_53624:2+22 of 25
AGATTTGATACGGGAGCTGC
||||||||||||||||||||
AGATTTGATACGGGAGCTGC

>skpp-1776-F:0+20 of 20 bc25mer_792:0+20 of 25
AGTTAAGCACTCTCGCGATC
||||||||||||||||||||
AGTTAAGCACTCTCGCGATC

>skpp-1777-F:0+20 of 20 bc25mer_120822:3+23 of 25
CTCAGGGGCGCTCTTAGATA
||||||||||||||||||||
CTCAGGGGCGCTCTTAGATA

>skpp-1778-F:0+20 of 20 bc25mer_102803:1+21 of 25
TCTTACGTAGACCTGGCTCG
||||||||||||||||||||
TCTTACGTAGACCTGGCTCG

>skpp-1779-F:0+20 of 20 bc25mer_9414:0+20 of 25
AAAGTCTGTGCATATCCCGC
||||||||||||||||||||
AAAGTCTGTGCATATCCCGC

>skpp-1780-F:0+20 of 20 bc25mer_29294:0+20 of 25
TTATGTCCAGGAGTCCTCCG
||||||||||||||||||||
TTATGTCCAGGAGTCCTCCG

>skpp-1781-F:0+20 of 20 bc25mer_43934:3+23 of 25
TCTCACGTACGCAATACTGC
||||||||||||||||||||
TCTCACGTACGCAATACTGC

>skpp-1782-F:0+20 of 20 bc25mer_48595:4+24 of 25
ATAGTGTGGCTAGCACGTGA
||||||||||||||||||||
ATAGTGTGGCTAGCACGTGA

>skpp-1783-F:0+20 of 20 bc25mer_48890:0+20 of 25
CCATGGTTCCCGAGTTCATC
||||||||||||||||||||
CCATGGTTCCCGAGTTCATC

>skpp-1784-F:0+20 of 20 bc25mer_25660:0+20 of 25
TTAGGGACACTTGAATGCCG
||||||||||||||||||||
TTAGGGACACTTGAATGCCG

>skpp-1785-F:0+20 of 20 bc25mer_185272:0+20 of 25
CGACAGACCATCACGTGATC
||||||||||||||||||||
CGACAGACCATCACGTGATC

>skpp-1786-F:0+20 of 20 bc25mer_45714:1+21 of 25
AAGGCGTGTACCTACCTTGA
||||||||||||||||||||
AAGGCGTGTACCTACCTTGA

>skpp-1787-F:0+20 of 20 bc25mer_3425:0+20 of 25
CTGTCCTATGCAGCACATGG
||||||||||||||||||||
CTGTCCTATGCAGCACATGG

>skpp-1788-F:0+20 of 20 bc25mer_6939:4+24 of 25
TAACCGCTCTTTAAGGCAGC
||||||||||||||||||||
TAACCGCTCTTTAAGGCAGC

>skpp-1789-F:0+20 of 20 bc25mer_35555:1+21 of 25
GACGTACATTATCGGGTCGG
||||||||||||||||||||
GACGTACATTATCGGGTCGG

>skpp-1790-F:0+20 of 20 bc25mer_33776:1+21 of 25
ATCCACGCCTCCTAGATTCG
||||||||||||||||||||
ATCCACGCCTCCTAGATTCG

>skpp-1791-F:0+20 of 20 bc25mer_223501:2+22 of 25
ACATTTCTCCCCGTTCTTGG
||||||||||||||||||||
ACATTTCTCCCCGTTCTTGG

>skpp-1792-F:0+20 of 20 bc25mer_1302:1+21 of 25
GCCGGAAAGCCTTCATTCTA
||||||||||||||||||||
GCCGGAAAGCCTTCATTCTA

>skpp-1793-F:0+20 of 20 bc25mer_39707:0+20 of 25
AATGGGATGAATGGCTTCGG
||||||||||||||||||||
AATGGGATGAATGGCTTCGG

>skpp-1794-F:0+20 of 20 bc25mer_46489:0+20 of 25
CTATTGCGATTTTGGGCGTC
||||||||||||||||||||
CTATTGCGATTTTGGGCGTC

>skpp-1795-F:0+20 of 20 bc25mer_202434:2+22 of 25
TTCTCGTGTATTGCCATCCG
||||||||||||||||||||
TTCTCGTGTATTGCCATCCG

>skpp-1796-F:0+20 of 20 bc25mer_125531:0+20 of 25
AATTAGCGTTATCCGGAGCG
||||||||||||||||||||
AATTAGCGTTATCCGGAGCG

>skpp-1797-F:0+20 of 20 bc25mer_1009:0+20 of 25
GTCAACCCTACGATTGACCG
||||||||||||||||||||
GTCAACCCTACGATTGACCG

>skpp-1798-F:0+20 of 20 bc25mer_229407:1+21 of 25
GGTGAACATATTTGGCCCGA
||||||||||||||||||||
GGTGAACATATTTGGCCCGA

>skpp-1799-F:0+20 of 20 bc25mer_54425:0+20 of 25
CCGGTACGTCATCATGCTTC
||||||||||||||||||||
CCGGTACGTCATCATGCTTC

>skpp-1800-F:0+20 of 20 bc25mer_386:3+23 of 25
TCTCCTACTAGCAGGGAGCA
||||||||||||||||||||
TCTCCTACTAGCAGGGAGCA

>skpp-1801-F:0+20 of 20 bc25mer_98293:0+20 of 25
ACCTTTGAAACGGAGACTGC
||||||||||||||||||||
ACCTTTGAAACGGAGACTGC

>skpp-1802-F:0+20 of 20 bc25mer_115996:1+21 of 25
TGTTGCTTGTGAATTGCACG
||||||||||||||||||||
TGTTGCTTGTGAATTGCACG

>skpp-1803-F:0+20 of 20 bc25mer_107635:0+20 of 25
ATTGCCGGTTGGGTTTATGG
||||||||||||||||||||
ATTGCCGGTTGGGTTTATGG

>skpp-1804-F:0+20 of 20 bc25mer_114484:3+23 of 25
GGTGTGCGAAAATGGGAGTT
||||||||||||||||||||
GGTGTGCGAAAATGGGAGTT

>skpp-1805-F:0+20 of 20 bc25mer_177701:0+20 of 25
GTACCGCAGACACGAAATGA
||||||||||||||||||||
GTACCGCAGACACGAAATGA

>skpp-1806-F:0+20 of 20 bc25mer_2191:0+20 of 25
ACTCTGGGATGGTGGGATAC
||||||||||||||||||||
ACTCTGGGATGGTGGGATAC

>skpp-1807-F:0+20 of 20 bc25mer_62441:2+22 of 25
TCGCGAAGGATAGCACGATA
||||||||||||||||||||
TCGCGAAGGATAGCACGATA

>skpp-1808-F:0+20 of 20 bc25mer_86183:0+20 of 25
ATACGTTAATGCTGCGAGGC
||||||||||||||||||||
ATACGTTAATGCTGCGAGGC

>skpp-1809-F:0+20 of 20 bc25mer_137702:1+21 of 25
CGTGACTCGGATTTGCAGTT
||||||||||||||||||||
CGTGACTCGGATTTGCAGTT

>skpp-1810-F:0+20 of 20 bc25mer_231972:0+20 of 25
ATCCGTAGAAGGGGTTAGCC
||||||||||||||||||||
ATCCGTAGAAGGGGTTAGCC

>skpp-1811-F:0+20 of 20 bc25mer_81453:0+20 of 25
ACTCTTTTGGTATTCCGCGG
||||||||||||||||||||
ACTCTTTTGGTATTCCGCGG

>skpp-1812-F:0+20 of 20 bc25mer_6563:3+23 of 25
AGAATATGTCACGGCTACGC
||||||||||||||||||||
AGAATATGTCACGGCTACGC

>skpp-1813-F:0+20 of 20 bc25mer_13367:0+20 of 25
CAGAGAGTCATAGGCCTGGT
||||||||||||||||||||
CAGAGAGTCATAGGCCTGGT

>skpp-1814-F:0+20 of 20 bc25mer_2319:0+20 of 25
GGGTGGGTCCATACAGGAAA
||||||||||||||||||||
GGGTGGGTCCATACAGGAAA

>skpp-1815-F:0+20 of 20 bc25mer_53256:0+20 of 25
CTGGAAGTTGCGTTGGACAA
||||||||||||||||||||
CTGGAAGTTGCGTTGGACAA

>skpp-1816-F:0+20 of 20 bc25mer_153051:0+20 of 25
TTTACCTTGACATTCCGGGC
||||||||||||||||||||
TTTACCTTGACATTCCGGGC

>skpp-1817-F:0+20 of 20 bc25mer_19481:1+21 of 25
GGCTACGGATACAGTCTCGA
||||||||||||||||||||
GGCTACGGATACAGTCTCGA

>skpp-1818-F:0+20 of 20 bc25mer_88843:0+20 of 25
TGAATTACTCTTGTCGGGCG
||||||||||||||||||||
TGAATTACTCTTGTCGGGCG

>skpp-1819-F:0+20 of 20 bc25mer_800:0+20 of 25
TGCAGCTCATATCCGTGTTT
||||||||||||||||||||
TGCAGCTCATATCCGTGTTT

>skpp-1820-F:0+20 of 20 bc25mer_138602:0+20 of 25
ATCGTAATGTGTGAGAGCGC
||||||||||||||||||||
ATCGTAATGTGTGAGAGCGC

>skpp-1821-F:0+20 of 20 bc25mer_93967:0+20 of 25
GCACGGTGGTCGATTCTATC
||||||||||||||||||||
GCACGGTGGTCGATTCTATC

>skpp-1822-F:0+20 of 20 bc25mer_15086:0+20 of 25
AGTCGAAGCTGGTTACCGTA
||||||||||||||||||||
AGTCGAAGCTGGTTACCGTA

>skpp-1823-F:0+20 of 20 bc25mer_108256:0+20 of 25
TGGAACGAGAACCAATGACC
||||||||||||||||||||
TGGAACGAGAACCAATGACC

>skpp-1824-F:0+20 of 20 bc25mer_33160:0+20 of 25
ACGGAGTACCAATGCTGTCT
||||||||||||||||||||
ACGGAGTACCAATGCTGTCT

>skpp-1825-F:0+20 of 20 bc25mer_17653:0+20 of 25
AAGCTGCATCCCAATACACA
||||||||||||||||||||
AAGCTGCATCCCAATACACA

>skpp-1826-F:0+20 of 20 bc25mer_5985:0+20 of 25
GCACTTTTAGACCCGATGGA
||||||||||||||||||||
GCACTTTTAGACCCGATGGA

>skpp-1827-F:0+20 of 20 bc25mer_10614:1+21 of 25
CACAACTCCTGATCGACGAC
||||||||||||||||||||
CACAACTCCTGATCGACGAC

>skpp-1828-F:0+20 of 20 bc25mer_61483:0+20 of 25
CAGACGGAGGGACTTGGTAC
||||||||||||||||||||
CAGACGGAGGGACTTGGTAC

>skpp-1829-F:0+20 of 20 bc25mer_34043:1+21 of 25
AATTCTCTGCTCTACGGGGT
||||||||||||||||||||
AATTCTCTGCTCTACGGGGT

>skpp-1830-F:0+20 of 20 bc25mer_96324:0+20 of 25
AGCGGCATCTCCTCACTAAT
||||||||||||||||||||
AGCGGCATCTCCTCACTAAT

>skpp-1831-F:0+20 of 20 bc25mer_23348:2+22 of 25
CGATGCGGACGGAAATTGTA
||||||||||||||||||||
CGATGCGGACGGAAATTGTA

>skpp-1832-F:0+20 of 20 bc25mer_185793:0+20 of 25
TGGTTTATTGAGTGGTCGCG
||||||||||||||||||||
TGGTTTATTGAGTGGTCGCG

>skpp-1833-F:0+20 of 20 bc25mer_1935:4+24 of 25
TCAATGCTAATGCCTAGCGG
||||||||||||||||||||
TCAATGCTAATGCCTAGCGG

>skpp-1834-F:0+20 of 20 bc25mer_21712:0+20 of 25
GTGGCAATTAAACGCGACTC
||||||||||||||||||||
GTGGCAATTAAACGCGACTC

>skpp-1835-F:0+20 of 20 bc25mer_18333:0+20 of 25
ACTAATGTTCGACGTGACGC
||||||||||||||||||||
ACTAATGTTCGACGTGACGC

>skpp-1836-F:0+20 of 20 bc25mer_700:4+24 of 25
GGTAGACCGCCAGCATTCTA
||||||||||||||||||||
GGTAGACCGCCAGCATTCTA

>skpp-1837-F:0+20 of 20 bc25mer_49384:0+20 of 25
TTTTGTCGGATAGCAGCCTG
||||||||||||||||||||
TTTTGTCGGATAGCAGCCTG

>skpp-1838-F:0+20 of 20 bc25mer_10157:0+20 of 25
CACGAGCCCAGTCTTGAATT
||||||||||||||||||||
CACGAGCCCAGTCTTGAATT

>skpp-1839-F:0+20 of 20 bc25mer_12688:4+24 of 25
GGCCAATGGATTGCGTAGTA
||||||||||||||||||||
GGCCAATGGATTGCGTAGTA

>skpp-1840-F:0+20 of 20 bc25mer_2996:0+20 of 25
TGGGGACTACAACTTCGAGA
||||||||||||||||||||
TGGGGACTACAACTTCGAGA

>skpp-1841-F:0+20 of 20 bc25mer_148342:0+20 of 25
GCAAGCAAGAATCGCACATC
||||||||||||||||||||
GCAAGCAAGAATCGCACATC

>skpp-1842-F:0+20 of 20 bc25mer_12154:0+20 of 25
ATTGTGGTAGCGTTACGGTC
||||||||||||||||||||
ATTGTGGTAGCGTTACGGTC

>skpp-1843-F:0+20 of 20 bc25mer_19398:0+20 of 25
TAGAAGTTGGGCAACCCTCT
||||||||||||||||||||
TAGAAGTTGGGCAACCCTCT

>skpp-1844-F:0+20 of 20 bc25mer_24554:0+20 of 25
CGAAACTACACAGCTCGCAT
||||||||||||||||||||
CGAAACTACACAGCTCGCAT

>skpp-1845-F:0+20 of 20 bc25mer_42477:4+24 of 25
ATATTGATCGGTTCCGACGC
||||||||||||||||||||
ATATTGATCGGTTCCGACGC

>skpp-1846-F:0+20 of 20 bc25mer_9922:0+20 of 25
AAGATTTGCCCGTGGTAACC
||||||||||||||||||||
AAGATTTGCCCGTGGTAACC

>skpp-1847-F:0+20 of 20 bc25mer_221278:0+20 of 25
AGGATATAGGGACGTGTCGC
||||||||||||||||||||
AGGATATAGGGACGTGTCGC

>skpp-1848-F:0+20 of 20 bc25mer_202251:2+22 of 25
CAAGCTGGCCGTTCTTGTAA
||||||||||||||||||||
CAAGCTGGCCGTTCTTGTAA

>skpp-1849-F:0+20 of 20 bc25mer_2623:0+20 of 25
GTGCTAGTTTGACGACCCTG
||||||||||||||||||||
GTGCTAGTTTGACGACCCTG

>skpp-1850-F:0+20 of 20 bc25mer_29504:2+22 of 25
GGTCGCCTTTGAGTGGTTTA
||||||||||||||||||||
GGTCGCCTTTGAGTGGTTTA

>skpp-1851-F:0+20 of 20 bc25mer_1839:0+20 of 25
GCTAACTATACGCGAGCAGG
||||||||||||||||||||
GCTAACTATACGCGAGCAGG

>skpp-1852-F:0+20 of 20 bc25mer_13229:1+21 of 25
CGTGTCCGATGTCGTCAAAA
||||||||||||||||||||
CGTGTCCGATGTCGTCAAAA

>skpp-1853-F:0+20 of 20 bc25mer_45387:0+20 of 25
TTTGTGTGCTCACTTCCCAC
||||||||||||||||||||
TTTGTGTGCTCACTTCCCAC

>skpp-1854-F:0+20 of 20 bc25mer_173987:0+20 of 25
CTCATATAGTCGACACCGCG
||||||||||||||||||||
CTCATATAGTCGACACCGCG

>skpp-1855-F:0+20 of 20 bc25mer_161049:3+23 of 25
TACATCAGAACGCATCCTGC
||||||||||||||||||||
TACATCAGAACGCATCCTGC

>skpp-1856-F:0+20 of 20 bc25mer_128453:0+20 of 25
GGGATCGTTCTATTTGCGCT
||||||||||||||||||||
GGGATCGTTCTATTTGCGCT

>skpp-1857-F:0+20 of 20 bc25mer_47849:0+20 of 25
TAAGGTTTGCGAGGAGAGGT
||||||||||||||||||||
TAAGGTTTGCGAGGAGAGGT

>skpp-1858-F:0+20 of 20 bc25mer_78047:1+21 of 25
GGCCTCTACGCTTTACCCTA
||||||||||||||||||||
GGCCTCTACGCTTTACCCTA

>skpp-1859-F:0+20 of 20 bc25mer_8292:0+20 of 25
AACAGGATGCTCGCTCCTAT
||||||||||||||||||||
AACAGGATGCTCGCTCCTAT

>skpp-1860-F:0+20 of 20 bc25mer_34034:0+20 of 25
GCTAACTTTTGAGGGGCCAG
||||||||||||||||||||
GCTAACTTTTGAGGGGCCAG

>skpp-1861-F:0+20 of 20 bc25mer_175405:3+23 of 25
GACTTGCTCCCCTCTCCTTA
||||||||||||||||||||
GACTTGCTCCCCTCTCCTTA

>skpp-1862-F:0+20 of 20 bc25mer_3440:0+20 of 25
TTTTAGGATCTTGCCCGCTT
||||||||||||||||||||
TTTTAGGATCTTGCCCGCTT

>skpp-1863-F:0+20 of 20 bc25mer_43859:4+24 of 25
TAACCTTTGACTGTCTGGCG
||||||||||||||||||||
TAACCTTTGACTGTCTGGCG

>skpp-1864-F:0+20 of 20 bc25mer_1132:0+20 of 25
CGATTGGCGTATCGTACTCC
||||||||||||||||||||
CGATTGGCGTATCGTACTCC

>skpp-1865-F:0+20 of 20 bc25mer_52703:1+21 of 25
TATCTGGAACCGTGGTTTGC
||||||||||||||||||||
TATCTGGAACCGTGGTTTGC

>skpp-1866-F:0+20 of 20 bc25mer_200986:0+20 of 25
GGGTCATCAGAGACTCCCTT
||||||||||||||||||||
GGGTCATCAGAGACTCCCTT

>skpp-1867-F:0+20 of 20 bc25mer_18976:0+20 of 25
CGTTAAAGTACGGTTGGGCA
||||||||||||||||||||
CGTTAAAGTACGGTTGGGCA

>skpp-1868-F:0+20 of 20 bc25mer_25180:0+20 of 25
CATGGGTTCATTAGTGGCCC
||||||||||||||||||||
CATGGGTTCATTAGTGGCCC

>skpp-1869-F:0+20 of 20 bc25mer_178975:1+21 of 25
TAAACACTCTGAGGTGCACG
||||||||||||||||||||
TAAACACTCTGAGGTGCACG

>skpp-1870-F:0+20 of 20 bc25mer_14141:1+21 of 25
CGCTGAATCCCTACATAGGC
||||||||||||||||||||
CGCTGAATCCCTACATAGGC

>skpp-1871-F:0+20 of 20 bc25mer_210503:0+20 of 25
AGGTTCTGTATGCCGTGCTA
||||||||||||||||||||
AGGTTCTGTATGCCGTGCTA

>skpp-1872-F:0+20 of 20 bc25mer_149154:0+20 of 25
GGGCAGGAAGGGTTTAACTG
||||||||||||||||||||
GGGCAGGAAGGGTTTAACTG

>skpp-1873-F:0+20 of 20 bc25mer_15311:0+20 of 25
GAATATCTCGCGTCACTCGG
||||||||||||||||||||
GAATATCTCGCGTCACTCGG

>skpp-1874-F:0+20 of 20 bc25mer_2207:0+20 of 25
GTATCACTGTGACATGGGCC
||||||||||||||||||||
GTATCACTGTGACATGGGCC

>skpp-1875-F:0+20 of 20 bc25mer_173745:0+20 of 25
CTTTCTCTCCTGCCGATAGC
||||||||||||||||||||
CTTTCTCTCCTGCCGATAGC

>skpp-1876-F:0+20 of 20 bc25mer_18836:0+20 of 25
GAAGGTCGCACCCTATTACC
||||||||||||||||||||
GAAGGTCGCACCCTATTACC

>skpp-1877-F:0+20 of 20 bc25mer_6571:0+20 of 25
CTTGACGGATGCACATGTCA
||||||||||||||||||||
CTTGACGGATGCACATGTCA

>skpp-1878-F:0+20 of 20 bc25mer_160905:4+24 of 25
AGGTGGATAAGTCATCGGGG
||||||||||||||||||||
AGGTGGATAAGTCATCGGGG

>skpp-1879-F:0+20 of 20 bc25mer_94783:0+20 of 25
AGGATACAACCCGGCTGTAA
||||||||||||||||||||
AGGATACAACCCGGCTGTAA

>skpp-1880-F:0+20 of 20 bc25mer_22950:0+20 of 25
CCAAGACACCCACCATAACG
||||||||||||||||||||
CCAAGACACCCACCATAACG

>skpp-1881-F:0+20 of 20 bc25mer_43223:0+20 of 25
ATATAGCGAAACAGTGCCCG
||||||||||||||||||||
ATATAGCGAAACAGTGCCCG

>skpp-1882-F:0+20 of 20 bc25mer_169890:0+20 of 25
GGAGGATGGCTAACACCTGA
||||||||||||||||||||
GGAGGATGGCTAACACCTGA

>skpp-1883-F:0+20 of 20 bc25mer_35708:0+20 of 25
TTTCCTTTGTCCACGTGTCC
||||||||||||||||||||
TTTCCTTTGTCCACGTGTCC

>skpp-1884-F:0+20 of 20 bc25mer_229084:4+24 of 25
TGCCACCCACTTTTAATCCC
||||||||||||||||||||
TGCCACCCACTTTTAATCCC

>skpp-1885-F:0+20 of 20 bc25mer_27887:4+24 of 25
CGACGTTGCCACTGAGTTTA
||||||||||||||||||||
CGACGTTGCCACTGAGTTTA

>skpp-1886-F:0+20 of 20 bc25mer_9156:2+22 of 25
GTCGGGTCGGGTATCACTTA
||||||||||||||||||||
GTCGGGTCGGGTATCACTTA

>skpp-1887-F:0+20 of 20 bc25mer_226816:1+21 of 25
CGATGTTTGGTTGTCAGGCT
||||||||||||||||||||
CGATGTTTGGTTGTCAGGCT

>skpp-1888-F:0+20 of 20 bc25mer_9885:0+20 of 25
AGCGACTGCCCTCACTAATA
||||||||||||||||||||
AGCGACTGCCCTCACTAATA

>skpp-1889-F:0+20 of 20 bc25mer_8503:0+20 of 25
CAGCATTGTGGTCCTGTCAT
||||||||||||||||||||
CAGCATTGTGGTCCTGTCAT

>skpp-1890-F:0+20 of 20 bc25mer_11585:0+20 of 25
CCAACTATCCGGCCTCGTAT
||||||||||||||||||||
CCAACTATCCGGCCTCGTAT

>skpp-1891-F:0+20 of 20 bc25mer_131268:0+20 of 25
TTGAGTCTATTGTGTGCCGG
||||||||||||||||||||
TTGAGTCTATTGTGTGCCGG

>skpp-1892-F:0+20 of 20 bc25mer_6170:0+20 of 25
CGATCTGGACTAACGCTCAC
||||||||||||||||||||
CGATCTGGACTAACGCTCAC

>skpp-1893-F:0+20 of 20 bc25mer_30480:0+20 of 25
TCGCTCTCAGCCCTGATTAT
||||||||||||||||||||
TCGCTCTCAGCCCTGATTAT

>skpp-1894-F:0+20 of 20 bc25mer_18683:1+21 of 25
AAGACTTTTCAGACCGACGG
||||||||||||||||||||
AAGACTTTTCAGACCGACGG

>skpp-1895-F:0+20 of 20 bc25mer_122107:0+20 of 25
CACCAGGGTATCCTTCCTCA
||||||||||||||||||||
CACCAGGGTATCCTTCCTCA

>skpp-1896-F:0+20 of 20 bc25mer_127026:3+23 of 25
GGCCGTCAGGTTAGTCCTTA
||||||||||||||||||||
GGCCGTCAGGTTAGTCCTTA

>skpp-1897-F:0+20 of 20 bc25mer_31044:0+20 of 25
GCATAAGTTACATGCCGGGT
||||||||||||||||||||
GCATAAGTTACATGCCGGGT

>skpp-1898-F:0+20 of 20 bc25mer_145468:0+20 of 25
AATCGTAGGTAGTCGCTCGT
||||||||||||||||||||
AATCGTAGGTAGTCGCTCGT

>skpp-1899-F:0+20 of 20 bc25mer_136778:0+20 of 25
GTGTGCATGATGGGATCTCG
||||||||||||||||||||
GTGTGCATGATGGGATCTCG

>skpp-1900-F:0+20 of 20 bc25mer_74352:0+20 of 25
TGTATGAATTTCCCGGCCCT
||||||||||||||||||||
TGTATGAATTTCCCGGCCCT

>skpp-1901-F:0+20 of 20 bc25mer_22821:0+20 of 25
ATTTGAAGGGCTCAACGTCC
||||||||||||||||||||
ATTTGAAGGGCTCAACGTCC

>skpp-1902-F:0+20 of 20 bc25mer_27185:0+20 of 25
CGCTGGTCCTTTCCTCAATT
||||||||||||||||||||
CGCTGGTCCTTTCCTCAATT

>skpp-1903-F:0+20 of 20 bc25mer_27507:0+20 of 25
GAGGTTAGCCAGTTGCACAC
||||||||||||||||||||
GAGGTTAGCCAGTTGCACAC

>skpp-1904-F:0+20 of 20 bc25mer_105133:0+20 of 25
CCATGGGTGGGAATGGTAGT
||||||||||||||||||||
CCATGGGTGGGAATGGTAGT

>skpp-1905-F:0+20 of 20 bc25mer_197060:1+21 of 25
AATAACGGGAAGCAAGACGG
||||||||||||||||||||
AATAACGGGAAGCAAGACGG

>skpp-1906-F:0+20 of 20 bc25mer_32449:0+20 of 25
ATGCCTGTTGGGGAACTAGA
||||||||||||||||||||
ATGCCTGTTGGGGAACTAGA

>skpp-1907-F:0+20 of 20 bc25mer_164943:4+24 of 25
CGAGGACGACCTGTACGTTA
||||||||||||||||||||
CGAGGACGACCTGTACGTTA

>skpp-1908-F:0+20 of 20 bc25mer_15652:3+23 of 25
AGTATCTGCTACGGCTAGCC
||||||||||||||||||||
AGTATCTGCTACGGCTAGCC

>skpp-1909-F:0+20 of 20 bc25mer_213826:0+20 of 25
ATCGACAAAGGGAAGCATGC
||||||||||||||||||||
ATCGACAAAGGGAAGCATGC

>skpp-1910-F:0+20 of 20 bc25mer_102:0+20 of 25
GGGTAGTCGTGAGGTGAACT
||||||||||||||||||||
GGGTAGTCGTGAGGTGAACT

>skpp-1911-F:0+20 of 20 bc25mer_5469:0+20 of 25
AGGACCGTGGTCTATGTCTG
||||||||||||||||||||
AGGACCGTGGTCTATGTCTG

>skpp-1912-F:0+20 of 20 bc25mer_229307:3+23 of 25
TATGCTGGTATTGAGCTCGC
||||||||||||||||||||
TATGCTGGTATTGAGCTCGC

>skpp-1913-F:0+20 of 20 bc25mer_7120:0+20 of 25
GTAGGGTTTGTGATCGTGGC
||||||||||||||||||||
GTAGGGTTTGTGATCGTGGC

>skpp-1914-F:0+20 of 20 bc25mer_13090:0+20 of 25
GCTAAGGCCCGGACTATTCA
||||||||||||||||||||
GCTAAGGCCCGGACTATTCA

>skpp-1915-F:0+20 of 20 bc25mer_102285:0+20 of 25
CGGCGTGAGTAGACGAAAAC
||||||||||||||||||||
CGGCGTGAGTAGACGAAAAC

>skpp-1916-F:0+20 of 20 bc25mer_16089:0+20 of 25
TGATAGAACCTGGGCTCCTC
||||||||||||||||||||
TGATAGAACCTGGGCTCCTC

>skpp-1917-F:0+20 of 20 bc25mer_19851:0+20 of 25
GCTGCGAACTACATTCTGCT
||||||||||||||||||||
GCTGCGAACTACATTCTGCT

>skpp-1918-F:0+20 of 20 bc25mer_171286:3+23 of 25
ACATTCATTACTTCCCCGCC
||||||||||||||||||||
ACATTCATTACTTCCCCGCC

>skpp-1919-F:0+20 of 20 bc25mer_19779:0+20 of 25
TGGCATAGGCGTTCGTTATT
||||||||||||||||||||
TGGCATAGGCGTTCGTTATT

>skpp-1920-F:0+20 of 20 bc25mer_32755:4+24 of 25
TGTAGTAGCGGTTATTGCGC
||||||||||||||||||||
TGTAGTAGCGGTTATTGCGC

>skpp-1921-F:0+20 of 20 bc25mer_60419:0+20 of 25
CTACATTGAGGCGGCTCATC
||||||||||||||||||||
CTACATTGAGGCGGCTCATC

>skpp-1922-F:0+20 of 20 bc25mer_44279:0+20 of 25
TTCAGAGGAAGTGGCGACTT
||||||||||||||||||||
TTCAGAGGAAGTGGCGACTT

>skpp-1923-F:0+20 of 20 bc25mer_2975:0+20 of 25
TGCGTTAGTGTGTAGTGTCG
||||||||||||||||||||
TGCGTTAGTGTGTAGTGTCG

>skpp-1924-F:0+20 of 20 bc25mer_7159:2+22 of 25
CTGTAACAAGGCCTGCTGAC
||||||||||||||||||||
CTGTAACAAGGCCTGCTGAC

>skpp-1925-F:0+20 of 20 bc25mer_98236:0+20 of 25
TAAACAATCCTCAGACGCCC
||||||||||||||||||||
TAAACAATCCTCAGACGCCC

>skpp-1926-F:0+20 of 20 bc25mer_76561:0+20 of 25
TGTCCAAATATCTGACGCCC
||||||||||||||||||||
TGTCCAAATATCTGACGCCC

>skpp-1927-F:0+20 of 20 bc25mer_11140:0+20 of 25
CCTATAGGTAGCTGGGGAGC
||||||||||||||||||||
CCTATAGGTAGCTGGGGAGC

>skpp-1928-F:0+20 of 20 bc25mer_3485:4+24 of 25
TTGGGGACGTTGGTAAGCAT
||||||||||||||||||||
TTGGGGACGTTGGTAAGCAT

>skpp-1929-F:0+20 of 20 bc25mer_1568:3+23 of 25
AGTTCCGTTTATCCAAGGCG
||||||||||||||||||||
AGTTCCGTTTATCCAAGGCG

>skpp-1930-F:0+20 of 20 bc25mer_45769:4+24 of 25
GCGAGGCAGGGCTAAAATAG
||||||||||||||||||||
GCGAGGCAGGGCTAAAATAG

>skpp-1931-F:0+20 of 20 bc25mer_87767:1+21 of 25
CCTGTGAGGAGGGTCCATAG
||||||||||||||||||||
CCTGTGAGGAGGGTCCATAG

>skpp-1932-F:0+20 of 20 bc25mer_18148:0+20 of 25
CTCTGATTTGTGCTGGGGAC
||||||||||||||||||||
CTCTGATTTGTGCTGGGGAC

>skpp-1933-F:0+20 of 20 bc25mer_19427:1+21 of 25
TCCACAGGGGCATAGGAATT
||||||||||||||||||||
TCCACAGGGGCATAGGAATT

>skpp-1934-F:0+20 of 20 bc25mer_42415:0+20 of 25
CGGAACGTTGTTACACCTCA
||||||||||||||||||||
CGGAACGTTGTTACACCTCA

>skpp-1935-F:0+20 of 20 bc25mer_1317:0+20 of 25
AATAAAAGTCCCGTTCGCCG
||||||||||||||||||||
AATAAAAGTCCCGTTCGCCG

>skpp-1936-F:0+20 of 20 bc25mer_76173:2+22 of 25
GACTGTGCCCGACACTGATA
||||||||||||||||||||
GACTGTGCCCGACACTGATA

>skpp-1937-F:0+20 of 20 bc25mer_44314:0+20 of 25
GTACCTATTTGTCGGTCGGC
||||||||||||||||||||
GTACCTATTTGTCGGTCGGC

>skpp-1938-F:0+20 of 20 bc25mer_14180:2+22 of 25
GTTAGGGCGGTCACTAGGTA
||||||||||||||||||||
GTTAGGGCGGTCACTAGGTA

>skpp-1939-F:0+20 of 20 bc25mer_10648:0+20 of 25
ACATGAATGAACGCTAGGGC
||||||||||||||||||||
ACATGAATGAACGCTAGGGC

>skpp-1940-F:0+20 of 20 bc25mer_13623:1+21 of 25
AGGTGGTACTAGGATGTCGG
||||||||||||||||||||
AGGTGGTACTAGGATGTCGG

>skpp-1941-F:0+20 of 20 bc25mer_5371:0+20 of 25
GGGGACTTAGGCCGTACATA
||||||||||||||||||||
GGGGACTTAGGCCGTACATA

>skpp-1942-F:0+20 of 20 bc25mer_9293:0+20 of 25
GAGATCGCTTCGTTCGTGAT
||||||||||||||||||||
GAGATCGCTTCGTTCGTGAT

>skpp-1943-F:0+20 of 20 bc25mer_139049:3+23 of 25
GCTCCGCAAACACTACTGAA
||||||||||||||||||||
GCTCCGCAAACACTACTGAA

>skpp-1944-F:0+20 of 20 bc25mer_5692:0+20 of 25
CACGACGTATAACGGATGGC
||||||||||||||||||||
CACGACGTATAACGGATGGC

>skpp-1945-F:0+20 of 20 bc25mer_1018:0+20 of 25
TGGAACATACGTTGGCTGTC
||||||||||||||||||||
TGGAACATACGTTGGCTGTC

>skpp-1946-F:0+20 of 20 bc25mer_47482:3+23 of 25
ATCAGAGGACAAGGGAGTGG
||||||||||||||||||||
ATCAGAGGACAAGGGAGTGG

>skpp-1947-F:0+20 of 20 bc25mer_73316:0+20 of 25
GGTAGTCTGGTTTCCCGAGT
||||||||||||||||||||
GGTAGTCTGGTTTCCCGAGT

>skpp-1948-F:0+20 of 20 bc25mer_2041:0+20 of 25
GGCACCACATCGGTTTTACA
||||||||||||||||||||
GGCACCACATCGGTTTTACA

>skpp-1949-F:0+20 of 20 bc25mer_115512:0+20 of 25
ACTGTTCTATTGGCCAAGCG
||||||||||||||||||||
ACTGTTCTATTGGCCAAGCG

>skpp-1950-F:0+20 of 20 bc25mer_49553:0+20 of 25
CGCTCTTAATGGTCCGGAAG
||||||||||||||||||||
CGCTCTTAATGGTCCGGAAG

>skpp-1951-F:0+20 of 20 bc25mer_211789:2+22 of 25
CTGGGGAAGGGGTTTAGGAT
||||||||||||||||||||
CTGGGGAAGGGGTTTAGGAT

>skpp-1952-F:0+20 of 20 bc25mer_20812:0+20 of 25
AGGAGACTTGCCCTTAGTGG
||||||||||||||||||||
AGGAGACTTGCCCTTAGTGG

>skpp-1953-F:0+20 of 20 bc25mer_3191:4+24 of 25
TCTTTGTGGGACTCCCTACG
||||||||||||||||||||
TCTTTGTGGGACTCCCTACG

>skpp-1954-F:0+20 of 20 bc25mer_2033:0+20 of 25
TGCAGAAAACCTGGGTTCAA
||||||||||||||||||||
TGCAGAAAACCTGGGTTCAA

>skpp-1955-F:0+20 of 20 bc25mer_231793:0+20 of 25
GGAAATCAGACAGACCCTGC
||||||||||||||||||||
GGAAATCAGACAGACCCTGC

>skpp-1956-F:0+20 of 20 bc25mer_5628:0+20 of 25
GTATTATCTACCCGGGCGGA
||||||||||||||||||||
GTATTATCTACCCGGGCGGA

>skpp-1957-F:0+20 of 20 bc25mer_122370:0+20 of 25
ATTTCCCTTCAGCGAACGAC
||||||||||||||||||||
ATTTCCCTTCAGCGAACGAC

>skpp-1958-F:0+20 of 20 bc25mer_951:0+20 of 25
GCGTTGGCACGTGTTAGTAT
||||||||||||||||||||
GCGTTGGCACGTGTTAGTAT

>skpp-1959-F:0+20 of 20 bc25mer_146454:3+23 of 25
GAACGGGAGCAGACACTCTA
||||||||||||||||||||
GAACGGGAGCAGACACTCTA

>skpp-1960-F:0+20 of 20 bc25mer_68386:4+24 of 25
CAGGCGCGGAAGTAAATTGA
||||||||||||||||||||
CAGGCGCGGAAGTAAATTGA

>skpp-1961-F:0+20 of 20 bc25mer_2301:0+20 of 25
GTTTCTTGGCCTCCAGCTAG
||||||||||||||||||||
GTTTCTTGGCCTCCAGCTAG

>skpp-1962-F:0+20 of 20 bc25mer_130709:1+21 of 25
TGCTTAAAGGGGTGGTTAGC
||||||||||||||||||||
TGCTTAAAGGGGTGGTTAGC

>skpp-1963-F:0+20 of 20 bc25mer_6716:4+24 of 25
ATCTCGGTCTTATCCTCCGG
||||||||||||||||||||
ATCTCGGTCTTATCCTCCGG

>skpp-1964-F:0+20 of 20 bc25mer_7586:0+20 of 25
GTTTATCGTACCCCACGCAA
||||||||||||||||||||
GTTTATCGTACCCCACGCAA

>skpp-1965-F:0+20 of 20 bc25mer_100112:0+20 of 25
ATAACTCAACACGCCCAAGG
||||||||||||||||||||
ATAACTCAACACGCCCAAGG

>skpp-1966-F:0+20 of 20 bc25mer_26526:2+22 of 25
GGTGCCAGCAACAAGTCTTA
||||||||||||||||||||
GGTGCCAGCAACAAGTCTTA

>skpp-1967-F:0+20 of 20 bc25mer_32732:0+20 of 25
ATGCATGCTACCCTTTTGCA
||||||||||||||||||||
ATGCATGCTACCCTTTTGCA

>skpp-1968-F:0+20 of 20 bc25mer_3507:1+21 of 25
CCAGATGTTAACGCCCCATG
||||||||||||||||||||
CCAGATGTTAACGCCCCATG

>skpp-1969-F:0+20 of 20 bc25mer_194550:2+22 of 25
AGCTATTCACCCGGTTTTGG
||||||||||||||||||||
AGCTATTCACCCGGTTTTGG

>skpp-1970-F:0+20 of 20 bc25mer_61189:0+20 of 25
GTGGGTGCGCTCATATAACA
||||||||||||||||||||
GTGGGTGCGCTCATATAACA

>skpp-1971-F:0+20 of 20 bc25mer_49175:2+22 of 25
CTGAGCTTGCCCTCCTCTTA
||||||||||||||||||||
CTGAGCTTGCCCTCCTCTTA

>skpp-1972-F:0+20 of 20 bc25mer_42294:1+21 of 25
CGGTTAACAAAGGAACGGCT
||||||||||||||||||||
CGGTTAACAAAGGAACGGCT

>skpp-1973-F:0+20 of 20 bc25mer_37410:3+23 of 25
ATATCCTATGTCCGTCCCGG
||||||||||||||||||||
ATATCCTATGTCCGTCCCGG

>skpp-1974-F:0+20 of 20 bc25mer_73165:0+20 of 25
CTAGTATGCTGGTGGGTCGA
||||||||||||||||||||
CTAGTATGCTGGTGGGTCGA

>skpp-1975-F:0+20 of 20 bc25mer_176770:4+24 of 25
TAATTTCTCGCCCTGTGTGG
||||||||||||||||||||
TAATTTCTCGCCCTGTGTGG

>skpp-1976-F:0+20 of 20 bc25mer_27764:0+20 of 25
ACGGCTTGTTCACCCTTATG
||||||||||||||||||||
ACGGCTTGTTCACCCTTATG

>skpp-1977-F:0+20 of 20 bc25mer_7500:4+24 of 25
GTATCCCGCCGGATCTGATA
||||||||||||||||||||
GTATCCCGCCGGATCTGATA

>skpp-1978-F:0+20 of 20 bc25mer_90969:0+20 of 25
GAATTGCGGATCACTCGGAG
||||||||||||||||||||
GAATTGCGGATCACTCGGAG

>skpp-1979-F:0+20 of 20 bc25mer_178943:1+21 of 25
CTGCGAACCCAGATCAGTTC
||||||||||||||||||||
CTGCGAACCCAGATCAGTTC

>skpp-1980-F:0+20 of 20 bc25mer_27181:1+21 of 25
TACAGTCACCCGGAACCAAT
||||||||||||||||||||
TACAGTCACCCGGAACCAAT

>skpp-1981-F:0+20 of 20 bc25mer_38600:0+20 of 25
GGCGGTTTTCTAGCACTTCA
||||||||||||||||||||
GGCGGTTTTCTAGCACTTCA

>skpp-1982-F:0+20 of 20 bc25mer_3751:0+20 of 25
CACTGAGGGTGTGACTGACT
||||||||||||||||||||
CACTGAGGGTGTGACTGACT

>skpp-1983-F:0+20 of 20 bc25mer_2713:3+23 of 25
ACTAACCTCACCAAAACGGC
||||||||||||||||||||
ACTAACCTCACCAAAACGGC

>skpp-1984-F:0+20 of 20 bc25mer_8943:0+20 of 25
ACGAACCAATGACAGCTAGC
||||||||||||||||||||
ACGAACCAATGACAGCTAGC

>skpp-1985-F:0+20 of 20 bc25mer_392:0+20 of 25
GCGTGTGACTAGCAGTTACC
||||||||||||||||||||
GCGTGTGACTAGCAGTTACC

>skpp-1986-F:0+20 of 20 bc25mer_631:0+20 of 25
GGCGTGTAGCGTACTTTGTT
||||||||||||||||||||
GGCGTGTAGCGTACTTTGTT

>skpp-1987-F:0+20 of 20 bc25mer_30022:0+20 of 25
AATGCTGTTTGTCTGGCTCC
||||||||||||||||||||
AATGCTGTTTGTCTGGCTCC

>skpp-1988-F:0+20 of 20 bc25mer_110815:0+20 of 25
TCGTGGTTTTCTTACGCCTG
||||||||||||||||||||
TCGTGGTTTTCTTACGCCTG

>skpp-1989-F:0+20 of 20 bc25mer_3990:0+20 of 25
TGAGGATCAGGGTCGCTTAA
||||||||||||||||||||
TGAGGATCAGGGTCGCTTAA

>skpp-1990-F:0+20 of 20 bc25mer_41636:0+20 of 25
GAAAGAACCACAGATGGCGG
||||||||||||||||||||
GAAAGAACCACAGATGGCGG

>skpp-1991-F:0+20 of 20 bc25mer_170332:0+20 of 25
GATCCAAATCTCGCGCTGTA
||||||||||||||||||||
GATCCAAATCTCGCGCTGTA

>skpp-1992-F:0+20 of 20 bc25mer_53714:1+21 of 25
AAAGGCGTACCCCTTAGTCT
||||||||||||||||||||
AAAGGCGTACCCCTTAGTCT

>skpp-1993-F:0+20 of 20 bc25mer_38267:0+20 of 25
TGTAACAAGAATGGTGCGGG
||||||||||||||||||||
TGTAACAAGAATGGTGCGGG

>skpp-1994-F:0+20 of 20 bc25mer_4105:0+20 of 25
GTTAAGGGCCTCATGCATCA
||||||||||||||||||||
GTTAAGGGCCTCATGCATCA

>skpp-1995-F:0+20 of 20 bc25mer_21514:1+21 of 25
TTTTAAGGCTCGCGATACCG
||||||||||||||||||||
TTTTAAGGCTCGCGATACCG

>skpp-1996-F:0+20 of 20 bc25mer_31404:0+20 of 25
TAGCGGGATACACAGGGAAC
||||||||||||||||||||
TAGCGGGATACACAGGGAAC

>skpp-1997-F:0+20 of 20 bc25mer_27554:2+22 of 25
ACTGCAATTCGACCATTCCC
||||||||||||||||||||
ACTGCAATTCGACCATTCCC

>skpp-1998-F:0+20 of 20 bc25mer_2433:0+20 of 25
AAAGTCGTAGCGGGACTCAT
||||||||||||||||||||
AAAGTCGTAGCGGGACTCAT

>skpp-1999-F:0+20 of 20 bc25mer_63125:1+21 of 25
GAGGTCGGTCCCAGCTATAG
||||||||||||||||||||
GAGGTCGGTCCCAGCTATAG

>skpp-2000-F:0+20 of 20 bc25mer_46553:1+21 of 25
ACGTGCTGTACAGTAGCCTC
||||||||||||||||||||
ACGTGCTGTACAGTAGCCTC

>skpp-2001-F:0+20 of 20 bc25mer_202795:0+20 of 25
AAACCGGCTCCCAATAAACC
||||||||||||||||||||
AAACCGGCTCCCAATAAACC

>skpp-2002-F:0+20 of 20 bc25mer_213863:0+20 of 25
TTGGCCGGATTTCTAGGGAT
||||||||||||||||||||
TTGGCCGGATTTCTAGGGAT

>skpp-2003-F:0+20 of 20 bc25mer_10363:0+20 of 25
TCATGGTCCTTGCACTGGAT
||||||||||||||||||||
TCATGGTCCTTGCACTGGAT

>skpp-2004-F:0+20 of 20 bc25mer_15811:0+20 of 25
TCTTGCGGTTGATAGGGAGG
||||||||||||||||||||
TCTTGCGGTTGATAGGGAGG

>skpp-2005-F:0+20 of 20 bc25mer_1248:0+20 of 25
GAGTGACGAGAGGCCAAAAC
||||||||||||||||||||
GAGTGACGAGAGGCCAAAAC

>skpp-2006-F:0+20 of 20 bc25mer_125967:0+20 of 25
GGTAGGTTTGGAGAGGGGAA
||||||||||||||||||||
GGTAGGTTTGGAGAGGGGAA

>skpp-2007-F:0+20 of 20 bc25mer_136468:4+24 of 25
CCGAGGACAGAGCTATAGGC
||||||||||||||||||||
CCGAGGACAGAGCTATAGGC

>skpp-2008-F:0+20 of 20 bc25mer_11368:0+20 of 25
TCACGTTCTATGAGGACCGG
||||||||||||||||||||
TCACGTTCTATGAGGACCGG

>skpp-2009-F:0+20 of 20 bc25mer_14329:0+20 of 25
CTACCCGCACGACAAATCAC
||||||||||||||||||||
CTACCCGCACGACAAATCAC

>skpp-2010-F:0+20 of 20 bc25mer_51731:2+22 of 25
GATAGGTGGAGCCGGGTTTA
||||||||||||||||||||
GATAGGTGGAGCCGGGTTTA

>skpp-2011-F:0+20 of 20 bc25mer_4759:0+20 of 25
CCTTATGGTTATGCGACGGC
||||||||||||||||||||
CCTTATGGTTATGCGACGGC

>skpp-2012-F:0+20 of 20 bc25mer_16043:0+20 of 25
GTATGTTGTCTTGAGCCCGT
||||||||||||||||||||
GTATGTTGTCTTGAGCCCGT

>skpp-2013-F:0+20 of 20 bc25mer_18949:0+20 of 25
CCTTGTAGTACTGGGGACCC
||||||||||||||||||||
CCTTGTAGTACTGGGGACCC

>skpp-2014-F:0+20 of 20 bc25mer_19992:3+23 of 25
GGCGTCTGCCCCAATCTATA
||||||||||||||||||||
GGCGTCTGCCCCAATCTATA

>skpp-2015-F:0+20 of 20 bc25mer_54161:4+24 of 25
GACTTGGGCGGTGATTCTTG
||||||||||||||||||||
GACTTGGGCGGTGATTCTTG

>skpp-2016-F:0+20 of 20 bc25mer_10833:1+21 of 25
TATTCTTTAGCTTGGCGGGC
||||||||||||||||||||
TATTCTTTAGCTTGGCGGGC

>skpp-2017-F:0+20 of 20 bc25mer_1166:0+20 of 25
TACTACCGTAGCTTGCCTCC
||||||||||||||||||||
TACTACCGTAGCTTGCCTCC

>skpp-2018-F:0+20 of 20 bc25mer_140455:0+20 of 25
TTATCCCTTTGCTGCGAGTG
||||||||||||||||||||
TTATCCCTTTGCTGCGAGTG

>skpp-2019-F:0+20 of 20 bc25mer_35986:0+20 of 25
CAGTGTCAGAACGAGGGTTT
||||||||||||||||||||
CAGTGTCAGAACGAGGGTTT

>skpp-2020-F:0+20 of 20 bc25mer_11916:1+21 of 25
GTCGGTTAGTTTCAGAGCCG
||||||||||||||||||||
GTCGGTTAGTTTCAGAGCCG

>skpp-2021-F:0+20 of 20 bc25mer_61414:0+20 of 25
TGAGTGTTTTCGCTGCTCTC
||||||||||||||||||||
TGAGTGTTTTCGCTGCTCTC

>skpp-2022-F:0+20 of 20 bc25mer_5840:0+20 of 25
CGTAAGTGGTTCGCCCTCTA
||||||||||||||||||||
CGTAAGTGGTTCGCCCTCTA

>skpp-2023-F:0+20 of 20 bc25mer_9093:0+20 of 25
TTCGTTCCTGGGGCTAGTAT
||||||||||||||||||||
TTCGTTCCTGGGGCTAGTAT

>skpp-2024-F:0+20 of 20 bc25mer_114544:0+20 of 25
GAGTCCGTGTGTGATTCAGC
||||||||||||||||||||
GAGTCCGTGTGTGATTCAGC

>skpp-2025-F:0+20 of 20 bc25mer_63957:0+20 of 25
GCTGAATTGCATCGAATCGG
||||||||||||||||||||
GCTGAATTGCATCGAATCGG

>skpp-2026-F:0+20 of 20 bc25mer_26030:0+20 of 25
GTATCTGTCTGCGCAGTAGG
||||||||||||||||||||
GTATCTGTCTGCGCAGTAGG

>skpp-2027-F:0+20 of 20 bc25mer_73174:2+22 of 25
GTAGTCGCCCCTAGTGGAAT
||||||||||||||||||||
GTAGTCGCCCCTAGTGGAAT

>skpp-2028-F:0+20 of 20 bc25mer_177765:4+24 of 25
GTAGGGTGCGGAGCTAACAA
||||||||||||||||||||
GTAGGGTGCGGAGCTAACAA

>skpp-2029-F:0+20 of 20 bc25mer_57886:3+23 of 25
CTTTTGTATGCCCGCTGGTA
||||||||||||||||||||
CTTTTGTATGCCCGCTGGTA

>skpp-2030-F:0+20 of 20 bc25mer_144612:0+20 of 25
GGGCATGTCAAGTACGCTTT
||||||||||||||||||||
GGGCATGTCAAGTACGCTTT

>skpp-2031-F:0+20 of 20 bc25mer_138872:0+20 of 25
GACGTGGGCTGATAATTCGG
||||||||||||||||||||
GACGTGGGCTGATAATTCGG

>skpp-2032-F:0+20 of 20 bc25mer_25590:1+21 of 25
CCTGGGATTTCCTCGATGGA
||||||||||||||||||||
CCTGGGATTTCCTCGATGGA

>skpp-2033-F:0+20 of 20 bc25mer_89323:0+20 of 25
TTCCGCGCTGACCTTAGATA
||||||||||||||||||||
TTCCGCGCTGACCTTAGATA

>skpp-2034-F:0+20 of 20 bc25mer_14050:2+22 of 25
TTTCTGACACGTGATGGTCG
||||||||||||||||||||
TTTCTGACACGTGATGGTCG

>skpp-2035-F:0+20 of 20 bc25mer_73851:0+20 of 25
GTCGATGAAACTCGGTGCTC
||||||||||||||||||||
GTCGATGAAACTCGGTGCTC

>skpp-2036-F:0+20 of 20 bc25mer_12396:0+20 of 25
GGTAGAGCTGCCCAGGATTT
||||||||||||||||||||
GGTAGAGCTGCCCAGGATTT

>skpp-2037-F:0+20 of 20 bc25mer_36021:0+20 of 25
CTCCCAACCATTTGTCGTGT
||||||||||||||||||||
CTCCCAACCATTTGTCGTGT

>skpp-2038-F:0+20 of 20 bc25mer_8058:1+21 of 25
CTGGTGGCAAGTCGTGTTTA
||||||||||||||||||||
CTGGTGGCAAGTCGTGTTTA

>skpp-2039-F:0+20 of 20 bc25mer_239648:1+21 of 25
TCACAGGTTTTGCCTTCTCG
||||||||||||||||||||
TCACAGGTTTTGCCTTCTCG

>skpp-2040-F:0+20 of 20 bc25mer_173659:0+20 of 25
AAGGCGGAATTAGCATCTCG
||||||||||||||||||||
AAGGCGGAATTAGCATCTCG

>skpp-2041-F:0+20 of 20 bc25mer_7377:0+20 of 25
TCTATTATCGATGGGCCGCT
||||||||||||||||||||
TCTATTATCGATGGGCCGCT

>skpp-2042-F:0+20 of 20 bc25mer_51606:0+20 of 25
ATCTGCTTGTTTCTCGTCGG
||||||||||||||||||||
ATCTGCTTGTTTCTCGTCGG

>skpp-2043-F:0+20 of 20 bc25mer_27666:0+20 of 25
GACTGCCAACCCTCTCTGTA
||||||||||||||||||||
GACTGCCAACCCTCTCTGTA

>skpp-2044-F:0+20 of 20 bc25mer_12884:0+20 of 25
TTGAGAGAAGGTCCATCGCA
||||||||||||||||||||
TTGAGAGAAGGTCCATCGCA

>skpp-2045-F:0+20 of 20 bc25mer_16985:0+20 of 25
GAACAATGCTTTGGATGCCG
||||||||||||||||||||
GAACAATGCTTTGGATGCCG

>skpp-2046-F:0+20 of 20 bc25mer_93349:0+20 of 25
GAGTCCACGAGGTTTTGTCG
||||||||||||||||||||
GAGTCCACGAGGTTTTGTCG

>skpp-2047-F:0+20 of 20 bc25mer_53512:0+20 of 25
AGGTAACAATGCGGTTCGTG
||||||||||||||||||||
AGGTAACAATGCGGTTCGTG

>skpp-2048-F:0+20 of 20 bc25mer_6514:1+21 of 25
CCACTGTGGGCTGCTATCTA
||||||||||||||||||||
CCACTGTGGGCTGCTATCTA

>skpp-2049-F:0+20 of 20 bc25mer_3390:1+21 of 25
GAGATTTCCATCACGCTCGG
||||||||||||||||||||
GAGATTTCCATCACGCTCGG

>skpp-2050-F:0+20 of 20 bc25mer_53607:0+20 of 25
TAGCTCGCCTATGGCTTCTT
||||||||||||||||||||
TAGCTCGCCTATGGCTTCTT

>skpp-2051-F:0+20 of 20 bc25mer_117250:0+20 of 25
GAGTAGAGTTAAACCGCCGC
||||||||||||||||||||
GAGTAGAGTTAAACCGCCGC

>skpp-2052-F:0+20 of 20 bc25mer_22842:0+20 of 25
AGCTGTTACTCTGGTCCGAG
||||||||||||||||||||
AGCTGTTACTCTGGTCCGAG

>skpp-2053-F:0+20 of 20 bc25mer_31399:0+20 of 25
AGTCGCGTGTTTTCATGGAG
||||||||||||||||||||
AGTCGCGTGTTTTCATGGAG

>skpp-2054-F:0+20 of 20 bc25mer_126859:2+22 of 25
TATTAGATCGACCGGGGAGC
||||||||||||||||||||
TATTAGATCGACCGGGGAGC

>skpp-2055-F:0+20 of 20 bc25mer_129296:0+20 of 25
TGGCAGCCATCACAACTATG
||||||||||||||||||||
TGGCAGCCATCACAACTATG

>skpp-2056-F:0+20 of 20 bc25mer_98790:3+23 of 25
AGGGACCAGTCGATATCTGC
||||||||||||||||||||
AGGGACCAGTCGATATCTGC

>skpp-2057-F:0+20 of 20 bc25mer_63971:0+20 of 25
TTCTATGATGTCCGCGAGGT
||||||||||||||||||||
TTCTATGATGTCCGCGAGGT

>skpp-2058-F:0+20 of 20 bc25mer_86503:1+21 of 25
GCTCTTTTCGTCTGTAGCGG
||||||||||||||||||||
GCTCTTTTCGTCTGTAGCGG

>skpp-2059-F:0+20 of 20 bc25mer_35550:0+20 of 25
CTACTCGAACCTCCTCGGAC
||||||||||||||||||||
CTACTCGAACCTCCTCGGAC

>skpp-2060-F:0+20 of 20 bc25mer_158887:0+20 of 25
CAACTGTTGTGCGGCTAGAG
||||||||||||||||||||
CAACTGTTGTGCGGCTAGAG

>skpp-2061-F:0+20 of 20 bc25mer_24758:1+21 of 25
AGATTTACTTTCGCTGCCGG
||||||||||||||||||||
AGATTTACTTTCGCTGCCGG

>skpp-2062-F:0+20 of 20 bc25mer_89679:0+20 of 25
GTTCCACATTCGTCCGGTTA
||||||||||||||||||||
GTTCCACATTCGTCCGGTTA

>skpp-2063-F:0+20 of 20 bc25mer_17376:3+23 of 25
TCTACTGTCTTACGTGGGCA
||||||||||||||||||||
TCTACTGTCTTACGTGGGCA

>skpp-2064-F:0+20 of 20 bc25mer_1149:0+20 of 25
CATTCTTATGTCGGCGCGTA
||||||||||||||||||||
CATTCTTATGTCGGCGCGTA

>skpp-2065-F:0+20 of 20 bc25mer_70665:3+23 of 25
GCGCCGCTTTCTAGTAGTTT
||||||||||||||||||||
GCGCCGCTTTCTAGTAGTTT

>skpp-2066-F:0+20 of 20 bc25mer_46752:0+20 of 25
GTTACCGTGAGCAAGACTCG
||||||||||||||||||||
GTTACCGTGAGCAAGACTCG

>skpp-2067-F:0+20 of 20 bc25mer_26483:0+20 of 25
AGCGCGAAAATGACCTATGG
||||||||||||||||||||
AGCGCGAAAATGACCTATGG

>skpp-2068-F:0+20 of 20 bc25mer_42096:0+20 of 25
TGTCCTTTGTGTTACGCTGC
||||||||||||||||||||
TGTCCTTTGTGTTACGCTGC

>skpp-2069-F:0+20 of 20 bc25mer_42313:4+24 of 25
AGCGTACAACTCAATGAGGC
||||||||||||||||||||
AGCGTACAACTCAATGAGGC

>skpp-2070-F:0+20 of 20 bc25mer_171947:0+20 of 25
ACGTGTGCATCGCCTAATAG
||||||||||||||||||||
ACGTGTGCATCGCCTAATAG

>skpp-2071-F:0+20 of 20 bc25mer_17309:0+20 of 25
GGTACAGGACCCTCGGTTAC
||||||||||||||||||||
GGTACAGGACCCTCGGTTAC

>skpp-2072-F:0+20 of 20 bc25mer_166231:0+20 of 25
AAGTGTTAATGGGGTGTGCG
||||||||||||||||||||
AAGTGTTAATGGGGTGTGCG

>skpp-2073-F:0+20 of 20 bc25mer_91219:0+20 of 25
TAAATCAGATGGCTGCGCTC
||||||||||||||||||||
TAAATCAGATGGCTGCGCTC

>skpp-2074-F:0+20 of 20 bc25mer_224687:0+20 of 25
CTGAGATCATGCGCCGATTT
||||||||||||||||||||
CTGAGATCATGCGCCGATTT

>skpp-2075-F:0+20 of 20 bc25mer_147747:0+20 of 25
TATCCAATACCCCTGGGACC
||||||||||||||||||||
TATCCAATACCCCTGGGACC

>skpp-2076-F:0+20 of 20 bc25mer_92959:0+20 of 25
GTCCTAAGAGCCATGCCTTG
||||||||||||||||||||
GTCCTAAGAGCCATGCCTTG

>skpp-2077-F:0+20 of 20 bc25mer_749:3+23 of 25
CTCTGGGGTGCTCTCACATA
||||||||||||||||||||
CTCTGGGGTGCTCTCACATA

>skpp-2078-F:0+20 of 20 bc25mer_25244:0+20 of 25
TTATGCGGACCCATCGGTAT
||||||||||||||||||||
TTATGCGGACCCATCGGTAT

>skpp-2079-F:0+20 of 20 bc25mer_109532:0+20 of 25
AAGGACCAAAGACCAGTCGA
||||||||||||||||||||
AAGGACCAAAGACCAGTCGA

>skpp-2080-F:0+20 of 20 bc25mer_153805:3+23 of 25
CTGCAAACCGCCTACGTAAA
||||||||||||||||||||
CTGCAAACCGCCTACGTAAA

>skpp-2081-F:0+20 of 20 bc25mer_12667:4+24 of 25
AGTGGGAACTCAGATCCTCG
||||||||||||||||||||
AGTGGGAACTCAGATCCTCG

>skpp-2082-F:0+20 of 20 bc25mer_185587:0+20 of 25
TACGTGCCTCATATCGTCCC
||||||||||||||||||||
TACGTGCCTCATATCGTCCC

>skpp-2083-F:0+20 of 20 bc25mer_32075:0+20 of 25
TCCTAACCTTCCCAAAGCCT
||||||||||||||||||||
TCCTAACCTTCCCAAAGCCT

>skpp-2084-F:0+20 of 20 bc25mer_232911:2+22 of 25
ACGCCACTTCTACTGACTCA
||||||||||||||||||||
ACGCCACTTCTACTGACTCA

>skpp-2085-F:0+20 of 20 bc25mer_2427:1+21 of 25
CTTGATGGTTGTTCCGTGCT
||||||||||||||||||||
CTTGATGGTTGTTCCGTGCT

>skpp-2086-F:0+20 of 20 bc25mer_16306:0+20 of 25
ATCATGGGGTTCAGTCCCTC
||||||||||||||||||||
ATCATGGGGTTCAGTCCCTC

>skpp-2087-F:0+20 of 20 bc25mer_2864:0+20 of 25
CTTGGGTGGCACTCAGTCTA
||||||||||||||||||||
CTTGGGTGGCACTCAGTCTA

>skpp-2088-F:0+20 of 20 bc25mer_1262:3+23 of 25
CCTGCTCGCTGCATTATGAT
||||||||||||||||||||
CCTGCTCGCTGCATTATGAT

>skpp-2089-F:0+20 of 20 bc25mer_15020:2+22 of 25
GCATGGAATCTGTCGAGCTT
||||||||||||||||||||
GCATGGAATCTGTCGAGCTT

>skpp-2090-F:0+20 of 20 bc25mer_2618:0+20 of 25
GTCCTGCACCGTTGCTATTC
||||||||||||||||||||
GTCCTGCACCGTTGCTATTC

>skpp-2091-F:0+20 of 20 bc25mer_34466:3+23 of 25
AAATCTTTGCCCTCCACTGG
||||||||||||||||||||
AAATCTTTGCCCTCCACTGG

>skpp-2092-F:0+20 of 20 bc25mer_105668:0+20 of 25
TGTGTTTACGATGGAGTGCC
||||||||||||||||||||
TGTGTTTACGATGGAGTGCC

>skpp-2093-F:0+20 of 20 bc25mer_68658:4+24 of 25
CTAGAAGTGTGCATGCGTGT
||||||||||||||||||||
CTAGAAGTGTGCATGCGTGT

>skpp-2094-F:0+20 of 20 bc25mer_159730:1+21 of 25
TTACTTTATTCCGCCCGTCG
||||||||||||||||||||
TTACTTTATTCCGCCCGTCG

>skpp-2095-F:0+20 of 20 bc25mer_62929:0+20 of 25
CCGCCACGTATGCATATACC
||||||||||||||||||||
CCGCCACGTATGCATATACC

>skpp-2096-F:0+20 of 20 bc25mer_185946:0+20 of 25
GCCACACCGACACAAACTAG
||||||||||||||||||||
GCCACACCGACACAAACTAG

>skpp-2097-F:0+20 of 20 bc25mer_1556:0+20 of 25
ACTCAAATAGCACGCTTCCG
||||||||||||||||||||
ACTCAAATAGCACGCTTCCG

>skpp-2098-F:0+20 of 20 bc25mer_86222:0+20 of 25
GGACCTAGCATCAAACGCAG
||||||||||||||||||||
GGACCTAGCATCAAACGCAG

>skpp-2099-F:0+20 of 20 bc25mer_5758:0+20 of 25
AAGTTTGTGTTCGGCGTACC
||||||||||||||||||||
AAGTTTGTGTTCGGCGTACC

>skpp-2100-F:0+20 of 20 bc25mer_76370:0+20 of 25
TTTTCGCTGTGTTCGGAAGC
||||||||||||||||||||
TTTTCGCTGTGTTCGGAAGC

>skpp-2101-F:0+20 of 20 bc25mer_14031:0+20 of 25
TGTAAGCAGGGCTAACGTCT
||||||||||||||||||||
TGTAAGCAGGGCTAACGTCT

>skpp-2102-F:0+20 of 20 bc25mer_56211:0+20 of 25
ATGCCAGTTATGGTTTCGCC
||||||||||||||||||||
ATGCCAGTTATGGTTTCGCC

>skpp-2103-F:0+20 of 20 bc25mer_47853:4+24 of 25
GCCGGAGTTCGAGTCCTATT
||||||||||||||||||||
GCCGGAGTTCGAGTCCTATT

>skpp-2104-F:0+20 of 20 bc25mer_120965:1+21 of 25
CGGGATTAGGAAGCGGCTAT
||||||||||||||||||||
CGGGATTAGGAAGCGGCTAT

>skpp-2105-F:0+20 of 20 bc25mer_20884:1+21 of 25
TGGGACATGAGGTACACTCG
||||||||||||||||||||
TGGGACATGAGGTACACTCG

>skpp-2106-F:0+20 of 20 bc25mer_94139:1+21 of 25
GGACATGGGTAGGACCAGTT
||||||||||||||||||||
GGACATGGGTAGGACCAGTT

>skpp-2107-F:0+20 of 20 bc25mer_1190:2+22 of 25
CACGGGTACATGGTACACCT
||||||||||||||||||||
CACGGGTACATGGTACACCT

>skpp-2108-F:0+20 of 20 bc25mer_43933:1+21 of 25
TTCGTTTGTTCCCCGGTAGA
||||||||||||||||||||
TTCGTTTGTTCCCCGGTAGA

>skpp-2109-F:0+20 of 20 bc25mer_91363:4+24 of 25
GAACACCCCGCTGAGCTATA
||||||||||||||||||||
GAACACCCCGCTGAGCTATA

>skpp-2110-F:0+20 of 20 bc25mer_60954:0+20 of 25
ACAGTTGGTGATGGGGAACT
||||||||||||||||||||
ACAGTTGGTGATGGGGAACT

>skpp-2111-F:0+20 of 20 bc25mer_15928:0+20 of 25
ACTACAAGGGGAAGTTCCGG
||||||||||||||||||||
ACTACAAGGGGAAGTTCCGG

>skpp-2112-F:0+20 of 20 bc25mer_5943:0+20 of 25
CATGTCAGTAGGTGGCGTAC
||||||||||||||||||||
CATGTCAGTAGGTGGCGTAC

>skpp-2113-F:0+20 of 20 bc25mer_1500:0+20 of 25
GGAGAGTCGTACGTCATGGT
||||||||||||||||||||
GGAGAGTCGTACGTCATGGT

>skpp-2114-F:0+20 of 20 bc25mer_40506:1+21 of 25
TAAATGCTTTCGCCGCAACA
||||||||||||||||||||
TAAATGCTTTCGCCGCAACA

>skpp-2115-F:0+20 of 20 bc25mer_127961:3+23 of 25
CGGCGAGTTAAAGGCAAACA
||||||||||||||||||||
CGGCGAGTTAAAGGCAAACA

>skpp-2116-F:0+20 of 20 bc25mer_8354:2+22 of 25
TGTACCAATGGCACTTGAGC
||||||||||||||||||||
TGTACCAATGGCACTTGAGC

>skpp-2117-F:0+20 of 20 bc25mer_89030:0+20 of 25
GTGCGCTGTTGTTTCCTACT
||||||||||||||||||||
GTGCGCTGTTGTTTCCTACT

>skpp-2118-F:0+20 of 20 bc25mer_4136:0+20 of 25
ACGTAATTTATCCAGGCGCG
||||||||||||||||||||
ACGTAATTTATCCAGGCGCG

>skpp-2119-F:0+20 of 20 bc25mer_811:0+20 of 25
ACTGGTAGTTGTGACAAGCG
||||||||||||||||||||
ACTGGTAGTTGTGACAAGCG

>skpp-2120-F:0+20 of 20 bc25mer_137688:0+20 of 25
AATTCTCGGACGGTGTGAGA
||||||||||||||||||||
AATTCTCGGACGGTGTGAGA

>skpp-2121-F:0+20 of 20 bc25mer_26765:0+20 of 25
CTGTCGTGTTTGGGCTCTAC
||||||||||||||||||||
CTGTCGTGTTTGGGCTCTAC

>skpp-2122-F:0+20 of 20 bc25mer_15908:2+22 of 25
CGTGTCATAAGGAGGCCTCA
||||||||||||||||||||
CGTGTCATAAGGAGGCCTCA

>skpp-2123-F:0+20 of 20 bc25mer_7016:3+23 of 25
AACACGCTAATCGATCGACC
||||||||||||||||||||
AACACGCTAATCGATCGACC

>skpp-2124-F:0+20 of 20 bc25mer_1208:0+20 of 25
AGTTGTGCGTCAGCCCTATA
||||||||||||||||||||
AGTTGTGCGTCAGCCCTATA

>skpp-2125-F:0+20 of 20 bc25mer_173489:0+20 of 25
GTGGTGGCGTTCGATTCTAT
||||||||||||||||||||
GTGGTGGCGTTCGATTCTAT

>skpp-2126-F:0+20 of 20 bc25mer_4480:0+20 of 25
CGATCTAGCCGATGTGTCAG
||||||||||||||||||||
CGATCTAGCCGATGTGTCAG

>skpp-2127-F:0+20 of 20 bc25mer_20007:1+21 of 25
GCTCATCGCAACTTACCCTC
||||||||||||||||||||
GCTCATCGCAACTTACCCTC

>skpp-2128-F:0+20 of 20 bc25mer_27637:2+22 of 25
GGACGGTCGGATTCTTGGAA
||||||||||||||||||||
GGACGGTCGGATTCTTGGAA

>skpp-2129-F:0+20 of 20 bc25mer_115103:1+21 of 25
TCGCATTTTGTGTTGCCCTA
||||||||||||||||||||
TCGCATTTTGTGTTGCCCTA

>skpp-2130-F:0+20 of 20 bc25mer_226168:0+20 of 25
CGGGAAGGAACCATACGGTA
||||||||||||||||||||
CGGGAAGGAACCATACGGTA

>skpp-2131-F:0+20 of 20 bc25mer_98521:0+20 of 25
CACTGTGCAAGGACTCGAAG
||||||||||||||||||||
CACTGTGCAAGGACTCGAAG

>skpp-2132-F:0+20 of 20 bc25mer_61439:2+22 of 25
AATGCTGTACTGTGGGGTGA
||||||||||||||||||||
AATGCTGTACTGTGGGGTGA

>skpp-2133-F:0+20 of 20 bc25mer_41316:0+20 of 25
ATCGCGGTTGTCCTACCATA
||||||||||||||||||||
ATCGCGGTTGTCCTACCATA

>skpp-2134-F:0+20 of 20 bc25mer_15711:2+22 of 25
AACACCTCGCTTAGTTCAGC
||||||||||||||||||||
AACACCTCGCTTAGTTCAGC

>skpp-2135-F:0+20 of 20 bc25mer_77574:0+20 of 25
AACGTATGCGGGACTCCTAG
||||||||||||||||||||
AACGTATGCGGGACTCCTAG

>skpp-2136-F:0+20 of 20 bc25mer_19649:0+20 of 25
ACTCGCTACACCGATTAGCC
||||||||||||||||||||
ACTCGCTACACCGATTAGCC

>skpp-2137-F:0+20 of 20 bc25mer_27455:0+20 of 25
TAATTCAGTCGCTTTCGGGC
||||||||||||||||||||
TAATTCAGTCGCTTTCGGGC

>skpp-2138-F:0+20 of 20 bc25mer_77166:0+20 of 25
GACGTGTAAGGGTGCGTAAG
||||||||||||||||||||
GACGTGTAAGGGTGCGTAAG

>skpp-2139-F:0+20 of 20 bc25mer_32266:0+20 of 25
GATGAATGACATCCCGTCCG
||||||||||||||||||||
GATGAATGACATCCCGTCCG

>skpp-2140-F:0+20 of 20 bc25mer_16328:1+21 of 25
TTGACCCGGCAAAGTACATC
||||||||||||||||||||
TTGACCCGGCAAAGTACATC

>skpp-2141-F:0+20 of 20 bc25mer_26067:0+20 of 25
GGATGGCCTTAATTGGTGGG
||||||||||||||||||||
GGATGGCCTTAATTGGTGGG

>skpp-2142-F:0+20 of 20 bc25mer_105275:0+20 of 25
TAATGATCGGTGGGTCGTCT
||||||||||||||||||||
TAATGATCGGTGGGTCGTCT

>skpp-2143-F:0+20 of 20 bc25mer_25053:0+20 of 25
AACCGCAAATGACACTAGGC
||||||||||||||||||||
AACCGCAAATGACACTAGGC

>skpp-2144-F:0+20 of 20 bc25mer_184349:0+20 of 25
TGAGATTTAATCGGGCCGGA
||||||||||||||||||||
TGAGATTTAATCGGGCCGGA

>skpp-2145-F:0+20 of 20 bc25mer_61498:1+21 of 25
CACATGTTTTGCGGTGTTCC
||||||||||||||||||||
CACATGTTTTGCGGTGTTCC

>skpp-2146-F:0+20 of 20 bc25mer_70296:4+24 of 25
CCAACACGCCGTAGAATGTT
||||||||||||||||||||
CCAACACGCCGTAGAATGTT

>skpp-2147-F:0+20 of 20 bc25mer_69025:0+20 of 25
CATGGGAAAGTGACCGTGTC
||||||||||||||||||||
CATGGGAAAGTGACCGTGTC

>skpp-2148-F:0+20 of 20 bc25mer_22135:0+20 of 25
TACACACGATGGCCCATCTT
||||||||||||||||||||
TACACACGATGGCCCATCTT

>skpp-2149-F:0+20 of 20 bc25mer_146193:0+20 of 25
TCAGTTAGGAGGCCCCAATC
||||||||||||||||||||
TCAGTTAGGAGGCCCCAATC

>skpp-2150-F:0+20 of 20 bc25mer_113744:0+20 of 25
TTGCTCTAAGTTGGACCCGA
||||||||||||||||||||
TTGCTCTAAGTTGGACCCGA

>skpp-2151-F:0+20 of 20 bc25mer_5005:0+20 of 25
ATTGGGATCTAGGTGAGGCC
||||||||||||||||||||
ATTGGGATCTAGGTGAGGCC

>skpp-2152-F:0+20 of 20 bc25mer_78104:2+22 of 25
GCGTGTCAAGATCGCGTTAA
||||||||||||||||||||
GCGTGTCAAGATCGCGTTAA

>skpp-2153-F:0+20 of 20 bc25mer_95168:0+20 of 25
GGCCCACACTTGTTTCAACT
||||||||||||||||||||
GGCCCACACTTGTTTCAACT

>skpp-2154-F:0+20 of 20 bc25mer_58140:1+21 of 25
CAGATAGGTCCCCGGGTATC
||||||||||||||||||||
CAGATAGGTCCCCGGGTATC

>skpp-2155-F:0+20 of 20 bc25mer_10958:0+20 of 25
TTGGTTGTCTCGCTAGCAAC
||||||||||||||||||||
TTGGTTGTCTCGCTAGCAAC

>skpp-2156-F:0+20 of 20 bc25mer_48410:1+21 of 25
TCTAGTCGAACCACCCGAAG
||||||||||||||||||||
TCTAGTCGAACCACCCGAAG

>skpp-2157-F:0+20 of 20 bc25mer_87177:0+20 of 25
ATTGTGCACTGTGCTACACC
||||||||||||||||||||
ATTGTGCACTGTGCTACACC

>skpp-2158-F:0+20 of 20 bc25mer_8640:3+23 of 25
CATGCTTGCGTATGGAGGTC
||||||||||||||||||||
CATGCTTGCGTATGGAGGTC

>skpp-2159-F:0+20 of 20 bc25mer_1612:4+24 of 25
CCTCACGACCTTCTGTGGAT
||||||||||||||||||||
CCTCACGACCTTCTGTGGAT

>skpp-2160-F:0+20 of 20 bc25mer_82462:0+20 of 25
CTGATACCGGACCTCACCTG
||||||||||||||||||||
CTGATACCGGACCTCACCTG

>skpp-2161-F:0+20 of 20 bc25mer_130096:4+24 of 25
TATCTTCGCTTTTCTCGCGC
||||||||||||||||||||
TATCTTCGCTTTTCTCGCGC

>skpp-2162-F:0+20 of 20 bc25mer_8348:3+23 of 25
TCGTTCTACACATGGAAGCG
||||||||||||||||||||
TCGTTCTACACATGGAAGCG

>skpp-2163-F:0+20 of 20 bc25mer_13559:0+20 of 25
GCTCGATGTGCTTCTACGTT
||||||||||||||||||||
GCTCGATGTGCTTCTACGTT

>skpp-2164-F:0+20 of 20 bc25mer_231228:2+22 of 25
TGTAAGATCCTGCACCCACT
||||||||||||||||||||
TGTAAGATCCTGCACCCACT

>skpp-2165-F:0+20 of 20 bc25mer_45975:3+23 of 25
GAGCCCTGGGTTCTAGTGTT
||||||||||||||||||||
GAGCCCTGGGTTCTAGTGTT

>skpp-2166-F:0+20 of 20 bc25mer_31051:0+20 of 25
CATAGTAGCACATGCGTCGG
||||||||||||||||||||
CATAGTAGCACATGCGTCGG

>skpp-2167-F:0+20 of 20 bc25mer_113465:1+21 of 25
CAACAACCAAAGCTCCCGAT
||||||||||||||||||||
CAACAACCAAAGCTCCCGAT

>skpp-2168-F:0+20 of 20 bc25mer_15939:0+20 of 25
CTATGGGATGAGCTCAGCGA
||||||||||||||||||||
CTATGGGATGAGCTCAGCGA

>skpp-2169-F:0+20 of 20 bc25mer_16683:3+23 of 25
TACCTAACCTCAGTCGACGG
||||||||||||||||||||
TACCTAACCTCAGTCGACGG

>skpp-2170-F:0+20 of 20 bc25mer_202317:0+20 of 25
TCCGTACGACTACAAAACGC
||||||||||||||||||||
TCCGTACGACTACAAAACGC

>skpp-2171-F:0+20 of 20 bc25mer_148226:0+20 of 25
GATCTGTAGGCCTTGCTCCA
||||||||||||||||||||
GATCTGTAGGCCTTGCTCCA

>skpp-2172-F:0+20 of 20 bc25mer_110543:0+20 of 25
CGGTTGAGGAGGTACTGTGA
||||||||||||||||||||
CGGTTGAGGAGGTACTGTGA

>skpp-2173-F:0+20 of 20 bc25mer_3157:1+21 of 25
ACGATAATAAGTTGGCCCGC
||||||||||||||||||||
ACGATAATAAGTTGGCCCGC

>skpp-2174-F:0+20 of 20 bc25mer_131693:1+21 of 25
CGTTGCTTGTGGGGATTCTT
||||||||||||||||||||
CGTTGCTTGTGGGGATTCTT

>skpp-2175-F:0+20 of 20 bc25mer_36148:3+23 of 25
ATTGGATCAAATGGGCTGCA
||||||||||||||||||||
ATTGGATCAAATGGGCTGCA

>skpp-2176-F:0+20 of 20 bc25mer_110229:0+20 of 25
GGTTATGCCATGCTCGTGAT
||||||||||||||||||||
GGTTATGCCATGCTCGTGAT

>skpp-2177-F:0+20 of 20 bc25mer_21914:3+23 of 25
GGGTGTCATGCGTGATCAAT
||||||||||||||||||||
GGGTGTCATGCGTGATCAAT

>skpp-2178-F:0+20 of 20 bc25mer_1592:0+20 of 25
TTCACGTAGACGGGGATGTT
||||||||||||||||||||
TTCACGTAGACGGGGATGTT

>skpp-2179-F:0+20 of 20 bc25mer_228305:4+24 of 25
CCAGGGGCCGATACATCTAA
||||||||||||||||||||
CCAGGGGCCGATACATCTAA

>skpp-2180-F:0+20 of 20 bc25mer_95706:3+23 of 25
CGCAAACACGCCCTACAATA
||||||||||||||||||||
CGCAAACACGCCCTACAATA

>skpp-2181-F:0+20 of 20 bc25mer_28299:0+20 of 25
GGCCTGTGATTTCCACACTG
||||||||||||||||||||
GGCCTGTGATTTCCACACTG

>skpp-2182-F:0+20 of 20 bc25mer_76253:0+20 of 25
TGCCTCAGGGTGATGTCATT
||||||||||||||||||||
TGCCTCAGGGTGATGTCATT

>skpp-2183-F:0+20 of 20 bc25mer_29671:1+21 of 25
ACACTTCTTGGCCACAATCC
||||||||||||||||||||
ACACTTCTTGGCCACAATCC

>skpp-2184-F:0+20 of 20 bc25mer_3112:3+23 of 25
GGTTGTCACCACGGCTAAAT
||||||||||||||||||||
GGTTGTCACCACGGCTAAAT

>skpp-2185-F:0+20 of 20 bc25mer_28029:0+20 of 25
ACCCTAGCTATGCGCTCTAC
||||||||||||||||||||
ACCCTAGCTATGCGCTCTAC

>skpp-2186-F:0+20 of 20 bc25mer_5497:3+23 of 25
GGGTGTGAACGACCTCTGTA
||||||||||||||||||||
GGGTGTGAACGACCTCTGTA

>skpp-2187-F:0+20 of 20 bc25mer_1734:0+20 of 25
CTTGCGGAGTACACCCAGTA
||||||||||||||||||||
CTTGCGGAGTACACCCAGTA

>skpp-2188-F:0+20 of 20 bc25mer_30350:0+20 of 25
GTGCACGATGTCTCGCTAAA
||||||||||||||||||||
GTGCACGATGTCTCGCTAAA

>skpp-2189-F:0+20 of 20 bc25mer_9023:2+22 of 25
CGTGGACTATCGAGTCGGAA
||||||||||||||||||||
CGTGGACTATCGAGTCGGAA

>skpp-2190-F:0+20 of 20 bc25mer_2554:1+21 of 25
CCAAGCGTGCCAAGTTTGTA
||||||||||||||||||||
CCAAGCGTGCCAAGTTTGTA

>skpp-2191-F:0+20 of 20 bc25mer_11716:0+20 of 25
GTAGCCCATATGCGGTTCTC
||||||||||||||||||||
GTAGCCCATATGCGGTTCTC

>skpp-2192-F:0+20 of 20 bc25mer_65187:0+20 of 25
GGGAGAGCCTTCCTACTTGT
||||||||||||||||||||
GGGAGAGCCTTCCTACTTGT

>skpp-2193-F:0+20 of 20 bc25mer_193756:0+20 of 25
TCAGGAAGGGGATTAAGGCC
||||||||||||||||||||
TCAGGAAGGGGATTAAGGCC

>skpp-2194-F:0+20 of 20 bc25mer_7401:3+23 of 25
TTAGATCCTGTGATGCACGC
||||||||||||||||||||
TTAGATCCTGTGATGCACGC

>skpp-2195-F:0+20 of 20 bc25mer_37729:2+22 of 25
ACCTCTTATGCACCTACCCC
||||||||||||||||||||
ACCTCTTATGCACCTACCCC

>skpp-2196-F:0+20 of 20 bc25mer_174465:0+20 of 25
TACGTTCATACCCCGGGAAC
||||||||||||||||||||
TACGTTCATACCCCGGGAAC

>skpp-2197-F:0+20 of 20 bc25mer_26439:0+20 of 25
GAAAGTTAGGCGCTCCATCC
||||||||||||||||||||
GAAAGTTAGGCGCTCCATCC

>skpp-2198-F:0+20 of 20 bc25mer_195671:0+20 of 25
GCCTCATTTATTCGTGGCGT
||||||||||||||||||||
GCCTCATTTATTCGTGGCGT

>skpp-2199-F:0+20 of 20 bc25mer_47113:0+20 of 25
TCTTCGGGAGTGATTGGACC
||||||||||||||||||||
TCTTCGGGAGTGATTGGACC

>skpp-2200-F:0+20 of 20 bc25mer_45883:0+20 of 25
GTCCTTGTGTTCGGCCTTTG
||||||||||||||||||||
GTCCTTGTGTTCGGCCTTTG

>skpp-2201-F:0+20 of 20 bc25mer_53605:0+20 of 25
CACGAGTGGTGTACCGTCTA
||||||||||||||||||||
CACGAGTGGTGTACCGTCTA

>skpp-2202-F:0+20 of 20 bc25mer_50533:0+20 of 25
GCAGCGTTATCGTTTGACGA
||||||||||||||||||||
GCAGCGTTATCGTTTGACGA

>skpp-2203-F:0+20 of 20 bc25mer_103504:1+21 of 25
GTTTCCGGATCGAGCCCTAT
||||||||||||||||||||
GTTTCCGGATCGAGCCCTAT

>skpp-2204-F:0+20 of 20 bc25mer_30504:0+20 of 25
AAATGTGAGGCTAGCGGTCA
||||||||||||||||||||
AAATGTGAGGCTAGCGGTCA

>skpp-2205-F:0+20 of 20 bc25mer_6375:0+20 of 25
GGGAGACTGGAGGACAACTC
||||||||||||||||||||
GGGAGACTGGAGGACAACTC

>skpp-2206-F:0+20 of 20 bc25mer_3835:1+21 of 25
CTCTCGGGTGTCGGGAATAA
||||||||||||||||||||
CTCTCGGGTGTCGGGAATAA

>skpp-2207-F:0+20 of 20 bc25mer_1798:0+20 of 25
TGAAAGTAAGCGCCGTACCT
||||||||||||||||||||
TGAAAGTAAGCGCCGTACCT

>skpp-2208-F:0+20 of 20 bc25mer_191244:0+20 of 25
CTAGATGCATACCCTGCGGA
||||||||||||||||||||
CTAGATGCATACCCTGCGGA

>skpp-2209-F:0+20 of 20 bc25mer_74429:1+21 of 25
TCCCGCGCGTCTATATAACC
||||||||||||||||||||
TCCCGCGCGTCTATATAACC

>skpp-2210-F:0+20 of 20 bc25mer_4405:0+20 of 25
CTGGTAACGGATGACGAGGT
||||||||||||||||||||
CTGGTAACGGATGACGAGGT

>skpp-2211-F:0+20 of 20 bc25mer_34154:1+21 of 25
ATTCGCGTGGCCTATGTTTG
||||||||||||||||||||
ATTCGCGTGGCCTATGTTTG

>skpp-2212-F:0+20 of 20 bc25mer_6461:0+20 of 25
CATTCACGGACACGATCCTC
||||||||||||||||||||
CATTCACGGACACGATCCTC

>skpp-2213-F:0+20 of 20 bc25mer_81231:0+20 of 25
TTGTTTGTGTGGTCGGTCAC
||||||||||||||||||||
TTGTTTGTGTGGTCGGTCAC

>skpp-2214-F:0+20 of 20 bc25mer_7637:0+20 of 25
GCGTATGGGTCGGACCTTTA
||||||||||||||||||||
GCGTATGGGTCGGACCTTTA

>skpp-2215-F:0+20 of 20 bc25mer_66624:4+24 of 25
GAACTGTGCGTCTGCCAAAT
||||||||||||||||||||
GAACTGTGCGTCTGCCAAAT

>skpp-2216-F:0+20 of 20 bc25mer_9004:2+22 of 25
TTTATCTTGACGGTTCCGCG
||||||||||||||||||||
TTTATCTTGACGGTTCCGCG

>skpp-2217-F:0+20 of 20 bc25mer_22207:0+20 of 25
GAGCTTCAGTTTTCACGCCT
||||||||||||||||||||
GAGCTTCAGTTTTCACGCCT

>skpp-2218-F:0+20 of 20 bc25mer_15906:1+21 of 25
ACTTATTCACTTGTGCGGGC
||||||||||||||||||||
ACTTATTCACTTGTGCGGGC

>skpp-2219-F:0+20 of 20 bc25mer_4850:3+23 of 25
ATGGACTCGCATTAAGGTGC
||||||||||||||||||||
ATGGACTCGCATTAAGGTGC

>skpp-2220-F:0+20 of 20 bc25mer_192962:0+20 of 25
CAATCTGTAAGTGGCACCGG
||||||||||||||||||||
CAATCTGTAAGTGGCACCGG

>skpp-2221-F:0+20 of 20 bc25mer_61962:1+21 of 25
ATGGACGTATTCCCTCGTGT
||||||||||||||||||||
ATGGACGTATTCCCTCGTGT

>skpp-2222-F:0+20 of 20 bc25mer_224119:0+20 of 25
CATGGGGTACGGGTCCTTAG
||||||||||||||||||||
CATGGGGTACGGGTCCTTAG

>skpp-2223-F:0+20 of 20 bc25mer_6717:0+20 of 25
GGGGCTTGCATCTCGAATAG
||||||||||||||||||||
GGGGCTTGCATCTCGAATAG

>skpp-2224-F:0+20 of 20 bc25mer_19526:0+20 of 25
TATTTGACAATGCCCGCTGG
||||||||||||||||||||
TATTTGACAATGCCCGCTGG

>skpp-2225-F:0+20 of 20 bc25mer_5726:1+21 of 25
GGTGCCATGTGATTTACCGA
||||||||||||||||||||
GGTGCCATGTGATTTACCGA

>skpp-2226-F:0+20 of 20 bc25mer_21894:0+20 of 25
GCCTTCTACCTATGCATCCG
||||||||||||||||||||
GCCTTCTACCTATGCATCCG

>skpp-2227-F:0+20 of 20 bc25mer_69608:0+20 of 25
CCTCGTAATTCGCCCAATCC
||||||||||||||||||||
CCTCGTAATTCGCCCAATCC

>skpp-2228-F:0+20 of 20 bc25mer_45163:0+20 of 25
AGCAAACAGGGACGGATTGT
||||||||||||||||||||
AGCAAACAGGGACGGATTGT

>skpp-2229-F:0+20 of 20 bc25mer_15764:0+20 of 25
TGCGATTCGTGTAGCACTTC
||||||||||||||||||||
TGCGATTCGTGTAGCACTTC

>skpp-2230-F:0+20 of 20 bc25mer_64131:0+20 of 25
TAGACTGTGCGGTGGAACTT
||||||||||||||||||||
TAGACTGTGCGGTGGAACTT

>skpp-2231-F:0+20 of 20 bc25mer_5842:4+24 of 25
GGACTTGAGCGTACGCAATT
||||||||||||||||||||
GGACTTGAGCGTACGCAATT

>skpp-2232-F:0+20 of 20 bc25mer_1940:0+20 of 25
TTAGGTGGCCCTTTCTCCAG
||||||||||||||||||||
TTAGGTGGCCCTTTCTCCAG

>skpp-2233-F:0+20 of 20 bc25mer_231213:4+24 of 25
CGCGTTAGGGTTTGGCATAT
||||||||||||||||||||
CGCGTTAGGGTTTGGCATAT

>skpp-2234-F:0+20 of 20 bc25mer_45606:3+23 of 25
TATACCCACCCTTCGTCTGG
||||||||||||||||||||
TATACCCACCCTTCGTCTGG

>skpp-2235-F:0+20 of 20 bc25mer_186471:0+20 of 25
ATATGTCCGGCCTTGCCTAG
||||||||||||||||||||
ATATGTCCGGCCTTGCCTAG

>skpp-2236-F:0+20 of 20 bc25mer_158048:4+24 of 25
GCTGGGAGCTCGCCTTTATA
||||||||||||||||||||
GCTGGGAGCTCGCCTTTATA

>skpp-2237-F:0+20 of 20 bc25mer_75971:0+20 of 25
CATCAATTTGGCGGATGGGA
||||||||||||||||||||
CATCAATTTGGCGGATGGGA

>skpp-2238-F:0+20 of 20 bc25mer_221001:2+22 of 25
CCGGGAGATGCGGAACTATA
||||||||||||||||||||
CCGGGAGATGCGGAACTATA

>skpp-2239-F:0+20 of 20 bc25mer_124156:1+21 of 25
AAATGCCTGACGTACACAGC
||||||||||||||||||||
AAATGCCTGACGTACACAGC

>skpp-2240-F:0+20 of 20 bc25mer_79592:0+20 of 25
TTTACGAGTGCACATTCCCC
||||||||||||||||||||
TTTACGAGTGCACATTCCCC

>skpp-2241-F:0+20 of 20 bc25mer_84000:2+22 of 25
ATATTGCAGCATCAGGTGGC
||||||||||||||||||||
ATATTGCAGCATCAGGTGGC

>skpp-2242-F:0+20 of 20 bc25mer_41273:2+22 of 25
TATGATGTTCGTGCGTGTCC
||||||||||||||||||||
TATGATGTTCGTGCGTGTCC

>skpp-2243-F:0+20 of 20 bc25mer_1849:0+20 of 25
TCTCGAACTCCCCGCATAAA
||||||||||||||||||||
TCTCGAACTCCCCGCATAAA

>skpp-2244-F:0+20 of 20 bc25mer_86979:0+20 of 25
TCGAGAGATAACCCGCACTC
||||||||||||||||||||
TCGAGAGATAACCCGCACTC

>skpp-2245-F:0+20 of 20 bc25mer_182075:0+20 of 25
CTCCTCAGTCTCACAACCCA
||||||||||||||||||||
CTCCTCAGTCTCACAACCCA

>skpp-2246-F:0+20 of 20 bc25mer_88765:2+22 of 25
GGAAAACACGCACTCCGAAT
||||||||||||||||||||
GGAAAACACGCACTCCGAAT

>skpp-2247-F:0+20 of 20 bc25mer_75972:0+20 of 25
TCGAGCTTTCGTGGTGAGAT
||||||||||||||||||||
TCGAGCTTTCGTGGTGAGAT

>skpp-2248-F:0+20 of 20 bc25mer_48376:0+20 of 25
TGGACTGTGGGCGGATAAAT
||||||||||||||||||||
TGGACTGTGGGCGGATAAAT

>skpp-2249-F:0+20 of 20 bc25mer_10632:0+20 of 25
TAGCAGCTGTCAGCTCACAT
||||||||||||||||||||
TAGCAGCTGTCAGCTCACAT

>skpp-2250-F:0+20 of 20 bc25mer_11513:0+20 of 25
CTGTCATCGCCAAGAAACGT
||||||||||||||||||||
CTGTCATCGCCAAGAAACGT

>skpp-2251-F:0+20 of 20 bc25mer_796:1+21 of 25
TACTCGACTCTAGGAGGGCA
||||||||||||||||||||
TACTCGACTCTAGGAGGGCA

>skpp-2252-F:0+20 of 20 bc25mer_184684:0+20 of 25
TTGGATAGCTCACGCACGTA
||||||||||||||||||||
TTGGATAGCTCACGCACGTA

>skpp-2253-F:0+20 of 20 bc25mer_29494:0+20 of 25
TTTCTCACGTTGCCACAGTG
||||||||||||||||||||
TTTCTCACGTTGCCACAGTG

>skpp-2254-F:0+20 of 20 bc25mer_89887:2+22 of 25
ATCCGACCCCGTTCGTATAG
||||||||||||||||||||
ATCCGACCCCGTTCGTATAG

>skpp-2255-F:0+20 of 20 bc25mer_150314:1+21 of 25
ATATTAGTCCTCCGAGCGGG
||||||||||||||||||||
ATATTAGTCCTCCGAGCGGG

>skpp-2256-F:0+20 of 20 bc25mer_16231:0+20 of 25
TGGATCTTCTATGCGCTCGT
||||||||||||||||||||
TGGATCTTCTATGCGCTCGT

>skpp-2257-F:0+20 of 20 bc25mer_16912:0+20 of 25
GGTTCCTGCAACGGAGTAAC
||||||||||||||||||||
GGTTCCTGCAACGGAGTAAC

>skpp-2258-F:0+20 of 20 bc25mer_8870:2+22 of 25
GGGGCCGCTAATTTACCATG
||||||||||||||||||||
GGGGCCGCTAATTTACCATG

>skpp-2259-F:0+20 of 20 bc25mer_60818:2+22 of 25
ACCGGTTGGGAGACTTATCG
||||||||||||||||||||
ACCGGTTGGGAGACTTATCG

>skpp-2260-F:0+20 of 20 bc25mer_28093:1+21 of 25
CCTGAGGCTGAGTCCAGTTT
||||||||||||||||||||
CCTGAGGCTGAGTCCAGTTT

>skpp-2261-F:0+20 of 20 bc25mer_19742:1+21 of 25
GTCTCGGATTCTAGCCCCTC
||||||||||||||||||||
GTCTCGGATTCTAGCCCCTC

>skpp-2262-F:0+20 of 20 bc25mer_6391:0+20 of 25
TCTAGCACCTCCTGACTACG
||||||||||||||||||||
TCTAGCACCTCCTGACTACG

>skpp-2263-F:0+20 of 20 bc25mer_187108:0+20 of 25
CAGCTCTCGCCGTCTACTAT
||||||||||||||||||||
CAGCTCTCGCCGTCTACTAT

>skpp-2264-F:0+20 of 20 bc25mer_7768:4+24 of 25
TATAGGACCTTTCCACGGGC
||||||||||||||||||||
TATAGGACCTTTCCACGGGC

>skpp-2265-F:0+20 of 20 bc25mer_11619:0+20 of 25
TAACTCAGCAAGCCGACTGT
||||||||||||||||||||
TAACTCAGCAAGCCGACTGT

>skpp-2266-F:0+20 of 20 bc25mer_143133:0+20 of 25
TTACGTCAGTTCCCCGCTTA
||||||||||||||||||||
TTACGTCAGTTCCCCGCTTA

>skpp-2267-F:0+20 of 20 bc25mer_135694:1+21 of 25
CAAGGGAGGGTTAGGGGAAA
||||||||||||||||||||
CAAGGGAGGGTTAGGGGAAA

>skpp-2268-F:0+20 of 20 bc25mer_47:0+20 of 25
ATGAGCTGTCTCGAACCGAA
||||||||||||||||||||
ATGAGCTGTCTCGAACCGAA

>skpp-2269-F:0+20 of 20 bc25mer_21610:0+20 of 25
AACGCTAGATGTGCCCTAGA
||||||||||||||||||||
AACGCTAGATGTGCCCTAGA

>skpp-2270-F:0+20 of 20 bc25mer_94415:0+20 of 25
TTGGAGAGTAAGGTCGAGGG
||||||||||||||||||||
TTGGAGAGTAAGGTCGAGGG

>skpp-2271-F:0+20 of 20 bc25mer_87288:1+21 of 25
CAATTAATGGCGCCCGACTT
||||||||||||||||||||
CAATTAATGGCGCCCGACTT

>skpp-2272-F:0+20 of 20 bc25mer_585:0+20 of 25
TGCGGGTGTTTTCTTTTGGT
||||||||||||||||||||
TGCGGGTGTTTTCTTTTGGT

>skpp-2273-F:0+20 of 20 bc25mer_3042:4+24 of 25
TATAACTTCAACGGGCGTGC
||||||||||||||||||||
TATAACTTCAACGGGCGTGC

>skpp-2274-F:0+20 of 20 bc25mer_29799:0+20 of 25
ACCTGAGAAGTGCCCGTTAT
||||||||||||||||||||
ACCTGAGAAGTGCCCGTTAT

>skpp-2275-F:0+20 of 20 bc25mer_168599:0+20 of 25
TTAGCCAATGCACTGTGACG
||||||||||||||||||||
TTAGCCAATGCACTGTGACG

>skpp-2276-F:0+20 of 20 bc25mer_145347:0+20 of 25
TCCTCTGCCCCAAGTTATGT
||||||||||||||||||||
TCCTCTGCCCCAAGTTATGT

>skpp-2277-F:0+20 of 20 bc25mer_118472:0+20 of 25
TTTCTAGTCAGTGTCCCGCA
||||||||||||||||||||
TTTCTAGTCAGTGTCCCGCA

>skpp-2278-F:0+20 of 20 bc25mer_1400:0+20 of 25
CGAAAAGTGGATCACCGGTC
||||||||||||||||||||
CGAAAAGTGGATCACCGGTC

>skpp-2279-F:0+20 of 20 bc25mer_142619:3+23 of 25
TGTTTGACATTTCCGGACCG
||||||||||||||||||||
TGTTTGACATTTCCGGACCG

>skpp-2280-F:0+20 of 20 bc25mer_27220:2+22 of 25
AGATAGAGCTTGTCCCCTGC
||||||||||||||||||||
AGATAGAGCTTGTCCCCTGC

>skpp-2281-F:0+20 of 20 bc25mer_93942:0+20 of 25
CCGGGATAGGACAACAGGTT
||||||||||||||||||||
CCGGGATAGGACAACAGGTT

>skpp-2282-F:0+20 of 20 bc25mer_33956:0+20 of 25
CGTCCTTCCGACTAGAGGTG
||||||||||||||||||||
CGTCCTTCCGACTAGAGGTG

>skpp-2283-F:0+20 of 20 bc25mer_2367:2+22 of 25
ATGACCCGCTAAACACAACC
||||||||||||||||||||
ATGACCCGCTAAACACAACC

>skpp-2284-F:0+20 of 20 bc25mer_110420:0+20 of 25
GTAGCCACCAAGGTAAACGG
||||||||||||||||||||
GTAGCCACCAAGGTAAACGG

>skpp-2285-F:0+20 of 20 bc25mer_14319:3+23 of 25
TATCCGAGATTCGACGAGGC
||||||||||||||||||||
TATCCGAGATTCGACGAGGC

>skpp-2286-F:0+20 of 20 bc25mer_44553:4+24 of 25
AACGACCTCATCCACTCTCG
||||||||||||||||||||
AACGACCTCATCCACTCTCG

>skpp-2287-F:0+20 of 20 bc25mer_9679:0+20 of 25
TCTCGTATGCGGCATATGCT
||||||||||||||||||||
TCTCGTATGCGGCATATGCT

>skpp-2288-F:0+20 of 20 bc25mer_149881:1+21 of 25
ATACCTCGCTGGCTCTACAG
||||||||||||||||||||
ATACCTCGCTGGCTCTACAG

>skpp-2289-F:0+20 of 20 bc25mer_10119:0+20 of 25
CAGTGGATATCGTGGTCGGA
||||||||||||||||||||
CAGTGGATATCGTGGTCGGA

>skpp-2290-F:0+20 of 20 bc25mer_54555:0+20 of 25
GAGGCGACGCAATAGGTACT
||||||||||||||||||||
GAGGCGACGCAATAGGTACT

>skpp-2291-F:0+20 of 20 bc25mer_37379:1+21 of 25
CTATGGCCCAGTACTCAGGT
||||||||||||||||||||
CTATGGCCCAGTACTCAGGT

>skpp-2292-F:0+20 of 20 bc25mer_12516:4+24 of 25
TGCAGGGAGCTTACCTAGTC
||||||||||||||||||||
TGCAGGGAGCTTACCTAGTC

>skpp-2293-F:0+20 of 20 bc25mer_25468:1+21 of 25
TATAGGGTCGGTTGTCTCGC
||||||||||||||||||||
TATAGGGTCGGTTGTCTCGC

>skpp-2294-F:0+20 of 20 bc25mer_82133:0+20 of 25
GTAGGGAAGTGATGCATCGG
||||||||||||||||||||
GTAGGGAAGTGATGCATCGG

>skpp-2295-F:0+20 of 20 bc25mer_65736:4+24 of 25
GTTGATCGACCTTGCGTCAA
||||||||||||||||||||
GTTGATCGACCTTGCGTCAA

>skpp-2296-F:0+20 of 20 bc25mer_48052:2+22 of 25
AGATACACTTCGGCTGGAGC
||||||||||||||||||||
AGATACACTTCGGCTGGAGC

>skpp-2297-F:0+20 of 20 bc25mer_129928:0+20 of 25
GTGATTGAGAATCAGGCGGG
||||||||||||||||||||
GTGATTGAGAATCAGGCGGG

>skpp-2298-F:0+20 of 20 bc25mer_26638:0+20 of 25
GGGAATACTTTAGTGGCGCG
||||||||||||||||||||
GGGAATACTTTAGTGGCGCG

>skpp-2299-F:0+20 of 20 bc25mer_39578:3+23 of 25
GCCCTTGCTACACGAGACTA
||||||||||||||||||||
GCCCTTGCTACACGAGACTA

>skpp-2300-F:0+20 of 20 bc25mer_143633:0+20 of 25
TCTGTTGGATCTAGTGGCGC
||||||||||||||||||||
TCTGTTGGATCTAGTGGCGC

>skpp-2301-F:0+20 of 20 bc25mer_3738:0+20 of 25
GGTTTCATGGGCTAAGGCTG
||||||||||||||||||||
GGTTTCATGGGCTAAGGCTG

>skpp-2302-F:0+20 of 20 bc25mer_156049:0+20 of 25
CTCGATTTATTTGGGCCCGC
||||||||||||||||||||
CTCGATTTATTTGGGCCCGC

>skpp-2303-F:0+20 of 20 bc25mer_201640:1+21 of 25
TCGGTGTGTCTTTAGGGAGC
||||||||||||||||||||
TCGGTGTGTCTTTAGGGAGC

>skpp-2304-F:0+20 of 20 bc25mer_57408:0+20 of 25
GGAGACTGGGTGATGAGGTG
||||||||||||||||||||
GGAGACTGGGTGATGAGGTG

>skpp-2305-F:0+20 of 20 bc25mer_19690:0+20 of 25
GTAAGGCTGGCAGGAGGTTA
||||||||||||||||||||
GTAAGGCTGGCAGGAGGTTA

>skpp-2306-F:0+20 of 20 bc25mer_99752:1+21 of 25
TGTATGATGGAGGGGAAGGC
||||||||||||||||||||
TGTATGATGGAGGGGAAGGC

>skpp-2307-F:0+20 of 20 bc25mer_54313:0+20 of 25
CCTTACAGTGGAGGGCTCAG
||||||||||||||||||||
CCTTACAGTGGAGGGCTCAG

>skpp-2308-F:0+20 of 20 bc25mer_189294:0+20 of 25
TGCTCCCATGTTCTTCGAGT
||||||||||||||||||||
TGCTCCCATGTTCTTCGAGT

>skpp-2309-F:0+20 of 20 bc25mer_15653:0+20 of 25
CGAGCAGCCCTATGGAATGA
||||||||||||||||||||
CGAGCAGCCCTATGGAATGA

>skpp-2310-F:0+20 of 20 bc25mer_4411:1+21 of 25
TCGGATAGTCGAGGACGCTA
||||||||||||||||||||
TCGGATAGTCGAGGACGCTA

>skpp-2311-F:0+20 of 20 bc25mer_34234:0+20 of 25
TTCATGTTTGTCCCGTTCGC
||||||||||||||||||||
TTCATGTTTGTCCCGTTCGC

>skpp-2312-F:0+20 of 20 bc25mer_19330:0+20 of 25
AATGTTTACTGTCGGGTCGC
||||||||||||||||||||
AATGTTTACTGTCGGGTCGC

>skpp-2313-F:0+20 of 20 bc25mer_262:0+20 of 25
GTCTAAAGTATGCGTCGCGG
||||||||||||||||||||
GTCTAAAGTATGCGTCGCGG

>skpp-2314-F:0+20 of 20 bc25mer_146363:0+20 of 25
GGCATATGCGTCGTCCTTTG
||||||||||||||||||||
GGCATATGCGTCGTCCTTTG

>skpp-2315-F:0+20 of 20 bc25mer_13169:0+20 of 25
TGGCGGGAACTAACGTAGAC
||||||||||||||||||||
TGGCGGGAACTAACGTAGAC

>skpp-2316-F:0+20 of 20 bc25mer_14456:0+20 of 25
CTTAAAGCAAGTTCGGGGCA
||||||||||||||||||||
CTTAAAGCAAGTTCGGGGCA

>skpp-2317-F:0+20 of 20 bc25mer_56988:1+21 of 25
CCGACGTTTGCATGCTTCTA
||||||||||||||||||||
CCGACGTTTGCATGCTTCTA

>skpp-2318-F:0+20 of 20 bc25mer_156670:0+20 of 25
CTCATTCCTTTCGCGAGTGG
||||||||||||||||||||
CTCATTCCTTTCGCGAGTGG

>skpp-2319-F:0+20 of 20 bc25mer_34308:0+20 of 25
ACTTGGTAGATCCGTCCTGG
||||||||||||||||||||
ACTTGGTAGATCCGTCCTGG

>skpp-2320-F:0+20 of 20 bc25mer_12308:0+20 of 25
TCGAATTGTGTCATCGCGTC
||||||||||||||||||||
TCGAATTGTGTCATCGCGTC

>skpp-2321-F:0+20 of 20 bc25mer_8630:1+21 of 25
CAGTAGCGGAATCGTTCGAC
||||||||||||||||||||
CAGTAGCGGAATCGTTCGAC

>skpp-2322-F:0+20 of 20 bc25mer_62617:3+23 of 25
GTTCGGCGACGGGTATCTTA
||||||||||||||||||||
GTTCGGCGACGGGTATCTTA

>skpp-2323-F:0+20 of 20 bc25mer_9069:1+21 of 25
GTCCTAATCCGTGTGGGCTA
||||||||||||||||||||
GTCCTAATCCGTGTGGGCTA

>skpp-2324-F:0+20 of 20 bc25mer_51007:0+20 of 25
CTGTTGTTCAGCCCGAATCC
||||||||||||||||||||
CTGTTGTTCAGCCCGAATCC

>skpp-2325-F:0+20 of 20 bc25mer_215349:0+20 of 25
CTAACAATCCCCAACGCACA
||||||||||||||||||||
CTAACAATCCCCAACGCACA

>skpp-2326-F:0+20 of 20 bc25mer_34561:1+21 of 25
TCTATTCACACAGCAGTCGC
||||||||||||||||||||
TCTATTCACACAGCAGTCGC

>skpp-2327-F:0+20 of 20 bc25mer_49982:0+20 of 25
AATCCGTAGCTGGTGAGAGG
||||||||||||||||||||
AATCCGTAGCTGGTGAGAGG

>skpp-2328-F:0+20 of 20 bc25mer_71244:2+22 of 25
GGAAAAGGTTGGTCGGGTCT
||||||||||||||||||||
GGAAAAGGTTGGTCGGGTCT

>skpp-2329-F:0+20 of 20 bc25mer_104131:0+20 of 25
TCCGTAAGTTTTCGATGGCG
||||||||||||||||||||
TCCGTAAGTTTTCGATGGCG

>skpp-2330-F:0+20 of 20 bc25mer_106141:0+20 of 25
TAACGGCTTTTCAACACCCG
||||||||||||||||||||
TAACGGCTTTTCAACACCCG

>skpp-2331-F:0+20 of 20 bc25mer_30628:2+22 of 25
ATGCGTGATTACCTTGTGCG
||||||||||||||||||||
ATGCGTGATTACCTTGTGCG

>skpp-2332-F:0+20 of 20 bc25mer_216705:0+20 of 25
GTATTCACCACCCTGCAACG
||||||||||||||||||||
GTATTCACCACCCTGCAACG

>skpp-2333-F:0+20 of 20 bc25mer_4987:0+20 of 25
GACGGTATCGAGTTCGCATG
||||||||||||||||||||
GACGGTATCGAGTTCGCATG

>skpp-2334-F:0+20 of 20 bc25mer_157564:0+20 of 25
TTACTTTCCGGGCGAGTAGT
||||||||||||||||||||
TTACTTTCCGGGCGAGTAGT

>skpp-2335-F:0+20 of 20 bc25mer_33617:3+23 of 25
ATTGAAAGTTCACGCCTCGC
||||||||||||||||||||
ATTGAAAGTTCACGCCTCGC

>skpp-2336-F:0+20 of 20 bc25mer_5868:3+23 of 25
GTCGCCCGGCTAAGTATGAT
||||||||||||||||||||
GTCGCCCGGCTAAGTATGAT

>skpp-2337-F:0+20 of 20 bc25mer_403:0+20 of 25
GCGTTTACTGGGTGGACTTC
||||||||||||||||||||
GCGTTTACTGGGTGGACTTC

>skpp-2338-F:0+20 of 20 bc25mer_19792:0+20 of 25
CGGCGGTATGTCAAAACCTT
||||||||||||||||||||
CGGCGGTATGTCAAAACCTT

>skpp-2339-F:0+20 of 20 bc25mer_516:0+20 of 25
ACCGACGATCATGACTCACA
||||||||||||||||||||
ACCGACGATCATGACTCACA

>skpp-2340-F:0+20 of 20 bc25mer_83638:0+20 of 25
CCGTCATTTGGGGCGATATT
||||||||||||||||||||
CCGTCATTTGGGGCGATATT

>skpp-2341-F:0+20 of 20 bc25mer_187395:0+20 of 25
GGCCTGTAATGTGTGGTGAC
||||||||||||||||||||
GGCCTGTAATGTGTGGTGAC

>skpp-2342-F:0+20 of 20 bc25mer_46968:0+20 of 25
TACTCTGCTTTCTCGGTGGT
||||||||||||||||||||
TACTCTGCTTTCTCGGTGGT

>skpp-2343-F:0+20 of 20 bc25mer_51264:0+20 of 25
GTACAGAGATCCGCCCAGAA
||||||||||||||||||||
GTACAGAGATCCGCCCAGAA

>skpp-2344-F:0+20 of 20 bc25mer_19665:0+20 of 25
CGATCAGTAATTGGCGAGGC
||||||||||||||||||||
CGATCAGTAATTGGCGAGGC

>skpp-2345-F:0+20 of 20 bc25mer_28846:3+23 of 25
TCGTATATGAGAGGCCAGGC
||||||||||||||||||||
TCGTATATGAGAGGCCAGGC

>skpp-2346-F:0+20 of 20 bc25mer_48078:0+20 of 25
AACCAGCGGCATGAGCTATA
||||||||||||||||||||
AACCAGCGGCATGAGCTATA

>skpp-2347-F:0+20 of 20 bc25mer_24073:0+20 of 25
CTTTGCGTGGCTTCACTAGG
||||||||||||||||||||
CTTTGCGTGGCTTCACTAGG

>skpp-2348-F:0+20 of 20 bc25mer_137841:0+20 of 25
ATTCACGGGGTTCTGTTCGA
||||||||||||||||||||
ATTCACGGGGTTCTGTTCGA

>skpp-2349-F:0+20 of 20 bc25mer_1771:0+20 of 25
AGGATACGAGCTCACACACC
||||||||||||||||||||
AGGATACGAGCTCACACACC

>skpp-2350-F:0+20 of 20 bc25mer_169352:0+20 of 25
TGGTTCCTTTGGCTTGTTCG
||||||||||||||||||||
TGGTTCCTTTGGCTTGTTCG

>skpp-2351-F:0+20 of 20 bc25mer_6392:3+23 of 25
GGCGTTGTTAAGACGGGTTT
||||||||||||||||||||
GGCGTTGTTAAGACGGGTTT

>skpp-2352-F:0+20 of 20 bc25mer_68803:0+20 of 25
TGGCACTTAGTCTAGCGTCC
||||||||||||||||||||
TGGCACTTAGTCTAGCGTCC

>skpp-2353-F:0+20 of 20 bc25mer_235976:0+20 of 25
GCTTTTGTGGTGCCCTTTCT
||||||||||||||||||||
GCTTTTGTGGTGCCCTTTCT

>skpp-2354-F:0+20 of 20 bc25mer_5728:0+20 of 25
TTCGATTTACCGGGAGGCTC
||||||||||||||||||||
TTCGATTTACCGGGAGGCTC

>skpp-2355-F:0+20 of 20 bc25mer_52838:0+20 of 25
TAATCAGAGCGTCACGACCT
||||||||||||||||||||
TAATCAGAGCGTCACGACCT

>skpp-2356-F:0+20 of 20 bc25mer_49091:1+21 of 25
CGAGCTAGGCCCTCTATGTC
||||||||||||||||||||
CGAGCTAGGCCCTCTATGTC

>skpp-2357-F:0+20 of 20 bc25mer_11637:3+23 of 25
CGTTTCTGCACCGCAATACT
||||||||||||||||||||
CGTTTCTGCACCGCAATACT

>skpp-2358-F:0+20 of 20 bc25mer_113126:1+21 of 25
CACTTGTTAAGTCCGGTCGC
||||||||||||||||||||
CACTTGTTAAGTCCGGTCGC

>skpp-2359-F:0+20 of 20 bc25mer_22917:3+23 of 25
GGGAGGCGGTAAGAAGGAAT
||||||||||||||||||||
GGGAGGCGGTAAGAAGGAAT

>skpp-2360-F:0+20 of 20 bc25mer_231085:0+20 of 25
ATTCGAACACGGTAGCACCT
||||||||||||||||||||
ATTCGAACACGGTAGCACCT

>skpp-2361-F:0+20 of 20 bc25mer_160489:2+22 of 25
GACACCTTGGCCAGTCCTAT
||||||||||||||||||||
GACACCTTGGCCAGTCCTAT

>skpp-2362-F:0+20 of 20 bc25mer_194137:1+21 of 25
TGAGTTCAGGCTCTACTCCC
||||||||||||||||||||
TGAGTTCAGGCTCTACTCCC

>skpp-2363-F:0+20 of 20 bc25mer_7235:0+20 of 25
GGGTCCCGCCGATCTATTAT
||||||||||||||||||||
GGGTCCCGCCGATCTATTAT

>skpp-2364-F:0+20 of 20 bc25mer_57489:0+20 of 25
GTGTATACTGCGTTCACGGC
||||||||||||||||||||
GTGTATACTGCGTTCACGGC

>skpp-2365-F:0+20 of 20 bc25mer_69007:2+22 of 25
CGCCCCGTTTTATGGTGTTT
||||||||||||||||||||
CGCCCCGTTTTATGGTGTTT

>skpp-2366-F:0+20 of 20 bc25mer_42187:4+24 of 25
CGATGCCGAATGGTTTGTCT
||||||||||||||||||||
CGATGCCGAATGGTTTGTCT

>skpp-2367-F:0+20 of 20 bc25mer_191468:0+20 of 25
GCCAGGACCAGAACTGTCTA
||||||||||||||||||||
GCCAGGACCAGAACTGTCTA

>skpp-2368-F:0+20 of 20 bc25mer_181404:0+20 of 25
CCTGGACAGTGAGTTTCGGA
||||||||||||||||||||
CCTGGACAGTGAGTTTCGGA

>skpp-2369-F:0+20 of 20 bc25mer_349:0+20 of 25
TCGAGACATTCCCAGGTTCA
||||||||||||||||||||
TCGAGACATTCCCAGGTTCA

>skpp-2370-F:0+20 of 20 bc25mer_120763:2+22 of 25
CGGATCTGTGAGTCGTCAGT
||||||||||||||||||||
CGGATCTGTGAGTCGTCAGT

>skpp-2371-F:0+20 of 20 bc25mer_68614:0+20 of 25
GCATAAGGGGCTCTGGGTTA
||||||||||||||||||||
GCATAAGGGGCTCTGGGTTA

>skpp-2372-F:0+20 of 20 bc25mer_8906:2+22 of 25
ACGGGTGTATGCGATTTTGG
||||||||||||||||||||
ACGGGTGTATGCGATTTTGG

>skpp-2373-F:0+20 of 20 bc25mer_53179:0+20 of 25
GAACAGAGGGTTTGCCACAA
||||||||||||||||||||
GAACAGAGGGTTTGCCACAA

>skpp-2374-F:0+20 of 20 bc25mer_36210:0+20 of 25
TGTCCATCTGGGCTTACAGG
||||||||||||||||||||
TGTCCATCTGGGCTTACAGG

>skpp-2375-F:0+20 of 20 bc25mer_52192:0+20 of 25
AAGTCGAATATCGGGGCAGT
||||||||||||||||||||
AAGTCGAATATCGGGGCAGT

>skpp-2376-F:0+20 of 20 bc25mer_19666:0+20 of 25
GTACTACCATATGTGCGGCG
||||||||||||||||||||
GTACTACCATATGTGCGGCG

>skpp-2377-F:0+20 of 20 bc25mer_65109:0+20 of 25
TCGTGAGGCTGAGTTGTTCT
||||||||||||||||||||
TCGTGAGGCTGAGTTGTTCT

>skpp-2378-F:0+20 of 20 bc25mer_41984:0+20 of 25
GGGGAACGAAGATTCTTGGC
||||||||||||||||||||
GGGGAACGAAGATTCTTGGC

>skpp-2379-F:0+20 of 20 bc25mer_130640:0+20 of 25
AGCGTCTTTGAATTTGCGGA
||||||||||||||||||||
AGCGTCTTTGAATTTGCGGA

>skpp-2380-F:0+20 of 20 bc25mer_102484:0+20 of 25
GAAGCAAGAACGCACCAGAA
||||||||||||||||||||
GAAGCAAGAACGCACCAGAA

>skpp-2381-F:0+20 of 20 bc25mer_41127:4+24 of 25
GGATCGACCAAACCGCAAAT
||||||||||||||||||||
GGATCGACCAAACCGCAAAT

>skpp-2382-F:0+20 of 20 bc25mer_163681:0+20 of 25
CGAACCTCAATCCGACCTGA
||||||||||||||||||||
CGAACCTCAATCCGACCTGA

>skpp-2383-F:0+20 of 20 bc25mer_35609:2+22 of 25
ACGCTAACCATGACAAAGCC
||||||||||||||||||||
ACGCTAACCATGACAAAGCC

>skpp-2384-F:0+20 of 20 bc25mer_90532:2+22 of 25
GTCCCGGTTCGTATGCAAAA
||||||||||||||||||||
GTCCCGGTTCGTATGCAAAA

>skpp-2385-F:0+20 of 20 bc25mer_3415:0+20 of 25
GTGGATGATAGTTCCGGGCT
||||||||||||||||||||
GTGGATGATAGTTCCGGGCT

>skpp-2386-F:0+20 of 20 bc25mer_23238:0+20 of 25
TGGTGTTCCTCCCCAAAGTT
||||||||||||||||||||
TGGTGTTCCTCCCCAAAGTT

>skpp-2387-F:0+20 of 20 bc25mer_26637:0+20 of 25
AGGGGATTGGCACAGATTGT
||||||||||||||||||||
AGGGGATTGGCACAGATTGT

>skpp-2388-F:0+20 of 20 bc25mer_4766:0+20 of 25
ACAACCGCTGATTTTACGCA
||||||||||||||||||||
ACAACCGCTGATTTTACGCA

>skpp-2389-F:0+20 of 20 bc25mer_53376:0+20 of 25
CTAGTTGATTTCGTGCGCGT
||||||||||||||||||||
CTAGTTGATTTCGTGCGCGT

>skpp-2390-F:0+20 of 20 bc25mer_54523:1+21 of 25
GGAGCCGCGCTATTGGTATA
||||||||||||||||||||
GGAGCCGCGCTATTGGTATA

>skpp-2391-F:0+20 of 20 bc25mer_128734:2+22 of 25
TAGATGTTTGCGCTACTGGC
||||||||||||||||||||
TAGATGTTTGCGCTACTGGC

>skpp-2392-F:0+20 of 20 bc25mer_68263:0+20 of 25
CATTGAGTTTGCGTGGTTGC
||||||||||||||||||||
CATTGAGTTTGCGTGGTTGC

>skpp-2393-F:0+20 of 20 bc25mer_66438:0+20 of 25
CATGGAGAAGGCACTTGCAG
||||||||||||||||||||
CATGGAGAAGGCACTTGCAG

>skpp-2394-F:0+20 of 20 bc25mer_739:0+20 of 25
CTCTAATTGGGCTACGGCTG
||||||||||||||||||||
CTCTAATTGGGCTACGGCTG

>skpp-2395-F:0+20 of 20 bc25mer_12331:3+23 of 25
TCAATCGTGGTCTTTCGTGC
||||||||||||||||||||
TCAATCGTGGTCTTTCGTGC

>skpp-2396-F:0+20 of 20 bc25mer_8210:1+21 of 25
CAATGGGGCCGGAGTCTTAT
||||||||||||||||||||
CAATGGGGCCGGAGTCTTAT

>skpp-2397-F:0+20 of 20 bc25mer_20200:3+23 of 25
CTTGCTCTAAAAGCGGCCTT
||||||||||||||||||||
CTTGCTCTAAAAGCGGCCTT

>skpp-2398-F:0+20 of 20 bc25mer_17252:0+20 of 25
AAGTAGTCCTTGGGTCGCTC
||||||||||||||||||||
AAGTAGTCCTTGGGTCGCTC

>skpp-2399-F:0+20 of 20 bc25mer_57875:0+20 of 25
TTACTTCTCAGTAGGCGCCC
||||||||||||||||||||
TTACTTCTCAGTAGGCGCCC

>skpp-2400-F:0+20 of 20 bc25mer_205537:2+22 of 25
CAGGTCTAGCCCCTGCAATT
||||||||||||||||||||
CAGGTCTAGCCCCTGCAATT

>skpp-2401-F:0+20 of 20 bc25mer_40556:1+21 of 25
ATAACCGGGCGCACACTATA
||||||||||||||||||||
ATAACCGGGCGCACACTATA

>skpp-2402-F:0+20 of 20 bc25mer_3049:0+20 of 25
GCATGCCAGCGTAATGGTTT
||||||||||||||||||||
GCATGCCAGCGTAATGGTTT

>skpp-2403-F:0+20 of 20 bc25mer_6407:3+23 of 25
CATCGAGCGGTCGTTCTACT
||||||||||||||||||||
CATCGAGCGGTCGTTCTACT

>skpp-2404-F:0+20 of 20 bc25mer_6948:4+24 of 25
CAGCGTGGGTGAGTGAAGTA
||||||||||||||||||||
CAGCGTGGGTGAGTGAAGTA

>skpp-2405-F:0+20 of 20 bc25mer_70087:0+20 of 25
GTATGAAGGGACACGAGGCT
||||||||||||||||||||
GTATGAAGGGACACGAGGCT

>skpp-2406-F:0+20 of 20 bc25mer_5125:0+20 of 25
GTTCGCGTGCTATGTAGTCG
||||||||||||||||||||
GTTCGCGTGCTATGTAGTCG

>skpp-2407-F:0+20 of 20 bc25mer_62510:1+21 of 25
CCAAGGAAGGGCGATACCTT
||||||||||||||||||||
CCAAGGAAGGGCGATACCTT

>skpp-2408-F:0+20 of 20 bc25mer_174986:1+21 of 25
GTACCATGATCCTGCGAGGT
||||||||||||||||||||
GTACCATGATCCTGCGAGGT

>skpp-2409-F:0+20 of 20 bc25mer_123550:1+21 of 25
GACTCGCATCGGCAAATCAC
||||||||||||||||||||
GACTCGCATCGGCAAATCAC

>skpp-2410-F:0+20 of 20 bc25mer_231514:0+20 of 25
CGAGAGCAGAACGCAGTAGT
||||||||||||||||||||
CGAGAGCAGAACGCAGTAGT

>skpp-2411-F:0+20 of 20 bc25mer_55768:2+22 of 25
CTAATGATCACCGGCCGTCT
||||||||||||||||||||
CTAATGATCACCGGCCGTCT

>skpp-2412-F:0+20 of 20 bc25mer_18619:0+20 of 25
GATATTCATAGCGGGTGCGG
||||||||||||||||||||
GATATTCATAGCGGGTGCGG

>skpp-2413-F:0+20 of 20 bc25mer_12356:0+20 of 25
TATTGTGTTTCAGCGCGACC
||||||||||||||||||||
TATTGTGTTTCAGCGCGACC

>skpp-2414-F:0+20 of 20 bc25mer_207873:4+24 of 25
GACAGGTCTGGCCCATTCTT
||||||||||||||||||||
GACAGGTCTGGCCCATTCTT

>skpp-2415-F:0+20 of 20 bc25mer_46613:0+20 of 25
TCGGTCTTTTAATGCAGCGC
||||||||||||||||||||
TCGGTCTTTTAATGCAGCGC

>skpp-2416-F:0+20 of 20 bc25mer_7643:0+20 of 25
TTGATATATGCCCGCGCAAG
||||||||||||||||||||
TTGATATATGCCCGCGCAAG

>skpp-2417-F:0+20 of 20 bc25mer_18622:4+24 of 25
GTGTGCGGTATGTTCCCTTC
||||||||||||||||||||
GTGTGCGGTATGTTCCCTTC

>skpp-2418-F:0+20 of 20 bc25mer_12605:0+20 of 25
CGGTAGTAAGTCGGAGGGAC
||||||||||||||||||||
CGGTAGTAAGTCGGAGGGAC

>skpp-2419-F:0+20 of 20 bc25mer_5811:0+20 of 25
TAGGCTGGGTCCTCATTAGC
||||||||||||||||||||
TAGGCTGGGTCCTCATTAGC

>skpp-2420-F:0+20 of 20 bc25mer_11771:0+20 of 25
CCGACGCGATATTGTGTGTT
||||||||||||||||||||
CCGACGCGATATTGTGTGTT

>skpp-2421-F:0+20 of 20 bc25mer_6124:0+20 of 25
AGAGTGGTGGATTCGTCCAA
||||||||||||||||||||
AGAGTGGTGGATTCGTCCAA

>skpp-2422-F:0+20 of 20 bc25mer_35422:0+20 of 25
CTTTGGCGAGTGCTTTCCTG
||||||||||||||||||||
CTTTGGCGAGTGCTTTCCTG

>skpp-2423-F:0+20 of 20 bc25mer_230226:0+20 of 25
TATGATCGTTGTGCGGCAAG
||||||||||||||||||||
TATGATCGTTGTGCGGCAAG

>skpp-2424-F:0+20 of 20 bc25mer_238367:0+20 of 25
GCTTGTGTTTCGCTTCTCGT
||||||||||||||||||||
GCTTGTGTTTCGCTTCTCGT

>skpp-2425-F:0+20 of 20 bc25mer_10095:0+20 of 25
TGCTAGATGCTCCGGTATGG
||||||||||||||||||||
TGCTAGATGCTCCGGTATGG

>skpp-2426-F:0+20 of 20 bc25mer_39700:1+21 of 25
GACGATTTTAGTCAGGCCGT
||||||||||||||||||||
GACGATTTTAGTCAGGCCGT

>skpp-2427-F:0+20 of 20 bc25mer_195519:2+22 of 25
CTAGTCGCCATTCGAGGGAT
||||||||||||||||||||
CTAGTCGCCATTCGAGGGAT

>skpp-2428-F:0+20 of 20 bc25mer_47421:2+22 of 25
CGGGCTAGCGACGGATAATT
||||||||||||||||||||
CGGGCTAGCGACGGATAATT

>skpp-2429-F:0+20 of 20 bc25mer_11493:0+20 of 25
TTTCAGTGCTTGGAAACCGG
||||||||||||||||||||
TTTCAGTGCTTGGAAACCGG

>skpp-2430-F:0+20 of 20 bc25mer_20727:0+20 of 25
TAGCTTCTCCACTCCGTGTG
||||||||||||||||||||
TAGCTTCTCCACTCCGTGTG

>skpp-2431-F:0+20 of 20 bc25mer_96366:1+21 of 25
GACGTGTGCTCGATAGCTCT
||||||||||||||||||||
GACGTGTGCTCGATAGCTCT

>skpp-2432-F:0+20 of 20 bc25mer_81065:3+23 of 25
GTCTGAGGTTTCATCCGGGA
||||||||||||||||||||
GTCTGAGGTTTCATCCGGGA

>skpp-2433-F:0+20 of 20 bc25mer_109157:0+20 of 25
GGTCAGCCTAGGTATACCCG
||||||||||||||||||||
GGTCAGCCTAGGTATACCCG

>skpp-2434-F:0+20 of 20 bc25mer_8341:0+20 of 25
TGAACTCTGGACGTACCTCG
||||||||||||||||||||
TGAACTCTGGACGTACCTCG

>skpp-2435-F:0+20 of 20 bc25mer_27363:0+20 of 25
ATTAGTTTTCGCGCGTGACC
||||||||||||||||||||
ATTAGTTTTCGCGCGTGACC

>skpp-2436-F:0+20 of 20 bc25mer_31148:0+20 of 25
AGGTCAGCGTACCACGTAAC
||||||||||||||||||||
AGGTCAGCGTACCACGTAAC

>skpp-2437-F:0+20 of 20 bc25mer_27890:0+20 of 25
GAGTAGCTTGTTCCCATGCG
||||||||||||||||||||
GAGTAGCTTGTTCCCATGCG

>skpp-2438-F:0+20 of 20 bc25mer_191022:2+22 of 25
GGTGGAGGTGTTGGGACTAA
||||||||||||||||||||
GGTGGAGGTGTTGGGACTAA

>skpp-2439-F:0+20 of 20 bc25mer_25497:0+20 of 25
CGAAGAAAGTATCCGCGTGG
||||||||||||||||||||
CGAAGAAAGTATCCGCGTGG

>skpp-2440-F:0+20 of 20 bc25mer_133612:0+20 of 25
CACATCACACTCAACCCTCG
||||||||||||||||||||
CACATCACACTCAACCCTCG

>skpp-2441-F:0+20 of 20 bc25mer_218423:0+20 of 25
GTCTGCATGGAGGGTAGACA
||||||||||||||||||||
GTCTGCATGGAGGGTAGACA

>skpp-2442-F:0+20 of 20 bc25mer_66303:0+20 of 25
GAGAAGCTCTTGGTTTCCCG
||||||||||||||||||||
GAGAAGCTCTTGGTTTCCCG

>skpp-2443-F:0+20 of 20 bc25mer_19175:1+21 of 25
CGGTCATATAGCCTCGGGTT
||||||||||||||||||||
CGGTCATATAGCCTCGGGTT

>skpp-2444-F:0+20 of 20 bc25mer_58725:0+20 of 25
TAGTAATCCGTGGCTCCGTG
||||||||||||||||||||
TAGTAATCCGTGGCTCCGTG

>skpp-2445-F:0+20 of 20 bc25mer_28427:0+20 of 25
CTCGTCTAACGCAAAAGCCA
||||||||||||||||||||
CTCGTCTAACGCAAAAGCCA

>skpp-2446-F:0+20 of 20 bc25mer_32863:0+20 of 25
CATAATGCAGGCCCGTTGAG
||||||||||||||||||||
CATAATGCAGGCCCGTTGAG

>skpp-2447-F:0+20 of 20 bc25mer_17720:0+20 of 25
GATCATGAAACTGGCCGTGG
||||||||||||||||||||
GATCATGAAACTGGCCGTGG

>skpp-2448-F:0+20 of 20 bc25mer_139082:1+21 of 25
GTGACCTGGGGTGACAGATT
||||||||||||||||||||
GTGACCTGGGGTGACAGATT

>skpp-2449-F:0+20 of 20 bc25mer_148651:4+24 of 25
ACTCAGACAATCCCATCCCG
||||||||||||||||||||
ACTCAGACAATCCCATCCCG

>skpp-2450-F:0+20 of 20 bc25mer_6660:0+20 of 25
CCGAACGCTCTTGCTTAGTG
||||||||||||||||||||
CCGAACGCTCTTGCTTAGTG

>skpp-2451-F:0+20 of 20 bc25mer_69146:3+23 of 25
CGGGGTACGGAAAGCTAGAA
||||||||||||||||||||
CGGGGTACGGAAAGCTAGAA

>skpp-2452-F:0+20 of 20 bc25mer_12588:0+20 of 25
CCGCTCTGGACCTTAATGGT
||||||||||||||||||||
CCGCTCTGGACCTTAATGGT

>skpp-2453-F:0+20 of 20 bc25mer_27152:0+20 of 25
GCTAATGTGTGCCCTATGCG
||||||||||||||||||||
GCTAATGTGTGCCCTATGCG

>skpp-2454-F:0+20 of 20 bc25mer_7891:1+21 of 25
CTTATCAGAGCGACAGGCGA
||||||||||||||||||||
CTTATCAGAGCGACAGGCGA

>skpp-2455-F:0+20 of 20 bc25mer_10527:0+20 of 25
AATCAGGACACGAGCTTTGC
||||||||||||||||||||
AATCAGGACACGAGCTTTGC

>skpp-2456-F:0+20 of 20 bc25mer_45112:0+20 of 25
ATTCCCGTCAACCAGATCCC
||||||||||||||||||||
ATTCCCGTCAACCAGATCCC

>skpp-2457-F:0+20 of 20 bc25mer_125031:0+20 of 25
CTAGTTAGCCCCACCAACGA
||||||||||||||||||||
CTAGTTAGCCCCACCAACGA

>skpp-2458-F:0+20 of 20 bc25mer_9277:2+22 of 25
GGAGATAGGCCGTGCCATTA
||||||||||||||||||||
GGAGATAGGCCGTGCCATTA

>skpp-2459-F:0+20 of 20 bc25mer_19376:0+20 of 25
GAGAACGGGCAGAAACGAAC
||||||||||||||||||||
GAGAACGGGCAGAAACGAAC

>skpp-2460-F:0+20 of 20 bc25mer_50551:0+20 of 25
AGCGCTACTCCTAAGCACAG
||||||||||||||||||||
AGCGCTACTCCTAAGCACAG

>skpp-2461-F:0+20 of 20 bc25mer_1504:0+20 of 25
CCGACCATAGCCCATCGTTA
||||||||||||||||||||
CCGACCATAGCCCATCGTTA

>skpp-2462-F:0+20 of 20 bc25mer_8544:0+20 of 25
CGGCAGTTCCTTGAGTATGG
||||||||||||||||||||
CGGCAGTTCCTTGAGTATGG

>skpp-2463-F:0+20 of 20 bc25mer_236616:0+20 of 25
CGTTTGGGGTGGTTTACCTG
||||||||||||||||||||
CGTTTGGGGTGGTTTACCTG

>skpp-2464-F:0+20 of 20 bc25mer_135167:1+21 of 25
CGTAGTGGCTGTCGACGATA
||||||||||||||||||||
CGTAGTGGCTGTCGACGATA

>skpp-2465-F:0+20 of 20 bc25mer_21962:0+20 of 25
TGTGCACCCGGTGTAATTCT
||||||||||||||||||||
TGTGCACCCGGTGTAATTCT

>skpp-2466-F:0+20 of 20 bc25mer_76320:0+20 of 25
GTCAACGTTGCGTGATGTCT
||||||||||||||||||||
GTCAACGTTGCGTGATGTCT

>skpp-2467-F:0+20 of 20 bc25mer_16733:3+23 of 25
GTTCGCACTGGTAAGGCAAT
||||||||||||||||||||
GTTCGCACTGGTAAGGCAAT

>skpp-2468-F:0+20 of 20 bc25mer_212496:0+20 of 25
CTTGTTTGATCCGTTGCGGT
||||||||||||||||||||
CTTGTTTGATCCGTTGCGGT

>skpp-2469-F:0+20 of 20 bc25mer_39717:2+22 of 25
TTAATCACCAAGGTGCGTGG
||||||||||||||||||||
TTAATCACCAAGGTGCGTGG

>skpp-2470-F:0+20 of 20 bc25mer_66721:0+20 of 25
CACGAGAGCTGGAATCCTGA
||||||||||||||||||||
CACGAGAGCTGGAATCCTGA

>skpp-2471-F:0+20 of 20 bc25mer_13751:0+20 of 25
TACGGGATCGCTCAGTTACG
||||||||||||||||||||
TACGGGATCGCTCAGTTACG

>skpp-2472-F:0+20 of 20 bc25mer_6876:1+21 of 25
GTTTAGGGGCGGAAGGGATA
||||||||||||||||||||
GTTTAGGGGCGGAAGGGATA

>skpp-2473-F:0+20 of 20 bc25mer_36919:3+23 of 25
ATATCTCAGTTCCTCGGGCC
||||||||||||||||||||
ATATCTCAGTTCCTCGGGCC

>skpp-2474-F:0+20 of 20 bc25mer_111490:0+20 of 25
TAAGCCCAATCTCCCACTGG
||||||||||||||||||||
TAAGCCCAATCTCCCACTGG

>skpp-2475-F:0+20 of 20 bc25mer_158820:1+21 of 25
TAGTTCGATCCCACGCTCAG
||||||||||||||||||||
TAGTTCGATCCCACGCTCAG

>skpp-2476-F:0+20 of 20 bc25mer_67557:0+20 of 25
GGTGCCATTTACGTAAGCCA
||||||||||||||||||||
GGTGCCATTTACGTAAGCCA

>skpp-2477-F:0+20 of 20 bc25mer_221:0+20 of 25
TTGCGTCGGGACAACTATCT
||||||||||||||||||||
TTGCGTCGGGACAACTATCT

>skpp-2478-F:0+20 of 20 bc25mer_8726:0+20 of 25
GACTGAGGGTAACGAGGAGG
||||||||||||||||||||
GACTGAGGGTAACGAGGAGG

>skpp-2479-F:0+20 of 20 bc25mer_73815:4+24 of 25
GCCAGGGGTGCTACTCTAAT
||||||||||||||||||||
GCCAGGGGTGCTACTCTAAT

>skpp-2480-F:0+20 of 20 bc25mer_206089:0+20 of 25
TATGTCCAGGTGCTGTCCTG
||||||||||||||||||||
TATGTCCAGGTGCTGTCCTG

>skpp-2481-F:0+20 of 20 bc25mer_17996:4+24 of 25
CAGCGTCCTTTGAGCATGAG
||||||||||||||||||||
CAGCGTCCTTTGAGCATGAG

>skpp-2482-F:0+20 of 20 bc25mer_186717:0+20 of 25
AGTCGTTCGGCTATGGATCG
||||||||||||||||||||
AGTCGTTCGGCTATGGATCG

>skpp-2483-F:0+20 of 20 bc25mer_713:1+21 of 25
CGCAATAGTGCCCGTGTTTA
||||||||||||||||||||
CGCAATAGTGCCCGTGTTTA

>skpp-2484-F:0+20 of 20 bc25mer_7624:0+20 of 25
AGACGAAACGTAATGGCAGC
||||||||||||||||||||
AGACGAAACGTAATGGCAGC

>skpp-2485-F:0+20 of 20 bc25mer_18501:1+21 of 25
TCAAGCTCGTCTTGCTGACT
||||||||||||||||||||
TCAAGCTCGTCTTGCTGACT

>skpp-2486-F:0+20 of 20 bc25mer_2624:3+23 of 25
GTGTTCGTCGGCGAAATTGA
||||||||||||||||||||
GTGTTCGTCGGCGAAATTGA

>skpp-2487-F:0+20 of 20 bc25mer_138277:2+22 of 25
GATGTGCTTCTGGGGTCGTA
||||||||||||||||||||
GATGTGCTTCTGGGGTCGTA

>skpp-2488-F:0+20 of 20 bc25mer_73062:0+20 of 25
TGCCTTTGTTACGCCTTGTC
||||||||||||||||||||
TGCCTTTGTTACGCCTTGTC

>skpp-2489-F:0+20 of 20 bc25mer_164517:0+20 of 25
GCATAGATTTGTCCGGCGTC
||||||||||||||||||||
GCATAGATTTGTCCGGCGTC

>skpp-2490-F:0+20 of 20 bc25mer_3910:0+20 of 25
AGTCCGTAGCAACTAGCGTG
||||||||||||||||||||
AGTCCGTAGCAACTAGCGTG

>skpp-2491-F:0+20 of 20 bc25mer_6692:1+21 of 25
TAGGGCCTTGACTACTAGCG
||||||||||||||||||||
TAGGGCCTTGACTACTAGCG

>skpp-2492-F:0+20 of 20 bc25mer_26281:0+20 of 25
TGTCGGATGCTCCTCTGATC
||||||||||||||||||||
TGTCGGATGCTCCTCTGATC

>skpp-2493-F:0+20 of 20 bc25mer_15316:2+22 of 25
ACTCGCTCCATAGCCTGTTC
||||||||||||||||||||
ACTCGCTCCATAGCCTGTTC

>skpp-2494-F:0+20 of 20 bc25mer_41582:0+20 of 25
AAGTGTAGTATCGGGCCCAT
||||||||||||||||||||
AAGTGTAGTATCGGGCCCAT

>skpp-2495-F:0+20 of 20 bc25mer_15455:0+20 of 25
ATAGTGGTCTTTCTGGCCGT
||||||||||||||||||||
ATAGTGGTCTTTCTGGCCGT

>skpp-2496-F:0+20 of 20 bc25mer_16611:3+23 of 25
CGATTGGGCGGAGGTCTTAT
||||||||||||||||||||
CGATTGGGCGGAGGTCTTAT

>skpp-2497-F:0+20 of 20 bc25mer_37127:1+21 of 25
CCAAGAAACCTCCAGTTGCC
||||||||||||||||||||
CCAAGAAACCTCCAGTTGCC

>skpp-2498-F:0+20 of 20 bc25mer_27889:0+20 of 25
CGTCTATTGTGACCGGTCCT
||||||||||||||||||||
CGTCTATTGTGACCGGTCCT

>skpp-2499-F:0+20 of 20 bc25mer_20116:0+20 of 25
ATCATAAGAGGTTCGGGCCC
||||||||||||||||||||
ATCATAAGAGGTTCGGGCCC

>skpp-2500-F:0+20 of 20 bc25mer_2220:3+23 of 25
CGTAGTCGTCAGCCGCTAAT
||||||||||||||||||||
CGTAGTCGTCAGCCGCTAAT

>skpp-2501-F:0+20 of 20 bc25mer_8975:3+23 of 25
CGTATAACCGTCGCCACATG
||||||||||||||||||||
CGTATAACCGTCGCCACATG

>skpp-2502-F:0+20 of 20 bc25mer_196851:4+24 of 25
GGATACCTTGCAGCCACGTA
||||||||||||||||||||
GGATACCTTGCAGCCACGTA

>skpp-2503-F:0+20 of 20 bc25mer_135458:0+20 of 25
TCGGTTGGGATTTTCGGTCA
||||||||||||||||||||
TCGGTTGGGATTTTCGGTCA

>skpp-2504-F:0+20 of 20 bc25mer_64852:0+20 of 25
GGGACGAGGCTACGCATTAT
||||||||||||||||||||
GGGACGAGGCTACGCATTAT

>skpp-2505-F:0+20 of 20 bc25mer_491:2+22 of 25
CCATGGGCAGTATCGCTTTG
||||||||||||||||||||
CCATGGGCAGTATCGCTTTG

>skpp-2506-F:0+20 of 20 bc25mer_38022:2+22 of 25
CCGATCGGTTGCAACCATAG
||||||||||||||||||||
CCGATCGGTTGCAACCATAG

>skpp-2507-F:0+20 of 20 bc25mer_4167:0+20 of 25
ATGGAATAGCTGGAGTGCCC
||||||||||||||||||||
ATGGAATAGCTGGAGTGCCC

>skpp-2508-F:0+20 of 20 bc25mer_112844:2+22 of 25
GTTATGGCCCGCTGGGTATA
||||||||||||||||||||
GTTATGGCCCGCTGGGTATA

>skpp-2509-F:0+20 of 20 bc25mer_2913:2+22 of 25
GCACGCCTGAGGATATCGAA
||||||||||||||||||||
GCACGCCTGAGGATATCGAA

>skpp-2510-F:0+20 of 20 bc25mer_14439:0+20 of 25
CGGATAACCAACGACAGGGT
||||||||||||||||||||
CGGATAACCAACGACAGGGT

>skpp-2511-F:0+20 of 20 bc25mer_3380:0+20 of 25
TCCTAGTGAAGTTCTGCGGC
||||||||||||||||||||
TCCTAGTGAAGTTCTGCGGC

>skpp-2512-F:0+20 of 20 bc25mer_221443:0+20 of 25
AAGTTCATCTGGTTTGCCGG
||||||||||||||||||||
AAGTTCATCTGGTTTGCCGG

>skpp-2513-F:0+20 of 20 bc25mer_48493:0+20 of 25
TAGTAGAAGTGCGGACACGG
||||||||||||||||||||
TAGTAGAAGTGCGGACACGG

>skpp-2514-F:0+20 of 20 bc25mer_14719:1+21 of 25
AGCCTTGGGTCCGGTCTATA
||||||||||||||||||||
AGCCTTGGGTCCGGTCTATA

>skpp-2515-F:0+20 of 20 bc25mer_176823:3+23 of 25
GCACAGACCGGAGACAAGAA
||||||||||||||||||||
GCACAGACCGGAGACAAGAA

>skpp-2516-F:0+20 of 20 bc25mer_87116:0+20 of 25
TCAGTCTGAACCGCTTGTCT
||||||||||||||||||||
TCAGTCTGAACCGCTTGTCT

>skpp-2517-F:0+20 of 20 bc25mer_1482:0+20 of 25
CTCTACTTCAGTGCCCGGAT
||||||||||||||||||||
CTCTACTTCAGTGCCCGGAT

>skpp-2518-F:0+20 of 20 bc25mer_3965:0+20 of 25
CTTAGAGATTCCCTCGCGGT
||||||||||||||||||||
CTTAGAGATTCCCTCGCGGT

>skpp-2519-F:0+20 of 20 bc25mer_125774:0+20 of 25
ACGATGCTAGGAGGGTGATC
||||||||||||||||||||
ACGATGCTAGGAGGGTGATC

>skpp-2520-F:0+20 of 20 bc25mer_1180:0+20 of 25
GTGGTAGGTGTTTGAGCACG
||||||||||||||||||||
GTGGTAGGTGTTTGAGCACG

>skpp-2521-F:0+20 of 20 bc25mer_21547:0+20 of 25
CTGCATTGACGCGGTTCTTA
||||||||||||||||||||
CTGCATTGACGCGGTTCTTA

>skpp-2522-F:0+20 of 20 bc25mer_166054:2+22 of 25
CATGATGAAGGGACGGCTCA
||||||||||||||||||||
CATGATGAAGGGACGGCTCA

>skpp-2523-F:0+20 of 20 bc25mer_5063:0+20 of 25
ATGGTAAGCACTAGAGGGGC
||||||||||||||||||||
ATGGTAAGCACTAGAGGGGC

>skpp-2524-F:0+20 of 20 bc25mer_47997:1+21 of 25
CTCGGAGTTACCATGGGGTC
||||||||||||||||||||
CTCGGAGTTACCATGGGGTC

>skpp-2525-F:0+20 of 20 bc25mer_13018:2+22 of 25
TGTAAGCTGGCGTTCCCATA
||||||||||||||||||||
TGTAAGCTGGCGTTCCCATA

>skpp-2526-F:0+20 of 20 bc25mer_31459:3+23 of 25
GTCCTTCAAGCCCATGCATA
||||||||||||||||||||
GTCCTTCAAGCCCATGCATA

>skpp-2527-F:0+20 of 20 bc25mer_3891:0+20 of 25
AACTCCTTGCTCAACCACCT
||||||||||||||||||||
AACTCCTTGCTCAACCACCT

>skpp-2528-F:0+20 of 20 bc25mer_10575:1+21 of 25
GTCGGAAAAGGGTCGATGGT
||||||||||||||||||||
GTCGGAAAAGGGTCGATGGT

>skpp-2529-F:0+20 of 20 bc25mer_40891:0+20 of 25
CTCGTTAATTGCCCACGGAC
||||||||||||||||||||
CTCGTTAATTGCCCACGGAC

>skpp-2530-F:0+20 of 20 bc25mer_15108:3+23 of 25
GAGAGAGGCGGCTCACAATA
||||||||||||||||||||
GAGAGAGGCGGCTCACAATA

>skpp-2531-F:0+20 of 20 bc25mer_4666:4+24 of 25
ATGTCCTTTCCGCGCGTATA
||||||||||||||||||||
ATGTCCTTTCCGCGCGTATA

>skpp-2532-F:0+20 of 20 bc25mer_198818:0+20 of 25
GTTGGCTCTGGGATCGTACT
||||||||||||||||||||
GTTGGCTCTGGGATCGTACT

>skpp-2533-F:0+20 of 20 bc25mer_284:0+20 of 25
GTGCTTGCACTTACGACACA
||||||||||||||||||||
GTGCTTGCACTTACGACACA

>skpp-2534-F:0+20 of 20 bc25mer_22364:3+23 of 25
AACCATAGGTTAAACGGCGC
||||||||||||||||||||
AACCATAGGTTAAACGGCGC

>skpp-2535-F:0+20 of 20 bc25mer_20784:0+20 of 25
CACGTATTCGAGCGTTGTGG
||||||||||||||||||||
CACGTATTCGAGCGTTGTGG

>skpp-2536-F:0+20 of 20 bc25mer_12740:2+22 of 25
GAGGCCGCGCATACAGTATA
||||||||||||||||||||
GAGGCCGCGCATACAGTATA

>skpp-2537-F:0+20 of 20 bc25mer_86938:0+20 of 25
CCCAGTAGTATGCCCCAGAC
||||||||||||||||||||
CCCAGTAGTATGCCCCAGAC

>skpp-2538-F:0+20 of 20 bc25mer_22999:2+22 of 25
GTAGGGTCCGGGCATTAGTT
||||||||||||||||||||
GTAGGGTCCGGGCATTAGTT

>skpp-2539-F:0+20 of 20 bc25mer_40518:0+20 of 25
GTCCAACTGGGCTTTTCGTT
||||||||||||||||||||
GTCCAACTGGGCTTTTCGTT

>skpp-2540-F:0+20 of 20 bc25mer_104823:0+20 of 25
CGTCACTTCCGCCAATAGTC
||||||||||||||||||||
CGTCACTTCCGCCAATAGTC

>skpp-2541-F:0+20 of 20 bc25mer_29839:0+20 of 25
GAATGTGTGGCAGGAGAACG
||||||||||||||||||||
GAATGTGTGGCAGGAGAACG

>skpp-2542-F:0+20 of 20 bc25mer_13535:1+21 of 25
GGAATCGGTTCGGTTCGTTT
||||||||||||||||||||
GGAATCGGTTCGGTTCGTTT

>skpp-2543-F:0+20 of 20 bc25mer_44869:0+20 of 25
ACTTACAGGTGCCTCTCCAC
||||||||||||||||||||
ACTTACAGGTGCCTCTCCAC

>skpp-2544-F:0+20 of 20 bc25mer_5254:0+20 of 25
GGTGAGTGTAGCTAAGGCGT
||||||||||||||||||||
GGTGAGTGTAGCTAAGGCGT

>skpp-2545-F:0+20 of 20 bc25mer_149760:0+20 of 25
TGCATACGGTTCTGCCAAAG
||||||||||||||||||||
TGCATACGGTTCTGCCAAAG

>skpp-2546-F:0+20 of 20 bc25mer_55044:2+22 of 25
GACAACCCACATGTTGGAGC
||||||||||||||||||||
GACAACCCACATGTTGGAGC

>skpp-2547-F:0+20 of 20 bc25mer_6500:1+21 of 25
GGTAGGCAGTTCCCGATTGA
||||||||||||||||||||
GGTAGGCAGTTCCCGATTGA

>skpp-2548-F:0+20 of 20 bc25mer_106606:0+20 of 25
TGAGCCTTCGCGGTTCTATT
||||||||||||||||||||
TGAGCCTTCGCGGTTCTATT

>skpp-2549-F:0+20 of 20 bc25mer_26770:3+23 of 25
TGCCGATCACACCAACACTA
||||||||||||||||||||
TGCCGATCACACCAACACTA

>skpp-2550-F:0+20 of 20 bc25mer_23226:2+22 of 25
GCTTATCGTGTGGGCTTGAC
||||||||||||||||||||
GCTTATCGTGTGGGCTTGAC

>skpp-2551-F:0+20 of 20 bc25mer_666:1+21 of 25
CAGGGTACAGGAGGGCTTTT
||||||||||||||||||||
CAGGGTACAGGAGGGCTTTT

>skpp-2552-F:0+20 of 20 bc25mer_67882:1+21 of 25
GCGGGAGATGGCAGTAATCT
||||||||||||||||||||
GCGGGAGATGGCAGTAATCT

>skpp-2553-F:0+20 of 20 bc25mer_110399:0+20 of 25
TGAGCTCTTGGGATTGCCTT
||||||||||||||||||||
TGAGCTCTTGGGATTGCCTT

>skpp-2554-F:0+20 of 20 bc25mer_172172:0+20 of 25
TTGCCCAGGAGTAAACAGGG
||||||||||||||||||||
TTGCCCAGGAGTAAACAGGG

>skpp-2555-F:0+20 of 20 bc25mer_3373:0+20 of 25
GGGTTTCTTAACAGCCCGAC
||||||||||||||||||||
GGGTTTCTTAACAGCCCGAC

>skpp-2556-F:0+20 of 20 bc25mer_53248:2+22 of 25
GACGCGGCTCTCTCCTAAAT
||||||||||||||||||||
GACGCGGCTCTCTCCTAAAT

>skpp-2557-F:0+20 of 20 bc25mer_2641:0+20 of 25
AATTTCGGTGCAGCAAGGAC
||||||||||||||||||||
AATTTCGGTGCAGCAAGGAC

>skpp-2558-F:0+20 of 20 bc25mer_1305:1+21 of 25
ATGTGGAGCGCGTGTAGTTA
||||||||||||||||||||
ATGTGGAGCGCGTGTAGTTA

>skpp-2559-F:0+20 of 20 bc25mer_205388:0+20 of 25
TGCGGGAGTGAAAGGACTAC
||||||||||||||||||||
TGCGGGAGTGAAAGGACTAC

>skpp-2560-F:0+20 of 20 bc25mer_161120:1+21 of 25
ACCAACCCGGCAGAAAACTA
||||||||||||||||||||
ACCAACCCGGCAGAAAACTA

>skpp-2561-F:0+20 of 20 bc25mer_6538:0+20 of 25
AGTCTAATGCCATAGGCGGG
||||||||||||||||||||
AGTCTAATGCCATAGGCGGG

>skpp-2562-F:0+20 of 20 bc25mer_7620:0+20 of 25
CGTTTACATAGCGTAGGGGC
||||||||||||||||||||
CGTTTACATAGCGTAGGGGC

>skpp-2563-F:0+20 of 20 bc25mer_25731:2+22 of 25
GGTGGGGTTCTCCTTCGTTA
||||||||||||||||||||
GGTGGGGTTCTCCTTCGTTA

>skpp-2564-F:0+20 of 20 bc25mer_114643:1+21 of 25
ATGGGATTTTCGTGCCCTCT
||||||||||||||||||||
ATGGGATTTTCGTGCCCTCT

>skpp-2565-F:0+20 of 20 bc25mer_24001:0+20 of 25
CCGTTGTCGGTAACACATGC
||||||||||||||||||||
CCGTTGTCGGTAACACATGC

>skpp-2566-F:0+20 of 20 bc25mer_136155:0+20 of 25
AGTTTCATTTGGCGAGCGAC
||||||||||||||||||||
AGTTTCATTTGGCGAGCGAC

>skpp-2567-F:0+20 of 20 bc25mer_9910:1+21 of 25
CCAGCGCGAATACTCACTTC
||||||||||||||||||||
CCAGCGCGAATACTCACTTC

>skpp-2568-F:0+20 of 20 bc25mer_35839:0+20 of 25
GCAAGGCGTGATGTAAACGT
||||||||||||||||||||
GCAAGGCGTGATGTAAACGT

>skpp-2569-F:0+20 of 20 bc25mer_5014:4+24 of 25
AGGTGCAAAATGTCCCATGG
||||||||||||||||||||
AGGTGCAAAATGTCCCATGG

>skpp-2570-F:0+20 of 20 bc25mer_42202:0+20 of 25
TGGTTGGGAATCCGTCGAAT
||||||||||||||||||||
TGGTTGGGAATCCGTCGAAT

>skpp-2571-F:0+20 of 20 bc25mer_220859:2+22 of 25
ATGTGGCGCCTCCTTCTTTA
||||||||||||||||||||
ATGTGGCGCCTCCTTCTTTA

>skpp-2572-F:0+20 of 20 bc25mer_214499:4+24 of 25
CGTGTACGGTGTTTGCAACT
||||||||||||||||||||
CGTGTACGGTGTTTGCAACT

>skpp-2573-F:0+20 of 20 bc25mer_119703:0+20 of 25
AAGCTCTCTACGTTGGTCCC
||||||||||||||||||||
AAGCTCTCTACGTTGGTCCC

>skpp-2574-F:0+20 of 20 bc25mer_27818:0+20 of 25
CTTCTGGACCTCTCGCAAGT
||||||||||||||||||||
CTTCTGGACCTCTCGCAAGT

>skpp-2575-F:0+20 of 20 bc25mer_4774:0+20 of 25
TGTCCGGGGTGAGTCTCTAT
||||||||||||||||||||
TGTCCGGGGTGAGTCTCTAT

>skpp-2576-F:0+20 of 20 bc25mer_150555:4+24 of 25
GCCCACGGTTTCAAGAAGTT
||||||||||||||||||||
GCCCACGGTTTCAAGAAGTT

>skpp-2577-F:0+20 of 20 bc25mer_12148:0+20 of 25
GCTGTGCGCTTCTCTTGATT
||||||||||||||||||||
GCTGTGCGCTTCTCTTGATT

>skpp-2578-F:0+20 of 20 bc25mer_78244:0+20 of 25
TACAGGGACAGTCGAGGAGT
||||||||||||||||||||
TACAGGGACAGTCGAGGAGT

>skpp-2579-F:0+20 of 20 bc25mer_24757:2+22 of 25
AGTCCGGAGGTGTGTATTCG
||||||||||||||||||||
AGTCCGGAGGTGTGTATTCG

>skpp-2580-F:0+20 of 20 bc25mer_205456:0+20 of 25
CAAGAGCCCGCCAACATAAG
||||||||||||||||||||
CAAGAGCCCGCCAACATAAG

>skpp-2581-F:0+20 of 20 bc25mer_657:0+20 of 25
TTCAGTGTACACCCAGACCG
||||||||||||||||||||
TTCAGTGTACACCCAGACCG

>skpp-2582-F:0+20 of 20 bc25mer_40682:2+22 of 25
CCTGTGGTCGGCTTTGACTA
||||||||||||||||||||
CCTGTGGTCGGCTTTGACTA

>skpp-2583-F:0+20 of 20 bc25mer_108530:0+20 of 25
ATGATGCCCACCGACAAATG
||||||||||||||||||||
ATGATGCCCACCGACAAATG

>skpp-2584-F:0+20 of 20 bc25mer_76053:0+20 of 25
GTAGGTCGCGGTCACGTATA
||||||||||||||||||||
GTAGGTCGCGGTCACGTATA

>skpp-2585-F:0+20 of 20 bc25mer_98088:4+24 of 25
GGACGGTCCTTTTGGCATTC
||||||||||||||||||||
GGACGGTCCTTTTGGCATTC

>skpp-2586-F:0+20 of 20 bc25mer_19299:0+20 of 25
CATGGAGTCGTGAACCTCGA
||||||||||||||||||||
CATGGAGTCGTGAACCTCGA

>skpp-2587-F:0+20 of 20 bc25mer_617:0+20 of 25
ATGGGTGGGCACTCACTATG
||||||||||||||||||||
ATGGGTGGGCACTCACTATG

>skpp-2588-F:0+20 of 20 bc25mer_27586:0+20 of 25
TATGCCAGCGACAGAGGTAC
||||||||||||||||||||
TATGCCAGCGACAGAGGTAC

>skpp-2589-F:0+20 of 20 bc25mer_4098:4+24 of 25
CATAGTCAGGGAGCGCTCAT
||||||||||||||||||||
CATAGTCAGGGAGCGCTCAT

>skpp-2590-F:0+20 of 20 bc25mer_5629:1+21 of 25
GTCAAGCCTCGCAAATGCAT
||||||||||||||||||||
GTCAAGCCTCGCAAATGCAT

>skpp-2591-F:0+20 of 20 bc25mer_106856:1+21 of 25
TTTCCCATACTGTGTGCTGC
||||||||||||||||||||
TTTCCCATACTGTGTGCTGC

>skpp-2592-F:0+20 of 20 bc25mer_33713:0+20 of 25
TTTACCATGGGGTGCTTCCT
||||||||||||||||||||
TTTACCATGGGGTGCTTCCT

>skpp-2593-F:0+20 of 20 bc25mer_4387:1+21 of 25
GGCGTCATAAATGCATGCCA
||||||||||||||||||||
GGCGTCATAAATGCATGCCA

>skpp-2594-F:0+20 of 20 bc25mer_11452:4+24 of 25
GGTGGGGCGGAAACATATTT
||||||||||||||||||||
GGTGGGGCGGAAACATATTT

>skpp-2595-F:0+20 of 20 bc25mer_83939:0+20 of 25
GTGCACCTTGGCTCTAACTG
||||||||||||||||||||
GTGCACCTTGGCTCTAACTG

>skpp-2596-F:0+20 of 20 bc25mer_5234:3+23 of 25
CCGATCATGCCGCTTGTTTT
||||||||||||||||||||
CCGATCATGCCGCTTGTTTT

>skpp-2597-F:0+20 of 20 bc25mer_212038:0+20 of 25
CTCACAGCAACTCTCCCAGT
||||||||||||||||||||
CTCACAGCAACTCTCCCAGT

>skpp-2598-F:0+20 of 20 bc25mer_111453:0+20 of 25
CTAGTCGTAGAGGGGCACAC
||||||||||||||||||||
CTAGTCGTAGAGGGGCACAC

>skpp-2599-F:0+20 of 20 bc25mer_109511:4+24 of 25
CATATCCGGTTCGGGTCCAT
||||||||||||||||||||
CATATCCGGTTCGGGTCCAT

>skpp-2600-F:0+20 of 20 bc25mer_12464:4+24 of 25
GACGTGTTCGGGCCTTCTAA
||||||||||||||||||||
GACGTGTTCGGGCCTTCTAA

>skpp-2601-F:0+20 of 20 bc25mer_78034:0+20 of 25
ATAAGGCCCACGTATCACCC
||||||||||||||||||||
ATAAGGCCCACGTATCACCC

>skpp-2602-F:0+20 of 20 bc25mer_67648:3+23 of 25
GCTCGATTCACTTCGGCCTA
||||||||||||||||||||
GCTCGATTCACTTCGGCCTA

>skpp-2603-F:0+20 of 20 bc25mer_92815:2+22 of 25
GTCGTGGAGGCGTACTTCTT
||||||||||||||||||||
GTCGTGGAGGCGTACTTCTT

>skpp-2604-F:0+20 of 20 bc25mer_309:2+22 of 25
GGCCTGCGGTAAGGGATTTA
||||||||||||||||||||
GGCCTGCGGTAAGGGATTTA

>skpp-2605-F:0+20 of 20 bc25mer_34011:0+20 of 25
AAACCTGTGACGCGAATTGG
||||||||||||||||||||
AAACCTGTGACGCGAATTGG

>skpp-2606-F:0+20 of 20 bc25mer_2360:0+20 of 25
CTTGTGGTGGCCATGTAACC
||||||||||||||||||||
CTTGTGGTGGCCATGTAACC

>skpp-2607-F:0+20 of 20 bc25mer_239403:1+21 of 25
GAAGTGAGGGGCTGTACGTT
||||||||||||||||||||
GAAGTGAGGGGCTGTACGTT

>skpp-2608-F:0+20 of 20 bc25mer_45814:2+22 of 25
ACTACCAGGATCAACAGCCG
||||||||||||||||||||
ACTACCAGGATCAACAGCCG

>skpp-2609-F:0+20 of 20 bc25mer_1804:3+23 of 25
CCCAGTCGAGAGGCCCTATA
||||||||||||||||||||
CCCAGTCGAGAGGCCCTATA

>skpp-2610-F:0+20 of 20 bc25mer_63132:2+22 of 25
ACAACAGCCAACCAGGGATT
||||||||||||||||||||
ACAACAGCCAACCAGGGATT

>skpp-2611-F:0+20 of 20 bc25mer_78070:2+22 of 25
GGTCATCTTCGCCGCTAAGA
||||||||||||||||||||
GGTCATCTTCGCCGCTAAGA

>skpp-2612-F:0+20 of 20 bc25mer_228646:0+20 of 25
GATTTTCTTGGGTCCGAGCC
||||||||||||||||||||
GATTTTCTTGGGTCCGAGCC

>skpp-2613-F:0+20 of 20 bc25mer_1699:0+20 of 25
GAAAGGCTTAGTTTCCGGCC
||||||||||||||||||||
GAAAGGCTTAGTTTCCGGCC

>skpp-2614-F:0+20 of 20 bc25mer_17193:2+22 of 25
AACCTCGGGCCCAGACTATA
||||||||||||||||||||
AACCTCGGGCCCAGACTATA

>skpp-2615-F:0+20 of 20 bc25mer_38547:0+20 of 25
TTGGGCCTTTGCTGATCCTT
||||||||||||||||||||
TTGGGCCTTTGCTGATCCTT

>skpp-2616-F:0+20 of 20 bc25mer_123454:0+20 of 25
ATTGGAGTGCAAATTCGCGT
||||||||||||||||||||
ATTGGAGTGCAAATTCGCGT

>skpp-2617-F:0+20 of 20 bc25mer_16516:0+20 of 25
AGCTTGTTTGCGTGCCTTAA
||||||||||||||||||||
AGCTTGTTTGCGTGCCTTAA

>skpp-2618-F:0+20 of 20 bc25mer_430:2+22 of 25
GCGGTAATTTTCCCGGTGTT
||||||||||||||||||||
GCGGTAATTTTCCCGGTGTT

>skpp-2619-F:0+20 of 20 bc25mer_228942:0+20 of 25
CAAAGACCAGCACGACTGAG
||||||||||||||||||||
CAAAGACCAGCACGACTGAG

>skpp-2620-F:0+20 of 20 bc25mer_34361:1+21 of 25
GTGCGTCAGAGTCCGAAGTA
||||||||||||||||||||
GTGCGTCAGAGTCCGAAGTA

>skpp-2621-F:0+20 of 20 bc25mer_215279:0+20 of 25
GAAGGGTTTTGGTGCTCTCG
||||||||||||||||||||
GAAGGGTTTTGGTGCTCTCG

>skpp-2622-F:0+20 of 20 bc25mer_22283:0+20 of 25
CATGGGGTCGGGTTCGTATT
||||||||||||||||||||
CATGGGGTCGGGTTCGTATT

>skpp-2623-F:0+20 of 20 bc25mer_91664:0+20 of 25
GCACAGTGCTTAGTGTGTCG
||||||||||||||||||||
GCACAGTGCTTAGTGTGTCG

>skpp-2624-F:0+20 of 20 bc25mer_80202:2+22 of 25
GTCTGTCAGCCGTCAACTCT
||||||||||||||||||||
GTCTGTCAGCCGTCAACTCT

>skpp-2625-F:0+20 of 20 bc25mer_150246:3+23 of 25
ACCAAAATATGCTCGGTGCG
||||||||||||||||||||
ACCAAAATATGCTCGGTGCG

>skpp-2626-F:0+20 of 20 bc25mer_1553:1+21 of 25
TTCTTATCATACGCAGCCGC
||||||||||||||||||||
TTCTTATCATACGCAGCCGC

>skpp-2627-F:0+20 of 20 bc25mer_111044:0+20 of 25
GTTCAGGTCGTGCTAGTCGA
||||||||||||||||||||
GTTCAGGTCGTGCTAGTCGA

>skpp-2628-F:0+20 of 20 bc25mer_35937:0+20 of 25
CTCAAGGGGAGGCATGGTTT
||||||||||||||||||||
CTCAAGGGGAGGCATGGTTT

>skpp-2629-F:0+20 of 20 bc25mer_18078:2+22 of 25
AGACCTTTTGTGTGCATGGC
||||||||||||||||||||
AGACCTTTTGTGTGCATGGC

>skpp-2630-F:0+20 of 20 bc25mer_1948:2+22 of 25
CGGGGAGTTACGCGATACTT
||||||||||||||||||||
CGGGGAGTTACGCGATACTT

>skpp-2631-F:0+20 of 20 bc25mer_40155:0+20 of 25
GTGCGCCCGAGGTATGATAT
||||||||||||||||||||
GTGCGCCCGAGGTATGATAT

>skpp-2632-F:0+20 of 20 bc25mer_69182:0+20 of 25
GATCTATACACGCCGGTGGT
||||||||||||||||||||
GATCTATACACGCCGGTGGT

>skpp-2633-F:0+20 of 20 bc25mer_68221:0+20 of 25
CGGTCGATGGTATATGGCCT
||||||||||||||||||||
CGGTCGATGGTATATGGCCT

>skpp-2634-F:0+20 of 20 bc25mer_53964:1+21 of 25
GATCCTTACCCACCCACGAT
||||||||||||||||||||
GATCCTTACCCACCCACGAT

>skpp-2635-F:0+20 of 20 bc25mer_10342:0+20 of 25
CATTGATGAATGCGGGCCTC
||||||||||||||||||||
CATTGATGAATGCGGGCCTC

>skpp-2636-F:0+20 of 20 bc25mer_10196:3+23 of 25
AATAGTTCGGCACACGCTCT
||||||||||||||||||||
AATAGTTCGGCACACGCTCT

>skpp-2637-F:0+20 of 20 bc25mer_56420:0+20 of 25
AAGACCAGGGTTGTGCCTAG
||||||||||||||||||||
AAGACCAGGGTTGTGCCTAG

>skpp-2638-F:0+20 of 20 bc25mer_73952:0+20 of 25
CTCGGGTAAGACGCTTAGCT
||||||||||||||||||||
CTCGGGTAAGACGCTTAGCT

>skpp-2639-F:0+20 of 20 bc25mer_83808:0+20 of 25
GTACAAAAGTGTCGGGCGTT
||||||||||||||||||||
GTACAAAAGTGTCGGGCGTT

>skpp-2640-F:0+20 of 20 bc25mer_83603:0+20 of 25
GGGGATCTAAAACAGCGACG
||||||||||||||||||||
GGGGATCTAAAACAGCGACG

>skpp-2641-F:0+20 of 20 bc25mer_118721:0+20 of 25
GGAATTATGCGGCCGATAGC
||||||||||||||||||||
GGAATTATGCGGCCGATAGC

>skpp-2642-F:0+20 of 20 bc25mer_32184:0+20 of 25
GGTTGCTATTTGCTGTCGGT
||||||||||||||||||||
GGTTGCTATTTGCTGTCGGT

>skpp-2643-F:0+20 of 20 bc25mer_57256:4+24 of 25
CCGCTCAGCAAATGCTACAA
||||||||||||||||||||
CCGCTCAGCAAATGCTACAA

>skpp-2644-F:0+20 of 20 bc25mer_5108:0+20 of 25
GACGTGTGTTAGCTAGGGCT
||||||||||||||||||||
GACGTGTGTTAGCTAGGGCT

>skpp-2645-F:0+20 of 20 bc25mer_1661:2+22 of 25
ATGTTGATGGGTGCAGAAGC
||||||||||||||||||||
ATGTTGATGGGTGCAGAAGC

>skpp-2646-F:0+20 of 20 bc25mer_154920:0+20 of 25
CACTTAACGGGGATGGGGAA
||||||||||||||||||||
CACTTAACGGGGATGGGGAA

>skpp-2647-F:0+20 of 20 bc25mer_12510:0+20 of 25
TGTTTACGCAACCAACGTGG
||||||||||||||||||||
TGTTTACGCAACCAACGTGG

>skpp-2648-F:0+20 of 20 bc25mer_88871:1+21 of 25
CTAGGGCGGTGGGTGTAAAT
||||||||||||||||||||
CTAGGGCGGTGGGTGTAAAT

>skpp-2649-F:0+20 of 20 bc25mer_6167:0+20 of 25
CGACGACCACTCCAACACTA
||||||||||||||||||||
CGACGACCACTCCAACACTA

>skpp-2650-F:0+20 of 20 bc25mer_2334:2+22 of 25
ACCGGATTCGAGTAGTCTGC
||||||||||||||||||||
ACCGGATTCGAGTAGTCTGC

>skpp-2651-F:0+20 of 20 bc25mer_39181:2+22 of 25
CGTTGTTAGGCGGGCTTTAC
||||||||||||||||||||
CGTTGTTAGGCGGGCTTTAC

>skpp-2652-F:0+20 of 20 bc25mer_619:3+23 of 25
CGGGCGTCCTGGGTATTAAT
||||||||||||||||||||
CGGGCGTCCTGGGTATTAAT

>skpp-2653-F:0+20 of 20 bc25mer_39052:4+24 of 25
GATGGATGGGGCTGCCTATT
||||||||||||||||||||
GATGGATGGGGCTGCCTATT

>skpp-2654-F:0+20 of 20 bc25mer_112596:2+22 of 25
GAGGACGCCAGTTACCTGTT
||||||||||||||||||||
GAGGACGCCAGTTACCTGTT

>skpp-2655-F:0+20 of 20 bc25mer_6135:4+24 of 25
ACAACTTTCCTAGAGGGGCG
||||||||||||||||||||
ACAACTTTCCTAGAGGGGCG

>skpp-2656-F:0+20 of 20 bc25mer_67736:0+20 of 25
TCAGTCTATAGCGGAGGGCT
||||||||||||||||||||
TCAGTCTATAGCGGAGGGCT

>skpp-2657-F:0+20 of 20 bc25mer_809:0+20 of 25
TAATGCTTTACCGCCGGACT
||||||||||||||||||||
TAATGCTTTACCGCCGGACT

>skpp-2658-F:0+20 of 20 bc25mer_12382:4+24 of 25
GGATCGTGGCCGTGGTTATA
||||||||||||||||||||
GGATCGTGGCCGTGGTTATA

>skpp-2659-F:0+20 of 20 bc25mer_13280:1+21 of 25
TAAGGGTAGGGAGCGACAGT
||||||||||||||||||||
TAAGGGTAGGGAGCGACAGT

>skpp-2660-F:0+20 of 20 bc25mer_175180:1+21 of 25
GCGTTGTTCCTTTCACCGAG
||||||||||||||||||||
GCGTTGTTCCTTTCACCGAG

>skpp-2661-F:0+20 of 20 bc25mer_69151:0+20 of 25
TCGATGTTTAAGCCACCCCA
||||||||||||||||||||
TCGATGTTTAAGCCACCCCA

>skpp-2662-F:0+20 of 20 bc25mer_15523:1+21 of 25
ACACTTACTTCGAACCACGC
||||||||||||||||||||
ACACTTACTTCGAACCACGC

>skpp-2663-F:0+20 of 20 bc25mer_60757:1+21 of 25
CAACGGTGTGCTTATCGGAC
||||||||||||||||||||
CAACGGTGTGCTTATCGGAC

>skpp-2664-F:0+20 of 20 bc25mer_81140:0+20 of 25
CACAGTTAGTACGGCGCCTA
||||||||||||||||||||
CACAGTTAGTACGGCGCCTA

>skpp-2665-F:0+20 of 20 bc25mer_225389:0+20 of 25
TCAGATTAACCACCAGGCCG
||||||||||||||||||||
TCAGATTAACCACCAGGCCG

>skpp-2666-F:0+20 of 20 bc25mer_182293:3+23 of 25
CGATGACGGCAAGAGAGTCT
||||||||||||||||||||
CGATGACGGCAAGAGAGTCT

>skpp-2667-F:0+20 of 20 bc25mer_718:0+20 of 25
GTAAGGGCCAAAACGCCTTT
||||||||||||||||||||
GTAAGGGCCAAAACGCCTTT

>skpp-2668-F:0+20 of 20 bc25mer_59931:4+24 of 25
CGATGGGATTGCGAGCTCTA
||||||||||||||||||||
CGATGGGATTGCGAGCTCTA

>skpp-2669-F:0+20 of 20 bc25mer_76037:2+22 of 25
GCTTACATTCCGCGGTTCTG
||||||||||||||||||||
GCTTACATTCCGCGGTTCTG

>skpp-2670-F:0+20 of 20 bc25mer_52536:0+20 of 25
GCACGAGTCCTAGAACCTCC
||||||||||||||||||||
GCACGAGTCCTAGAACCTCC

>skpp-2671-F:0+20 of 20 bc25mer_23674:0+20 of 25
CGCTATTTCTTTGCTGGGGC
||||||||||||||||||||
CGCTATTTCTTTGCTGGGGC

>skpp-2672-F:0+20 of 20 bc25mer_202597:1+21 of 25
GATATGGTGGGGAGCGGATT
||||||||||||||||||||
GATATGGTGGGGAGCGGATT

>skpp-2673-F:0+20 of 20 bc25mer_2066:4+24 of 25
ATAAACGAGATTGCCTGCGC
||||||||||||||||||||
ATAAACGAGATTGCCTGCGC

>skpp-2674-F:0+20 of 20 bc25mer_5115:0+20 of 25
ACCGGTCGCCTCTTGTAAAT
||||||||||||||||||||
ACCGGTCGCCTCTTGTAAAT

>skpp-2675-F:0+20 of 20 bc25mer_83025:0+20 of 25
ATCGAATGGAGCGGGAAAGT
||||||||||||||||||||
ATCGAATGGAGCGGGAAAGT

>skpp-2676-F:0+20 of 20 bc25mer_69880:0+20 of 25
TGGATCTGATACTTCGGGGC
||||||||||||||||||||
TGGATCTGATACTTCGGGGC

>skpp-2677-F:0+20 of 20 bc25mer_32763:0+20 of 25
ACATTTAGGGAGGGGCTGTC
||||||||||||||||||||
ACATTTAGGGAGGGGCTGTC

>skpp-2678-F:0+20 of 20 bc25mer_146995:0+20 of 25
ATGTTGTCGTGGACGGATGA
||||||||||||||||||||
ATGTTGTCGTGGACGGATGA

>skpp-2679-F:0+20 of 20 bc25mer_42881:0+20 of 25
CGTTGCGAGGGATGACATTC
||||||||||||||||||||
CGTTGCGAGGGATGACATTC

>skpp-2680-F:0+20 of 20 bc25mer_10863:3+23 of 25
GATAGCCGGCCAGTCACTAA
||||||||||||||||||||
GATAGCCGGCCAGTCACTAA

>skpp-2681-F:0+20 of 20 bc25mer_52979:0+20 of 25
CTAATTCCCCAGCGCGTAGA
||||||||||||||||||||
CTAATTCCCCAGCGCGTAGA

>skpp-2682-F:0+20 of 20 bc25mer_60262:0+20 of 25
CGGACGGACCAAGATGGATT
||||||||||||||||||||
CGGACGGACCAAGATGGATT

>skpp-2683-F:0+20 of 20 bc25mer_142144:0+20 of 25
CCATGTTGTGCACGTGTACA
||||||||||||||||||||
CCATGTTGTGCACGTGTACA

>skpp-2684-F:0+20 of 20 bc25mer_8116:0+20 of 25
ACGCGGTCAGTCATATGTGA
||||||||||||||||||||
ACGCGGTCAGTCATATGTGA

>skpp-2685-F:0+20 of 20 bc25mer_24168:0+20 of 25
TCATCGGCCACCCTAGTCTA
||||||||||||||||||||
TCATCGGCCACCCTAGTCTA

>skpp-2686-F:0+20 of 20 bc25mer_64900:0+20 of 25
CACATCCTCGCTCGGTGTAT
||||||||||||||||||||
CACATCCTCGCTCGGTGTAT

>skpp-2687-F:0+20 of 20 bc25mer_9408:1+21 of 25
GTGTACAGTCCTCGCGAGTT
||||||||||||||||||||
GTGTACAGTCCTCGCGAGTT

>skpp-2688-F:0+20 of 20 bc25mer_171557:0+20 of 25
GCCCTGCGCTCATTAATTGT
||||||||||||||||||||
GCCCTGCGCTCATTAATTGT

>skpp-2689-F:0+20 of 20 bc25mer_200713:0+20 of 25
ATCTCGTTTTCTCGCTCGGT
||||||||||||||||||||
ATCTCGTTTTCTCGCTCGGT

>skpp-2690-F:0+20 of 20 bc25mer_137708:3+23 of 25
GCTAAGCCGGTGTGGGAATA
||||||||||||||||||||
GCTAAGCCGGTGTGGGAATA

>skpp-2691-F:0+20 of 20 bc25mer_156186:0+20 of 25
ATTATTACGCTGCACCCGTG
||||||||||||||||||||
ATTATTACGCTGCACCCGTG

>skpp-2692-F:0+20 of 20 bc25mer_104408:0+20 of 25
GGATGCGGGCCCTTATCATA
||||||||||||||||||||
GGATGCGGGCCCTTATCATA

>skpp-2693-F:0+20 of 20 bc25mer_21604:0+20 of 25
AGCCAGTCGTATTCAGCCTG
||||||||||||||||||||
AGCCAGTCGTATTCAGCCTG

>skpp-2694-F:0+20 of 20 bc25mer_131866:1+21 of 25
CCTGGGGCGTAGCTTACTTA
||||||||||||||||||||
CCTGGGGCGTAGCTTACTTA

>skpp-2695-F:0+20 of 20 bc25mer_14796:0+20 of 25
CACTACTCTTAGCCCGCTCA
||||||||||||||||||||
CACTACTCTTAGCCCGCTCA

>skpp-2696-F:0+20 of 20 bc25mer_46652:4+24 of 25
GTAGACCCCGGGAGGTAAGA
||||||||||||||||||||
GTAGACCCCGGGAGGTAAGA

>skpp-2697-F:0+20 of 20 bc25mer_14853:0+20 of 25
GTAAAACACAGGCCGCCATC
||||||||||||||||||||
GTAAAACACAGGCCGCCATC

>skpp-2698-F:0+20 of 20 bc25mer_117663:0+20 of 25
CCTAATTAAGGTGCCGTGCG
||||||||||||||||||||
CCTAATTAAGGTGCCGTGCG

>skpp-2699-F:0+20 of 20 bc25mer_2655:0+20 of 25
GCCTTTGCACAATCGTGACT
||||||||||||||||||||
GCCTTTGCACAATCGTGACT

>skpp-2700-F:0+20 of 20 bc25mer_15297:1+21 of 25
TGGCATGCGCACTTACTGTA
||||||||||||||||||||
TGGCATGCGCACTTACTGTA

>skpp-2701-F:0+20 of 20 bc25mer_34753:1+21 of 25
GTACGAGATGGCGATGGACA
||||||||||||||||||||
GTACGAGATGGCGATGGACA

>skpp-2702-F:0+20 of 20 bc25mer_141302:1+21 of 25
CTTCACTCAGGTTCGTCGCT
||||||||||||||||||||
CTTCACTCAGGTTCGTCGCT

>skpp-2703-F:0+20 of 20 bc25mer_22649:1+21 of 25
GGAGGTCGGGCCTTTTAGTT
||||||||||||||||||||
GGAGGTCGGGCCTTTTAGTT

>skpp-2704-F:0+20 of 20 bc25mer_125271:2+22 of 25
GTATGATGGGCCGGGAGAAG
||||||||||||||||||||
GTATGATGGGCCGGGAGAAG

>skpp-2705-F:0+20 of 20 bc25mer_22834:1+21 of 25
TGTGATAGCGAGTGCGAAGT
||||||||||||||||||||
TGTGATAGCGAGTGCGAAGT

>skpp-2706-F:0+20 of 20 bc25mer_231518:0+20 of 25
GACATCGTAAGCAACCGTGG
||||||||||||||||||||
GACATCGTAAGCAACCGTGG

>skpp-2707-F:0+20 of 20 bc25mer_61902:0+20 of 25
TTCCAGAGGTTGCTACAGGC
||||||||||||||||||||
TTCCAGAGGTTGCTACAGGC

>skpp-2708-F:0+20 of 20 bc25mer_7572:3+23 of 25
CAGGGTTCTTCACGGTTCCT
||||||||||||||||||||
CAGGGTTCTTCACGGTTCCT

>skpp-2709-F:0+20 of 20 bc25mer_7438:0+20 of 25
GCGACAAGGGATCTGGGAAA
||||||||||||||||||||
GCGACAAGGGATCTGGGAAA

>skpp-2710-F:0+20 of 20 bc25mer_13049:0+20 of 25
GAGAGGGGATGATGCGCTAC
||||||||||||||||||||
GAGAGGGGATGATGCGCTAC

>skpp-2711-F:0+20 of 20 bc25mer_18659:1+21 of 25
ACGATTGATCTCATGCGGCT
||||||||||||||||||||
ACGATTGATCTCATGCGGCT

>skpp-2712-F:0+20 of 20 bc25mer_4499:0+20 of 25
ATTCTTGCTTTCCGCGCTAG
||||||||||||||||||||
ATTCTTGCTTTCCGCGCTAG

>skpp-2713-F:0+20 of 20 bc25mer_158260:0+20 of 25
GGGAGTCTTGCTTATGGCCT
||||||||||||||||||||
GGGAGTCTTGCTTATGGCCT

>skpp-2714-F:0+20 of 20 bc25mer_225601:0+20 of 25
CAGGATCTTCGCCCCTTGTT
||||||||||||||||||||
CAGGATCTTCGCCCCTTGTT

>skpp-2715-F:0+20 of 20 bc25mer_54641:4+24 of 25
GTAGGGTTGCGCCTGTACTT
||||||||||||||||||||
GTAGGGTTGCGCCTGTACTT

>skpp-2716-F:0+20 of 20 bc25mer_79186:0+20 of 25
TGATAGTGCGAACTTCGGGT
||||||||||||||||||||
TGATAGTGCGAACTTCGGGT

>skpp-2717-F:0+20 of 20 bc25mer_47836:2+22 of 25
GCGCGTAATTGCCCTTTACA
||||||||||||||||||||
GCGCGTAATTGCCCTTTACA

>skpp-2718-F:0+20 of 20 bc25mer_35614:0+20 of 25
TTAAGAGTCTGCGGGCGTTA
||||||||||||||||||||
TTAAGAGTCTGCGGGCGTTA

>skpp-2719-F:0+20 of 20 bc25mer_52296:0+20 of 25
TCTGGCAGATAACGGGACAA
||||||||||||||||||||
TCTGGCAGATAACGGGACAA

>skpp-2720-F:0+20 of 20 bc25mer_43769:0+20 of 25
TTCGGTAAGTGTCATCCGGG
||||||||||||||||||||
TTCGGTAAGTGTCATCCGGG

>skpp-2721-F:0+20 of 20 bc25mer_32244:1+21 of 25
GAGTGCCTCGCGACATTTAC
||||||||||||||||||||
GAGTGCCTCGCGACATTTAC

>skpp-2722-F:0+20 of 20 bc25mer_56922:0+20 of 25
AGTTGACACTGGGTCCGTTC
||||||||||||||||||||
AGTTGACACTGGGTCCGTTC

>skpp-2723-F:0+20 of 20 bc25mer_670:2+22 of 25
CTAAGTGCGCCGTACGGATA
||||||||||||||||||||
CTAAGTGCGCCGTACGGATA

>skpp-2724-F:0+20 of 20 bc25mer_26728:0+20 of 25
CAGTGTTACAGCCCGAGTGA
||||||||||||||||||||
CAGTGTTACAGCCCGAGTGA

>skpp-2725-F:0+20 of 20 bc25mer_45326:0+20 of 25
TCAAACTCCACACCCATGGT
||||||||||||||||||||
TCAAACTCCACACCCATGGT

>skpp-2726-F:0+20 of 20 bc25mer_220571:1+21 of 25
ACGTCATTGTGGTCGATTGG
||||||||||||||||||||
ACGTCATTGTGGTCGATTGG

>skpp-2727-F:0+20 of 20 bc25mer_230073:3+23 of 25
GTCTTTCCTCACGGGCCTAA
||||||||||||||||||||
GTCTTTCCTCACGGGCCTAA

>skpp-2728-F:0+20 of 20 bc25mer_139697:1+21 of 25
CGACGGACCGAACTAAGCAT
||||||||||||||||||||
CGACGGACCGAACTAAGCAT

>skpp-2729-F:0+20 of 20 bc25mer_25408:0+20 of 25
AACGTTACATCGACCCCGAA
||||||||||||||||||||
AACGTTACATCGACCCCGAA

>skpp-2730-F:0+20 of 20 bc25mer_173175:0+20 of 25
CGCCGCAATTACACCATACC
||||||||||||||||||||
CGCCGCAATTACACCATACC

>skpp-2731-F:0+20 of 20 bc25mer_646:4+24 of 25
GCCTGAGAGGGTGTGCAATA
||||||||||||||||||||
GCCTGAGAGGGTGTGCAATA

>skpp-2732-F:0+20 of 20 bc25mer_3713:0+20 of 25
ACAAGGTTTATTGCGGCACC
||||||||||||||||||||
ACAAGGTTTATTGCGGCACC

>skpp-2733-F:0+20 of 20 bc25mer_12206:3+23 of 25
CTCCGCGTGACCTTACTACA
||||||||||||||||||||
CTCCGCGTGACCTTACTACA

>skpp-2734-F:0+20 of 20 bc25mer_19452:0+20 of 25
GGTGCAAGGAACGAAACAGT
||||||||||||||||||||
GGTGCAAGGAACGAAACAGT

>skpp-2735-F:0+20 of 20 bc25mer_213485:1+21 of 25
CCGTTCGATGGCTTCTCTCA
||||||||||||||||||||
CCGTTCGATGGCTTCTCTCA

>skpp-2736-F:0+20 of 20 bc25mer_86747:4+24 of 25
CGCCCAGCCCGATTATGATA
||||||||||||||||||||
CGCCCAGCCCGATTATGATA

>skpp-2737-F:0+20 of 20 bc25mer_583:0+20 of 25
AGCATTATGCCCGTCAGACA
||||||||||||||||||||
AGCATTATGCCCGTCAGACA

>skpp-2738-F:0+20 of 20 bc25mer_155528:1+21 of 25
GTACGGACCGGGAGCTAAAA
||||||||||||||||||||
GTACGGACCGGGAGCTAAAA

>skpp-2739-F:0+20 of 20 bc25mer_186355:0+20 of 25
GCCAAAGTTGGGTAGGCTTC
||||||||||||||||||||
GCCAAAGTTGGGTAGGCTTC

>skpp-2740-F:0+20 of 20 bc25mer_6800:0+20 of 25
GGGATTACCACTCTGGGTGT
||||||||||||||||||||
GGGATTACCACTCTGGGTGT

>skpp-2741-F:0+20 of 20 bc25mer_118818:4+24 of 25
CCCCTGGACTACGAGGTAGA
||||||||||||||||||||
CCCCTGGACTACGAGGTAGA

>skpp-2742-F:0+20 of 20 bc25mer_7753:0+20 of 25
TTGCTAGTTGGTTCGGTCCT
||||||||||||||||||||
TTGCTAGTTGGTTCGGTCCT

>skpp-2743-F:0+20 of 20 bc25mer_131:0+20 of 25
GTGATTGTCGCCTTGACGAG
||||||||||||||||||||
GTGATTGTCGCCTTGACGAG

>skpp-2744-F:0+20 of 20 bc25mer_24475:3+23 of 25
CATGGAGAGATACCCGCGTT
||||||||||||||||||||
CATGGAGAGATACCCGCGTT

>skpp-2745-F:0+20 of 20 bc25mer_116433:2+22 of 25
CATAAGCTCGGAGGCTGGTA
||||||||||||||||||||
CATAAGCTCGGAGGCTGGTA

>skpp-2746-F:0+20 of 20 bc25mer_69104:0+20 of 25
CAGAGGAGTAGGGAGAGGCT
||||||||||||||||||||
CAGAGGAGTAGGGAGAGGCT

>skpp-2747-F:0+20 of 20 bc25mer_35753:0+20 of 25
GGTTGCGTGTTCGATTTCGT
||||||||||||||||||||
GGTTGCGTGTTCGATTTCGT

>skpp-2748-F:0+20 of 20 bc25mer_117168:2+22 of 25
GAGCGTTGGGTGTGCTACTA
||||||||||||||||||||
GAGCGTTGGGTGTGCTACTA

>skpp-2749-F:0+20 of 20 bc25mer_3462:0+20 of 25
TGTCAAGTTAGGGTACGCCC
||||||||||||||||||||
TGTCAAGTTAGGGTACGCCC

>skpp-2750-F:0+20 of 20 bc25mer_3819:0+20 of 25
AGTCAAAAGGCGCAATCGAC
||||||||||||||||||||
AGTCAAAAGGCGCAATCGAC

>skpp-2751-F:0+20 of 20 bc25mer_66:2+22 of 25
GGCGCAGAAGTTTGAACGAA
||||||||||||||||||||
GGCGCAGAAGTTTGAACGAA

>skpp-2752-F:0+20 of 20 bc25mer_78418:0+20 of 25
CGGGTGCATGAAAACGAGTC
||||||||||||||||||||
CGGGTGCATGAAAACGAGTC

>skpp-2753-F:0+20 of 20 bc25mer_14345:0+20 of 25
ATGCTCACGATTTCCCACGA
||||||||||||||||||||
ATGCTCACGATTTCCCACGA

>skpp-2754-F:0+20 of 20 bc25mer_34015:0+20 of 25
TCGTCATAGATGAACCGGCG
||||||||||||||||||||
TCGTCATAGATGAACCGGCG

>skpp-2755-F:0+20 of 20 bc25mer_17559:1+21 of 25
ACATATAAGCAGCCGCGCTA
||||||||||||||||||||
ACATATAAGCAGCCGCGCTA

>skpp-2756-F:0+20 of 20 bc25mer_514:3+23 of 25
CGAGGGTGCTTCCATGTCTT
||||||||||||||||||||
CGAGGGTGCTTCCATGTCTT

>skpp-2757-F:0+20 of 20 bc25mer_32552:0+20 of 25
TCGCCCAAGTTACGTAGGTG
||||||||||||||||||||
TCGCCCAAGTTACGTAGGTG

>skpp-2758-F:0+20 of 20 bc25mer_229780:0+20 of 25
TGCGATTTTCTGTCGGTCCT
||||||||||||||||||||
TGCGATTTTCTGTCGGTCCT

>skpp-2759-F:0+20 of 20 bc25mer_5463:4+24 of 25
ATCGACAGGAGCGACCTCTA
||||||||||||||||||||
ATCGACAGGAGCGACCTCTA

>skpp-2760-F:0+20 of 20 bc25mer_1362:1+21 of 25
GAAACTTGAGGAGGCGGCTA
||||||||||||||||||||
GAAACTTGAGGAGGCGGCTA

>skpp-2761-F:0+20 of 20 bc25mer_191260:0+20 of 25
TACTCTTTGCCCCAGCTAGC
||||||||||||||||||||
TACTCTTTGCCCCAGCTAGC

>skpp-2762-F:0+20 of 20 bc25mer_1716:0+20 of 25
AGTGGCTTAGCCTGTCTCTT
||||||||||||||||||||
AGTGGCTTAGCCTGTCTCTT

>skpp-2763-F:0+20 of 20 bc25mer_3999:3+23 of 25
GGTGCGATGCTCCACATTTT
||||||||||||||||||||
GGTGCGATGCTCCACATTTT

>skpp-2764-F:0+20 of 20 bc25mer_115582:1+21 of 25
ATAGTTTAGCCCCACCTCGC
||||||||||||||||||||
ATAGTTTAGCCCCACCTCGC

>skpp-2765-F:0+20 of 20 bc25mer_407:0+20 of 25
CCTTAATCTGACCGCACGGA
||||||||||||||||||||
CCTTAATCTGACCGCACGGA

>skpp-2766-F:0+20 of 20 bc25mer_463:0+20 of 25
TTAGCTACTTCATGGGGCGG
||||||||||||||||||||
TTAGCTACTTCATGGGGCGG

>skpp-2767-F:0+20 of 20 bc25mer_2173:1+21 of 25
CTGTCAGTAGCGCCAGTACA
||||||||||||||||||||
CTGTCAGTAGCGCCAGTACA

>skpp-2768-F:0+20 of 20 bc25mer_98916:0+20 of 25
GTCTGTGTGCGAAGCGATTC
||||||||||||||||||||
GTCTGTGTGCGAAGCGATTC

>skpp-2769-F:0+20 of 20 bc25mer_4305:1+21 of 25
TAAGCACTTCCGGGGTTCAG
||||||||||||||||||||
TAAGCACTTCCGGGGTTCAG

>skpp-2770-F:0+20 of 20 bc25mer_218276:0+20 of 25
ATGTTGGGGTGTGTCTACGG
||||||||||||||||||||
ATGTTGGGGTGTGTCTACGG

>skpp-2771-F:0+20 of 20 bc25mer_3122:3+23 of 25
TTAGTTGCGACGGCTCCATT
||||||||||||||||||||
TTAGTTGCGACGGCTCCATT

>skpp-2772-F:0+20 of 20 bc25mer_10755:0+20 of 25
CGGGGTATCGAGGGATTAGC
||||||||||||||||||||
CGGGGTATCGAGGGATTAGC

>skpp-2773-F:0+20 of 20 bc25mer_68597:0+20 of 25
TCGGTGGTTACTCTGCCAAA
||||||||||||||||||||
TCGGTGGTTACTCTGCCAAA

>skpp-2774-F:0+20 of 20 bc25mer_77995:0+20 of 25
TGCCCATTTTCTCTAGCGGT
||||||||||||||||||||
TGCCCATTTTCTCTAGCGGT

>skpp-2775-F:0+20 of 20 bc25mer_43194:3+23 of 25
CGATGCAGCTCGGACTTTTC
||||||||||||||||||||
CGATGCAGCTCGGACTTTTC

>skpp-2776-F:0+20 of 20 bc25mer_14953:1+21 of 25
GTCCTGAGCAGATGCCATGA
||||||||||||||||||||
GTCCTGAGCAGATGCCATGA

>skpp-2777-F:0+20 of 20 bc25mer_2223:1+21 of 25
GAGCCTACCTCATCTGCGAA
||||||||||||||||||||
GAGCCTACCTCATCTGCGAA

>skpp-2778-F:0+20 of 20 bc25mer_232520:4+24 of 25
GACCGGGACAGACGATGAAT
||||||||||||||||||||
GACCGGGACAGACGATGAAT

>skpp-2779-F:0+20 of 20 bc25mer_92132:0+20 of 25
GGCAGGGGATGTTAGTCGAT
||||||||||||||||||||
GGCAGGGGATGTTAGTCGAT

>skpp-2780-F:0+20 of 20 bc25mer_123733:0+20 of 25
ATAGATATGGCTTGGCCCCG
||||||||||||||||||||
ATAGATATGGCTTGGCCCCG

>skpp-2781-F:0+20 of 20 bc25mer_88281:0+20 of 25
CTGCGCTATGCACCATTACG
||||||||||||||||||||
CTGCGCTATGCACCATTACG

>skpp-2782-F:0+20 of 20 bc25mer_83400:0+20 of 25
TTTCACGGTGGGACAGACTG
||||||||||||||||||||
TTTCACGGTGGGACAGACTG

>skpp-2783-F:0+20 of 20 bc25mer_80954:2+22 of 25
GTCACTCCCTGCGTCACATA
||||||||||||||||||||
GTCACTCCCTGCGTCACATA

>skpp-2784-F:0+20 of 20 bc25mer_86409:1+21 of 25
ACCACTTCTAACCGTGCTCG
||||||||||||||||||||
ACCACTTCTAACCGTGCTCG

>skpp-2785-F:0+20 of 20 bc25mer_7257:1+21 of 25
CCGGGACTTCCATTACGTGT
||||||||||||||||||||
CCGGGACTTCCATTACGTGT

>skpp-2786-F:0+20 of 20 bc25mer_1895:3+23 of 25
GGTCAGGCGAGAAGCACTTA
||||||||||||||||||||
GGTCAGGCGAGAAGCACTTA

>skpp-2787-F:0+20 of 20 bc25mer_32759:0+20 of 25
ATAAGTGTGAAGCCGGGGAC
||||||||||||||||||||
ATAAGTGTGAAGCCGGGGAC

>skpp-2788-F:0+20 of 20 bc25mer_6334:0+20 of 25
ACTTCCGCAACATTCAGGGA
||||||||||||||||||||
ACTTCCGCAACATTCAGGGA

>skpp-2789-F:0+20 of 20 bc25mer_28959:0+20 of 25
TCAGGATTTCGGTCGCAGTT
||||||||||||||||||||
TCAGGATTTCGGTCGCAGTT

>skpp-2790-F:0+20 of 20 bc25mer_1946:0+20 of 25
GGTCCGAAGCACACTAACCA
||||||||||||||||||||
GGTCCGAAGCACACTAACCA

>skpp-2791-F:0+20 of 20 bc25mer_145366:0+20 of 25
GTAGAGTTCTTGGGGACCGG
||||||||||||||||||||
GTAGAGTTCTTGGGGACCGG

>skpp-2792-F:0+20 of 20 bc25mer_761:1+21 of 25
GGGTACTATAGCGCGCGTAT
||||||||||||||||||||
GGGTACTATAGCGCGCGTAT

>skpp-2793-F:0+20 of 20 bc25mer_94351:2+22 of 25
CGCTCATGCCCAGATTAGGT
||||||||||||||||||||
CGCTCATGCCCAGATTAGGT

>skpp-2794-F:0+20 of 20 bc25mer_133627:0+20 of 25
ATATAATTCGGGCGACGGGT
||||||||||||||||||||
ATATAATTCGGGCGACGGGT

>skpp-2795-F:0+20 of 20 bc25mer_219673:0+20 of 25
TCGTGGGTTCTTCTGCGAAT
||||||||||||||||||||
TCGTGGGTTCTTCTGCGAAT

>skpp-2796-F:0+20 of 20 bc25mer_148439:2+22 of 25
GATGGGGCGGTGTTCTGTAT
||||||||||||||||||||
GATGGGGCGGTGTTCTGTAT

>skpp-2797-F:0+20 of 20 bc25mer_74931:3+23 of 25
GTGGACAGTCCCTTCGATCC
||||||||||||||||||||
GTGGACAGTCCCTTCGATCC

>skpp-2798-F:0+20 of 20 bc25mer_155042:1+21 of 25
GCCTATCTCCCTTTGGCGTA
||||||||||||||||||||
GCCTATCTCCCTTTGGCGTA

>skpp-2799-F:0+20 of 20 bc25mer_138456:2+22 of 25
GTCATGTGACCACGCCTAGA
||||||||||||||||||||
GTCATGTGACCACGCCTAGA

>skpp-2800-F:0+20 of 20 bc25mer_16441:0+20 of 25
CCGTGGAAGGCGAACTGTAT
||||||||||||||||||||
CCGTGGAAGGCGAACTGTAT

>skpp-2801-F:0+20 of 20 bc25mer_75685:0+20 of 25
CCATGTCTAACCGGGAAGCA
||||||||||||||||||||
CCATGTCTAACCGGGAAGCA

>skpp-2802-F:0+20 of 20 bc25mer_78594:0+20 of 25
CCGCTTTTCACTTTCCTCGC
||||||||||||||||||||
CCGCTTTTCACTTTCCTCGC

>skpp-2803-F:0+20 of 20 bc25mer_141761:2+22 of 25
GATTTTGGTCGGCGCTGTTT
||||||||||||||||||||
GATTTTGGTCGGCGCTGTTT

>skpp-2804-F:0+20 of 20 bc25mer_1817:0+20 of 25
AAATGGGAAACTAGCGGCCA
||||||||||||||||||||
AAATGGGAAACTAGCGGCCA

>skpp-2805-F:0+20 of 20 bc25mer_22643:1+21 of 25
ACCTTCGACGCGAAATGAGA
||||||||||||||||||||
ACCTTCGACGCGAAATGAGA

>skpp-2806-F:0+20 of 20 bc25mer_130650:2+22 of 25
ACTGGATTTGAGCCGCTGTA
||||||||||||||||||||
ACTGGATTTGAGCCGCTGTA

>skpp-2807-F:0+20 of 20 bc25mer_11476:2+22 of 25
GCACGAGGAAAGGCAACATC
||||||||||||||||||||
GCACGAGGAAAGGCAACATC

>skpp-2808-F:0+20 of 20 bc25mer_66762:4+24 of 25
GCATTCATGCTCGCACCAAT
||||||||||||||||||||
GCATTCATGCTCGCACCAAT

>skpp-2809-F:0+20 of 20 bc25mer_299:0+20 of 25
CGACGGGCAACTATTCGAGT
||||||||||||||||||||
CGACGGGCAACTATTCGAGT

>skpp-2810-F:0+20 of 20 bc25mer_83910:0+20 of 25
GTAATTGCTGAGCGGGAGGT
||||||||||||||||||||
GTAATTGCTGAGCGGGAGGT

>skpp-2811-F:0+20 of 20 bc25mer_110300:4+24 of 25
CTAGTCATCTCGCGGCTAGC
||||||||||||||||||||
CTAGTCATCTCGCGGCTAGC

>skpp-2812-F:0+20 of 20 bc25mer_81655:3+23 of 25
GGACATTCAGGGAGCGATCT
||||||||||||||||||||
GGACATTCAGGGAGCGATCT

>skpp-2813-F:0+20 of 20 bc25mer_24922:0+20 of 25
CGCTGTATGGGGAGTACACC
||||||||||||||||||||
CGCTGTATGGGGAGTACACC

>skpp-2814-F:0+20 of 20 bc25mer_19397:0+20 of 25
TAGCTCGGGTACGGACTACC
||||||||||||||||||||
TAGCTCGGGTACGGACTACC

>skpp-2815-F:0+20 of 20 bc25mer_1458:0+20 of 25
GGCGGTCGGTACTTAAAGCT
||||||||||||||||||||
GGCGGTCGGTACTTAAAGCT

>skpp-2816-F:0+20 of 20 bc25mer_37947:0+20 of 25
TGATACGTGCAAAGTTCGGC
||||||||||||||||||||
TGATACGTGCAAAGTTCGGC

>skpp-2817-F:0+20 of 20 bc25mer_88337:0+20 of 25
AGCGACAATTTGCCCGAATC
||||||||||||||||||||
AGCGACAATTTGCCCGAATC

>skpp-2818-F:0+20 of 20 bc25mer_118133:0+20 of 25
CTTTCCTTAGCCTTCCCCGA
||||||||||||||||||||
CTTTCCTTAGCCTTCCCCGA

>skpp-2819-F:0+20 of 20 bc25mer_207741:0+20 of 25
GCAGTAGCAGAAGCATAGCG
||||||||||||||||||||
GCAGTAGCAGAAGCATAGCG

>skpp-2820-F:0+20 of 20 bc25mer_8689:4+24 of 25
GGTGTGAGGGCGTAGATCAA
||||||||||||||||||||
GGTGTGAGGGCGTAGATCAA

>skpp-2821-F:0+20 of 20 bc25mer_1704:0+20 of 25
AAGTGAAGGTGCCGTTCTCT
||||||||||||||||||||
AAGTGAAGGTGCCGTTCTCT

>skpp-2822-F:0+20 of 20 bc25mer_45545:4+24 of 25
GAATGGGCTCGTACCGGTAG
||||||||||||||||||||
GAATGGGCTCGTACCGGTAG

>skpp-2823-F:0+20 of 20 bc25mer_185834:0+20 of 25
GAGTAAGCAAAGAGGGGCCA
||||||||||||||||||||
GAGTAAGCAAAGAGGGGCCA

>skpp-2824-F:0+20 of 20 bc25mer_139655:3+23 of 25
GCTGTGTTTCCGGCGAATTT
||||||||||||||||||||
GCTGTGTTTCCGGCGAATTT

>skpp-2825-F:0+20 of 20 bc25mer_40779:0+20 of 25
GAGTAGATGACGCCACCGAT
||||||||||||||||||||
GAGTAGATGACGCCACCGAT

>skpp-2826-F:0+20 of 20 bc25mer_74988:0+20 of 25
TATTCAGACTGTTTCCGCGC
||||||||||||||||||||
TATTCAGACTGTTTCCGCGC

>skpp-2827-F:0+20 of 20 bc25mer_3454:0+20 of 25
TCCTGGGTCGTACTGATCCT
||||||||||||||||||||
TCCTGGGTCGTACTGATCCT

>skpp-2828-F:0+20 of 20 bc25mer_121361:1+21 of 25
GCAAGGGACGTAGCTGGAAT
||||||||||||||||||||
GCAAGGGACGTAGCTGGAAT

>skpp-2829-F:0+20 of 20 bc25mer_34754:0+20 of 25
TACAGACGTTTTCCCCGAGG
||||||||||||||||||||
TACAGACGTTTTCCCCGAGG

>skpp-2830-F:0+20 of 20 bc25mer_14252:3+23 of 25
ACTGTGGCCGGTCGAAAATA
||||||||||||||||||||
ACTGTGGCCGGTCGAAAATA

>skpp-2831-F:0+20 of 20 bc25mer_111958:0+20 of 25
GAACCTCATTACGGTGCCCT
||||||||||||||||||||
GAACCTCATTACGGTGCCCT

>skpp-2832-F:0+20 of 20 bc25mer_1888:0+20 of 25
CATGGAGTGCCTCTCTGGTT
||||||||||||||||||||
CATGGAGTGCCTCTCTGGTT

>skpp-2833-F:0+20 of 20 bc25mer_13099:0+20 of 25
TGGGTCTGGGTCTAGGAGTT
||||||||||||||||||||
TGGGTCTGGGTCTAGGAGTT

>skpp-2834-F:0+20 of 20 bc25mer_15307:0+20 of 25
GGCTAAACGTATCTCGCTGC
||||||||||||||||||||
GGCTAAACGTATCTCGCTGC

>skpp-2835-F:0+20 of 20 bc25mer_28643:3+23 of 25
AAGTTCGCGCCTCCCAATTA
||||||||||||||||||||
AAGTTCGCGCCTCCCAATTA

>skpp-2836-F:0+20 of 20 bc25mer_88114:0+20 of 25
GACGCCCGCAATACTAGACA
||||||||||||||||||||
GACGCCCGCAATACTAGACA

>skpp-2837-F:0+20 of 20 bc25mer_391:0+20 of 25
GAGAGGGTTTACCGGCCTAC
||||||||||||||||||||
GAGAGGGTTTACCGGCCTAC

>skpp-2838-F:0+20 of 20 bc25mer_16286:2+22 of 25
GGAGGAGTCGTGCACTAGAC
||||||||||||||||||||
GGAGGAGTCGTGCACTAGAC

>skpp-2839-F:0+20 of 20 bc25mer_52455:1+21 of 25
TGGTAAAATGGGGCTGGCTA
||||||||||||||||||||
TGGTAAAATGGGGCTGGCTA

>skpp-2840-F:0+20 of 20 bc25mer_95310:0+20 of 25
TCATGTCACAAAACACCGCC
||||||||||||||||||||
TCATGTCACAAAACACCGCC

>skpp-2841-F:0+20 of 20 bc25mer_163154:1+21 of 25
GGCTGCCTGAGGACATACAT
||||||||||||||||||||
GGCTGCCTGAGGACATACAT

>skpp-2842-F:0+20 of 20 bc25mer_27298:2+22 of 25
GTCTCCCGTTACGATTCCCA
||||||||||||||||||||
GTCTCCCGTTACGATTCCCA

>skpp-2843-F:0+20 of 20 bc25mer_232431:1+21 of 25
CTCTCATCAAAGCCCCGGTA
||||||||||||||||||||
CTCTCATCAAAGCCCCGGTA

>skpp-2844-F:0+20 of 20 bc25mer_28405:0+20 of 25
GTTTACTAGGCGAGGGCACA
||||||||||||||||||||
GTTTACTAGGCGAGGGCACA

>skpp-2845-F:0+20 of 20 bc25mer_81966:1+21 of 25
GAGTAATGGGCTGGTGTCGA
||||||||||||||||||||
GAGTAATGGGCTGGTGTCGA

>skpp-2846-F:0+20 of 20 bc25mer_21439:2+22 of 25
AATAATGGCGCACCTCGGAT
||||||||||||||||||||
AATAATGGCGCACCTCGGAT

>skpp-2847-F:0+20 of 20 bc25mer_1465:4+24 of 25
AAGGATGTACCGGAACTGGC
||||||||||||||||||||
AAGGATGTACCGGAACTGGC

>skpp-2848-F:0+20 of 20 bc25mer_38875:4+24 of 25
GTTCGCGGCTTGTTTCTGTT
||||||||||||||||||||
GTTCGCGGCTTGTTTCTGTT

>skpp-2849-F:0+20 of 20 bc25mer_9393:0+20 of 25
ATTCTCTACGGGGAAGCACG
||||||||||||||||||||
ATTCTCTACGGGGAAGCACG

>skpp-2850-F:0+20 of 20 bc25mer_19354:1+21 of 25
GAAGGACGCTCTTGTTTCGC
||||||||||||||||||||
GAAGGACGCTCTTGTTTCGC

>skpp-2851-F:0+20 of 20 bc25mer_139912:1+21 of 25
TTCGCCTGTACGAGGACAAC
||||||||||||||||||||
TTCGCCTGTACGAGGACAAC

>skpp-2852-F:0+20 of 20 bc25mer_28814:0+20 of 25
TCGATTGTTTCTCCGGTCCG
||||||||||||||||||||
TCGATTGTTTCTCCGGTCCG

>skpp-2853-F:0+20 of 20 bc25mer_151618:1+21 of 25
TCTCAGGGGTAGGAGTGACC
||||||||||||||||||||
TCTCAGGGGTAGGAGTGACC

>skpp-2854-F:0+20 of 20 bc25mer_11054:2+22 of 25
TAGTCAACCTGTGGTGCACC
||||||||||||||||||||
TAGTCAACCTGTGGTGCACC

>skpp-2855-F:0+20 of 20 bc25mer_112107:0+20 of 25
TAAGTTCAACACCAGCCGCT
||||||||||||||||||||
TAAGTTCAACACCAGCCGCT

>skpp-2856-F:0+20 of 20 bc25mer_6304:0+20 of 25
TAGGGCGCATCAATGTCAGG
||||||||||||||||||||
TAGGGCGCATCAATGTCAGG

>skpp-2857-F:0+20 of 20 bc25mer_8217:0+20 of 25
TGTCTGCGAAGGTTAGCCTC
||||||||||||||||||||
TGTCTGCGAAGGTTAGCCTC

>skpp-2858-F:0+20 of 20 bc25mer_57864:4+24 of 25
TTTGCCCCGTACGAGCTTTA
||||||||||||||||||||
TTTGCCCCGTACGAGCTTTA

>skpp-2859-F:0+20 of 20 bc25mer_44829:2+22 of 25
AGCGCGGGAACTGAAAGTAA
||||||||||||||||||||
AGCGCGGGAACTGAAAGTAA

>skpp-2860-F:0+20 of 20 bc25mer_180472:0+20 of 25
ACGTAATGTCCGGTGTCCAC
||||||||||||||||||||
ACGTAATGTCCGGTGTCCAC

>skpp-2861-F:0+20 of 20 bc25mer_14998:1+21 of 25
GTATGGGCAAGCCAGTACCA
||||||||||||||||||||
GTATGGGCAAGCCAGTACCA

>skpp-2862-F:0+20 of 20 bc25mer_186250:0+20 of 25
TTAAGGGTTTTGCCCGCTTT
||||||||||||||||||||
TTAAGGGTTTTGCCCGCTTT

>skpp-2863-F:0+20 of 20 bc25mer_231554:0+20 of 25
TGACTATCCTCGGGGCCATA
||||||||||||||||||||
TGACTATCCTCGGGGCCATA

>skpp-2864-F:0+20 of 20 bc25mer_14808:0+20 of 25
GTAGGGCTGTCAACGGTTCT
||||||||||||||||||||
GTAGGGCTGTCAACGGTTCT

>skpp-2865-F:0+20 of 20 bc25mer_20968:2+22 of 25
GCTAGTAATTGGCCAGGCCT
||||||||||||||||||||
GCTAGTAATTGGCCAGGCCT

>skpp-2866-F:0+20 of 20 bc25mer_1126:0+20 of 25
AATAATAGCGGTGCGTCGGA
||||||||||||||||||||
AATAATAGCGGTGCGTCGGA

>skpp-2867-F:0+20 of 20 bc25mer_11005:1+21 of 25
GTCCAGGCCAGAACCGAATA
||||||||||||||||||||
GTCCAGGCCAGAACCGAATA

>skpp-2868-F:0+20 of 20 bc25mer_8957:1+21 of 25
CCAGGGAATCGCAAGTGCTA
||||||||||||||||||||
CCAGGGAATCGCAAGTGCTA

>skpp-2869-F:0+20 of 20 bc25mer_17682:0+20 of 25
TGATGACAACCCTTAGGCGG
||||||||||||||||||||
TGATGACAACCCTTAGGCGG

>skpp-2870-F:0+20 of 20 bc25mer_8338:1+21 of 25
GTTGAGGAAGCCGGTCGTAT
||||||||||||||||||||
GTTGAGGAAGCCGGTCGTAT

>skpp-2871-F:0+20 of 20 bc25mer_27382:2+22 of 25
TGTAAGGGGCCTCTCCGTTA
||||||||||||||||||||
TGTAAGGGGCCTCTCCGTTA

>skpp-2872-F:0+20 of 20 bc25mer_130822:2+22 of 25
GGATGGGGAGAGTACGTGTG
||||||||||||||||||||
GGATGGGGAGAGTACGTGTG

>skpp-2873-F:0+20 of 20 bc25mer_24894:0+20 of 25
ATGTTAAACGAGGTCGGGCT
||||||||||||||||||||
ATGTTAAACGAGGTCGGGCT

>skpp-2874-F:0+20 of 20 bc25mer_238287:0+20 of 25
GTACTGTGCTGGTAGGTCGG
||||||||||||||||||||
GTACTGTGCTGGTAGGTCGG

>skpp-2875-F:0+20 of 20 bc25mer_50301:0+20 of 25
ATACGCTGCAAAACGAACCG
||||||||||||||||||||
ATACGCTGCAAAACGAACCG

>skpp-2876-F:0+20 of 20 bc25mer_2938:3+23 of 25
CTCGCTCTTAACCATGCCCT
||||||||||||||||||||
CTCGCTCTTAACCATGCCCT

>skpp-2877-F:0+20 of 20 bc25mer_843:0+20 of 25
GTCTTGCGTGCGTAACAACT
||||||||||||||||||||
GTCTTGCGTGCGTAACAACT

>skpp-2878-F:0+20 of 20 bc25mer_23501:0+20 of 25
TCTTATCCGGTCCATTGGCC
||||||||||||||||||||
TCTTATCCGGTCCATTGGCC

>skpp-2879-F:0+20 of 20 bc25mer_11361:2+22 of 25
TCGCCACATGTGGTCAGTTA
||||||||||||||||||||
TCGCCACATGTGGTCAGTTA

>skpp-2880-F:0+20 of 20 bc25mer_6239:0+20 of 25
TATTGCGGTGATTCCTGGCA
||||||||||||||||||||
TATTGCGGTGATTCCTGGCA

>skpp-2881-F:0+20 of 20 bc25mer_31636:4+24 of 25
CGGGATATGACAGCCGACAT
||||||||||||||||||||
CGGGATATGACAGCCGACAT

>skpp-2882-F:0+20 of 20 bc25mer_72080:4+24 of 25
CGGTGGCTGGGACTGATATC
||||||||||||||||||||
CGGTGGCTGGGACTGATATC

>skpp-2883-F:0+20 of 20 bc25mer_218661:0+20 of 25
CGACAACCTACGCAAAGCAC
||||||||||||||||||||
CGACAACCTACGCAAAGCAC

>skpp-2884-F:0+20 of 20 bc25mer_97370:0+20 of 25
CAATCCGTCTGCCGAAGTCT
||||||||||||||||||||
CAATCCGTCTGCCGAAGTCT

>skpp-2885-F:0+20 of 20 bc25mer_24212:0+20 of 25
CGTACGCTCCTTAAGCCCTT
||||||||||||||||||||
CGTACGCTCCTTAAGCCCTT

>skpp-2886-F:0+20 of 20 bc25mer_138922:0+20 of 25
TGGGCGTAGGATAACCCTCT
||||||||||||||||||||
TGGGCGTAGGATAACCCTCT

>skpp-2887-F:0+20 of 20 bc25mer_121715:0+20 of 25
GCTGCGGTATACGACCAAGA
||||||||||||||||||||
GCTGCGGTATACGACCAAGA

>skpp-2888-F:0+20 of 20 bc25mer_61836:0+20 of 25
TACAGGTCCAGTCCGGTACA
||||||||||||||||||||
TACAGGTCCAGTCCGGTACA

>skpp-2889-F:0+20 of 20 bc25mer_32978:0+20 of 25
ATCGGATTTGGGGTCACCAG
||||||||||||||||||||
ATCGGATTTGGGGTCACCAG

>skpp-2890-F:0+20 of 20 bc25mer_39915:3+23 of 25
AGCTGTGCCCGTTGGAAATA
||||||||||||||||||||
AGCTGTGCCCGTTGGAAATA

>skpp-2891-F:0+20 of 20 bc25mer_545:1+21 of 25
ACTGTGAGAGGGCTAGGCTA
||||||||||||||||||||
ACTGTGAGAGGGCTAGGCTA

>skpp-2892-F:0+20 of 20 bc25mer_140:2+22 of 25
ATTCTGTCGCAAACCGATGC
||||||||||||||||||||
ATTCTGTCGCAAACCGATGC

>skpp-2893-F:0+20 of 20 bc25mer_28238:0+20 of 25
GATAGACAAAGGCCTCCCCG
||||||||||||||||||||
GATAGACAAAGGCCTCCCCG

>skpp-2894-F:0+20 of 20 bc25mer_96568:2+22 of 25
TCCGGCGTTCATCGTTCTTA
||||||||||||||||||||
TCCGGCGTTCATCGTTCTTA

>skpp-2895-F:0+20 of 20 bc25mer_4029:2+22 of 25
CCTTCTCTGTGGCTTACCCC
||||||||||||||||||||
CCTTCTCTGTGGCTTACCCC

>skpp-2896-F:0+20 of 20 bc25mer_79907:1+21 of 25
ACACGTCCGCACGGTATTAG
||||||||||||||||||||
ACACGTCCGCACGGTATTAG

>skpp-2897-F:0+20 of 20 bc25mer_2311:0+20 of 25
GCATAAGATAGAGGCGCGGT
||||||||||||||||||||
GCATAAGATAGAGGCGCGGT

>skpp-2898-F:0+20 of 20 bc25mer_208829:0+20 of 25
ATGAGTATGATTGGCGGGCT
||||||||||||||||||||
ATGAGTATGATTGGCGGGCT

>skpp-2899-F:0+20 of 20 bc25mer_2364:2+22 of 25
CAGTACCGCACATGGCTCTA
||||||||||||||||||||
CAGTACCGCACATGGCTCTA

>skpp-2900-F:0+20 of 20 bc25mer_60913:4+24 of 25
CGGCAACTCGTTCGGACTAT
||||||||||||||||||||
CGGCAACTCGTTCGGACTAT

>skpp-2901-F:0+20 of 20 bc25mer_2844:0+20 of 25
GTCCAAGTAGTGACACGGCA
||||||||||||||||||||
GTCCAAGTAGTGACACGGCA

>skpp-2902-F:0+20 of 20 bc25mer_92796:0+20 of 25
ATCCTTGTGCCTCCACTTCG
||||||||||||||||||||
ATCCTTGTGCCTCCACTTCG

>skpp-2903-F:0+20 of 20 bc25mer_173851:0+20 of 25
TGCTCGGGTGGAACCTTTAC
||||||||||||||||||||
TGCTCGGGTGGAACCTTTAC

>skpp-2904-F:0+20 of 20 bc25mer_25021:1+21 of 25
CGGTTAGCGGTGTGAGATGT
||||||||||||||||||||
CGGTTAGCGGTGTGAGATGT

>skpp-2905-F:0+20 of 20 bc25mer_42963:1+21 of 25
ACTAAGGGGACCAGACGCTA
||||||||||||||||||||
ACTAAGGGGACCAGACGCTA

>skpp-2906-F:0+20 of 20 bc25mer_75430:4+24 of 25
CGTTCGCCGGTTAGTAGTCT
||||||||||||||||||||
CGTTCGCCGGTTAGTAGTCT

>skpp-2907-F:0+20 of 20 bc25mer_16472:0+20 of 25
GAAGTGTAGCCCAGGGTGAG
||||||||||||||||||||
GAAGTGTAGCCCAGGGTGAG

>skpp-2908-F:0+20 of 20 bc25mer_22331:3+23 of 25
GAGTTATGGTCCGCCGCTTA
||||||||||||||||||||
GAGTTATGGTCCGCCGCTTA

>skpp-2909-F:0+20 of 20 bc25mer_113156:0+20 of 25
TCGTGATGCGATTGGCTGAT
||||||||||||||||||||
TCGTGATGCGATTGGCTGAT

>skpp-2910-F:0+20 of 20 bc25mer_129289:1+21 of 25
ATGCTTTGAGGGCGATCGAA
||||||||||||||||||||
ATGCTTTGAGGGCGATCGAA

>skpp-2911-F:0+20 of 20 bc25mer_15853:3+23 of 25
CTGATGTCACTTGCCGGCTA
||||||||||||||||||||
CTGATGTCACTTGCCGGCTA

>skpp-2912-F:0+20 of 20 bc25mer_49688:0+20 of 25
ATGTTTGTCATTGGACGGCG
||||||||||||||||||||
ATGTTTGTCATTGGACGGCG

>skpp-2913-F:0+20 of 20 bc25mer_181861:0+20 of 25
AAAAGAGGCTGTGGAGTCGG
||||||||||||||||||||
AAAAGAGGCTGTGGAGTCGG

>skpp-2914-F:0+20 of 20 bc25mer_175710:0+20 of 25
AGATCACTAGGCCCATCCGT
||||||||||||||||||||
AGATCACTAGGCCCATCCGT

>skpp-2915-F:0+20 of 20 bc25mer_45341:1+21 of 25
GGCACGATACCGGAAGCTAG
||||||||||||||||||||
GGCACGATACCGGAAGCTAG

>skpp-2916-F:0+20 of 20 bc25mer_36014:1+21 of 25
AGTGCTAAAATTCCGTCGCG
||||||||||||||||||||
AGTGCTAAAATTCCGTCGCG

>skpp-2917-F:0+20 of 20 bc25mer_97192:0+20 of 25
CATGCTGGTTTCTTGCGTGT
||||||||||||||||||||
CATGCTGGTTTCTTGCGTGT

>skpp-2918-F:0+20 of 20 bc25mer_51775:2+22 of 25
CGGTGTATGTCTGAGAGCCA
||||||||||||||||||||
CGGTGTATGTCTGAGAGCCA

>skpp-2919-F:0+20 of 20 bc25mer_55445:0+20 of 25
GGAGGTGACTGAACGATGGA
||||||||||||||||||||
GGAGGTGACTGAACGATGGA

>skpp-2920-F:0+20 of 20 bc25mer_228932:0+20 of 25
AAACGGGTTACTTGCGCTTG
||||||||||||||||||||
AAACGGGTTACTTGCGCTTG

>skpp-2921-F:0+20 of 20 bc25mer_614:0+20 of 25
AGTGGCGTTGAGCATTTGAC
||||||||||||||||||||
AGTGGCGTTGAGCATTTGAC

>skpp-2922-F:0+20 of 20 bc25mer_237777:3+23 of 25
ATCGTGCATAGGGGTCCCTA
||||||||||||||||||||
ATCGTGCATAGGGGTCCCTA

>skpp-2923-F:0+20 of 20 bc25mer_40958:2+22 of 25
CCTTCTTTGGCGGGTGGATA
||||||||||||||||||||
CCTTCTTTGGCGGGTGGATA

>skpp-2924-F:0+20 of 20 bc25mer_85212:0+20 of 25
GTGTTACGTCCGAGGTGAGG
||||||||||||||||||||
GTGTTACGTCCGAGGTGAGG

>skpp-2925-F:0+20 of 20 bc25mer_44246:2+22 of 25
GCCTAGCCCGATGTCCAATA
||||||||||||||||||||
GCCTAGCCCGATGTCCAATA

>skpp-2926-F:0+20 of 20 bc25mer_503:0+20 of 25
CCATCTGCATATGGCCCATG
||||||||||||||||||||
CCATCTGCATATGGCCCATG

>skpp-2927-F:0+20 of 20 bc25mer_82770:0+20 of 25
AACCAGGGCGACTTGAGAAA
||||||||||||||||||||
AACCAGGGCGACTTGAGAAA

>skpp-2928-F:0+20 of 20 bc25mer_107745:2+22 of 25
GGAGGTCGACGCCGATTTAA
||||||||||||||||||||
GGAGGTCGACGCCGATTTAA

>skpp-2929-F:0+20 of 20 bc25mer_229702:3+23 of 25
GTTCGAGTGCTACGTCCAGA
||||||||||||||||||||
GTTCGAGTGCTACGTCCAGA

>skpp-2930-F:0+20 of 20 bc25mer_66112:3+23 of 25
GACGGCATTCCTCTCCACTT
||||||||||||||||||||
GACGGCATTCCTCTCCACTT

>skpp-2931-F:0+20 of 20 bc25mer_16564:1+21 of 25
GACTCCTGTGCGTGCGTATA
||||||||||||||||||||
GACTCCTGTGCGTGCGTATA

>skpp-2932-F:0+20 of 20 bc25mer_27:1+21 of 25
GGTACATGCGCCTTACTCCT
||||||||||||||||||||
GGTACATGCGCCTTACTCCT

>skpp-2933-F:0+20 of 20 bc25mer_10359:3+23 of 25
GGAAGTGCGAGCATAGGGAT
||||||||||||||||||||
GGAAGTGCGAGCATAGGGAT

>skpp-2934-F:0+20 of 20 bc25mer_1972:4+24 of 25
ATCAACGTAGGGTCACCTCG
||||||||||||||||||||
ATCAACGTAGGGTCACCTCG

>skpp-2935-F:0+20 of 20 bc25mer_234800:0+20 of 25
GTTCCGGTCGTTGCCTCATA
||||||||||||||||||||
GTTCCGGTCGTTGCCTCATA

>skpp-2936-F:0+20 of 20 bc25mer_6024:3+23 of 25
CAGGGGCTCCGAGCTTTTAT
||||||||||||||||||||
CAGGGGCTCCGAGCTTTTAT

>skpp-2937-F:0+20 of 20 bc25mer_4639:1+21 of 25
GTAGCGTTTCCGACTGGGAT
||||||||||||||||||||
GTAGCGTTTCCGACTGGGAT

>skpp-2938-F:0+20 of 20 bc25mer_161062:1+21 of 25
GGACGTGTACAGGCGGATTA
||||||||||||||||||||
GGACGTGTACAGGCGGATTA

>skpp-2939-F:0+20 of 20 bc25mer_111354:0+20 of 25
GTATGAGAGTCCGCGTGTCA
||||||||||||||||||||
GTATGAGAGTCCGCGTGTCA

>skpp-2940-F:0+20 of 20 bc25mer_57417:0+20 of 25
TATCCACAACCCCTCAGCAC
||||||||||||||||||||
TATCCACAACCCCTCAGCAC

>skpp-2941-F:0+20 of 20 bc25mer_148165:0+20 of 25
ACCCAAACTTCATACGGCGA
||||||||||||||||||||
ACCCAAACTTCATACGGCGA

>skpp-2942-F:0+20 of 20 bc25mer_6562:3+23 of 25
AAGTATCCCCTCGTTCGACG
||||||||||||||||||||
AAGTATCCCCTCGTTCGACG

>skpp-2943-F:0+20 of 20 bc25mer_44461:0+20 of 25
GTCGCAAAGAGCACTGGTTT
||||||||||||||||||||
GTCGCAAAGAGCACTGGTTT

>skpp-2944-F:0+20 of 20 bc25mer_67981:1+21 of 25
CAGAAATACCCGCGGTCGTA
||||||||||||||||||||
CAGAAATACCCGCGGTCGTA

>skpp-2945-F:0+20 of 20 bc25mer_140975:0+20 of 25
GTGTATGCGAGAGGACCAGG
||||||||||||||||||||
GTGTATGCGAGAGGACCAGG

>skpp-2946-F:0+20 of 20 bc25mer_113873:3+23 of 25
CATAAAGTAGGCGCGTGGGA
||||||||||||||||||||
CATAAAGTAGGCGCGTGGGA

>skpp-2947-F:0+20 of 20 bc25mer_61114:0+20 of 25
GCGGTATGGAGATTGGCTCA
||||||||||||||||||||
GCGGTATGGAGATTGGCTCA

>skpp-2948-F:0+20 of 20 bc25mer_5123:0+20 of 25
TGAACTGTGCGTGCCCTATT
||||||||||||||||||||
TGAACTGTGCGTGCCCTATT

>skpp-2949-F:0+20 of 20 bc25mer_65286:1+21 of 25
CGTAAGCTGTTTGTCGCGTT
||||||||||||||||||||
CGTAAGCTGTTTGTCGCGTT

>skpp-2950-F:0+20 of 20 bc25mer_66027:0+20 of 25
GAACTCCCACAGAAGTGCGA
||||||||||||||||||||
GAACTCCCACAGAAGTGCGA

>skpp-2951-F:0+20 of 20 bc25mer_207926:0+20 of 25
GTGTTTGGTAGAGGAGCGCT
||||||||||||||||||||
GTGTTTGGTAGAGGAGCGCT

>skpp-2952-F:0+20 of 20 bc25mer_80770:0+20 of 25
GCAGCATGCCCTAAGTGGTA
||||||||||||||||||||
GCAGCATGCCCTAAGTGGTA

>skpp-2953-F:0+20 of 20 bc25mer_155274:3+23 of 25
GAAGGTACGCGCGCATTTAG
||||||||||||||||||||
GAAGGTACGCGCGCATTTAG

>skpp-2954-F:0+20 of 20 bc25mer_209108:2+22 of 25
ACTGGAGGGAGTGAACCGTA
||||||||||||||||||||
ACTGGAGGGAGTGAACCGTA

>skpp-2955-F:0+20 of 20 bc25mer_221012:1+21 of 25
GATCGTGTTACCCCGCTCAA
||||||||||||||||||||
GATCGTGTTACCCCGCTCAA

>skpp-2956-F:0+20 of 20 bc25mer_6165:4+24 of 25
GTGTGCCTGCGCTCAAATTT
||||||||||||||||||||
GTGTGCCTGCGCTCAAATTT

>skpp-2957-F:0+20 of 20 bc25mer_5588:0+20 of 25
GGCTGGTGCACTGTATACGA
||||||||||||||||||||
GGCTGGTGCACTGTATACGA

>skpp-2958-F:0+20 of 20 bc25mer_16438:2+22 of 25
GCTTCGCCGCAGGAGTATTA
||||||||||||||||||||
GCTTCGCCGCAGGAGTATTA

>skpp-2959-F:0+20 of 20 bc25mer_26239:0+20 of 25
AGTGCGGTCTACATACGTGC
||||||||||||||||||||
AGTGCGGTCTACATACGTGC

>skpp-2960-F:0+20 of 20 bc25mer_17631:0+20 of 25
ATTCTCGACAGAAGGCGTCG
||||||||||||||||||||
ATTCTCGACAGAAGGCGTCG

>skpp-2961-F:0+20 of 20 bc25mer_225432:0+20 of 25
TATTCCAAGTCCATCGCGGG
||||||||||||||||||||
TATTCCAAGTCCATCGCGGG

>skpp-2962-F:0+20 of 20 bc25mer_28525:0+20 of 25
CTTAACCACGCTTACTGCCC
||||||||||||||||||||
CTTAACCACGCTTACTGCCC

>skpp-2963-F:0+20 of 20 bc25mer_2659:0+20 of 25
GGTCTATTACGCCTCGGGAC
||||||||||||||||||||
GGTCTATTACGCCTCGGGAC

>skpp-2964-F:0+20 of 20 bc25mer_119724:1+21 of 25
CACTCTCATTCCGTCGCGTA
||||||||||||||||||||
CACTCTCATTCCGTCGCGTA

>skpp-2965-F:0+20 of 20 bc25mer_6980:4+24 of 25
GCCGGGTCTTTCGTGTCATA
||||||||||||||||||||
GCCGGGTCTTTCGTGTCATA

>skpp-2966-F:0+20 of 20 bc25mer_101393:0+20 of 25
TAGCTCTTTGTGGCGGTTCA
||||||||||||||||||||
TAGCTCTTTGTGGCGGTTCA

>skpp-2967-F:0+20 of 20 bc25mer_4457:0+20 of 25
ATACCTACTCCCAGGGTCCC
||||||||||||||||||||
ATACCTACTCCCAGGGTCCC

>skpp-2968-F:0+20 of 20 bc25mer_145961:0+20 of 25
CAATCAGATGGTCGACCGCT
||||||||||||||||||||
CAATCAGATGGTCGACCGCT

>skpp-2969-F:0+20 of 20 bc25mer_86167:0+20 of 25
ATAAATCACCAAGGGCGGGG
||||||||||||||||||||
ATAAATCACCAAGGGCGGGG

>skpp-2970-F:0+20 of 20 bc25mer_161863:1+21 of 25
GATTTGGCGATTGTCGACGG
||||||||||||||||||||
GATTTGGCGATTGTCGACGG

>skpp-2971-F:0+20 of 20 bc25mer_7840:4+24 of 25
AATTAACGCCGGCCCACTTA
||||||||||||||||||||
AATTAACGCCGGCCCACTTA

>skpp-2972-F:0+20 of 20 bc25mer_26426:1+21 of 25
GGAATCGGAAGGCATGAGGA
||||||||||||||||||||
GGAATCGGAAGGCATGAGGA

>skpp-2973-F:0+20 of 20 bc25mer_40507:4+24 of 25
CGCTAGCTCCCCAAAGTGTA
||||||||||||||||||||
CGCTAGCTCCCCAAAGTGTA

>skpp-2974-F:0+20 of 20 bc25mer_20228:3+23 of 25
GTGGCCTCTCGCACATCTTA
||||||||||||||||||||
GTGGCCTCTCGCACATCTTA

>skpp-2975-F:0+20 of 20 bc25mer_22941:1+21 of 25
GCAAAATGGAACAGGGCCTC
||||||||||||||||||||
GCAAAATGGAACAGGGCCTC

>skpp-2976-F:0+20 of 20 bc25mer_153622:1+21 of 25
TGTGAGGCTCTGTTCACGAC
||||||||||||||||||||
TGTGAGGCTCTGTTCACGAC

>skpp-2977-F:0+20 of 20 bc25mer_39297:0+20 of 25
GTGCCGGTAGAGTGAGTTGT
||||||||||||||||||||
GTGCCGGTAGAGTGAGTTGT

>skpp-2978-F:0+20 of 20 bc25mer_47135:0+20 of 25
TAATCACGGATCAGTCGGCC
||||||||||||||||||||
TAATCACGGATCAGTCGGCC

>skpp-2979-F:0+20 of 20 bc25mer_785:1+21 of 25
CGGAATCCTCCACCGAGATC
||||||||||||||||||||
CGGAATCCTCCACCGAGATC

>skpp-2980-F:0+20 of 20 bc25mer_98775:0+20 of 25
GATACATGTTGTGCGCCTGC
||||||||||||||||||||
GATACATGTTGTGCGCCTGC

>skpp-2981-F:0+20 of 20 bc25mer_5711:2+22 of 25
GGGCGGTTATCACCACTCAT
||||||||||||||||||||
GGGCGGTTATCACCACTCAT

>skpp-2982-F:0+20 of 20 bc25mer_133667:0+20 of 25
CTGCGGGGTGACGACTTTAT
||||||||||||||||||||
CTGCGGGGTGACGACTTTAT

>skpp-2983-F:0+20 of 20 bc25mer_179055:0+20 of 25
TTTGCCTTGGTCGCGTATCT
||||||||||||||||||||
TTTGCCTTGGTCGCGTATCT

>skpp-2984-F:0+20 of 20 bc25mer_8198:0+20 of 25
GCTCGGTTAGTCGATGCAGT
||||||||||||||||||||
GCTCGGTTAGTCGATGCAGT

>skpp-2985-F:0+20 of 20 bc25mer_96214:1+21 of 25
CGATGACCGAACCGACTCAT
||||||||||||||||||||
CGATGACCGAACCGACTCAT

>skpp-2986-F:0+20 of 20 bc25mer_113146:1+21 of 25
GGTGGTCATCGATCTGCCAA
||||||||||||||||||||
GGTGGTCATCGATCTGCCAA

>skpp-2987-F:0+20 of 20 bc25mer_129619:0+20 of 25
ATGTGCGTTGGCTAGCTTCT
||||||||||||||||||||
ATGTGCGTTGGCTAGCTTCT

>skpp-2988-F:0+20 of 20 bc25mer_178435:1+21 of 25
CTTGAGCTCTGGCTGCCTTA
||||||||||||||||||||
CTTGAGCTCTGGCTGCCTTA

>skpp-2989-F:0+20 of 20 bc25mer_10448:0+20 of 25
ACAGAATTGGGTCGGGTGTC
||||||||||||||||||||
ACAGAATTGGGTCGGGTGTC

>skpp-2990-F:0+20 of 20 bc25mer_177271:1+21 of 25
TCATGCCAGAAACAGGCCAT
||||||||||||||||||||
TCATGCCAGAAACAGGCCAT

>skpp-2991-F:0+20 of 20 bc25mer_453:0+20 of 25
CTCGTGTGTTGCCAATGTCC
||||||||||||||||||||
CTCGTGTGTTGCCAATGTCC

>skpp-2992-F:0+20 of 20 bc25mer_152289:0+20 of 25
CTACCCGCCCAAACTACCAT
||||||||||||||||||||
CTACCCGCCCAAACTACCAT

>skpp-2993-F:0+20 of 20 bc25mer_71850:0+20 of 25
TTCTTCGATTGCCTGGGACC
||||||||||||||||||||
TTCTTCGATTGCCTGGGACC

>skpp-2994-F:0+20 of 20 bc25mer_4163:1+21 of 25
CGCTTTATCGTGCAATCCCC
||||||||||||||||||||
CGCTTTATCGTGCAATCCCC

>skpp-2995-F:0+20 of 20 bc25mer_71550:0+20 of 25
GTTCTCAGTGTAACCCCGCA
||||||||||||||||||||
GTTCTCAGTGTAACCCCGCA

>skpp-2996-F:0+20 of 20 bc25mer_195847:0+20 of 25
GTCGATCACCGCCCCTTTTA
||||||||||||||||||||
GTCGATCACCGCCCCTTTTA

>skpp-2997-F:0+20 of 20 bc25mer_88273:4+24 of 25
CACGGAGGCAGCAAGACTTA
||||||||||||||||||||
CACGGAGGCAGCAAGACTTA

>skpp-2998-F:0+20 of 20 bc25mer_789:0+20 of 25
AGGTCGAAGTGTCGCGTAAA
||||||||||||||||||||
AGGTCGAAGTGTCGCGTAAA

>skpp-2999-F:0+20 of 20 bc25mer_211488:0+20 of 25
TGTGCACTATCGATCACGGG
||||||||||||||||||||
TGTGCACTATCGATCACGGG

>skpp-3000-F:0+20 of 20 bc25mer_89783:0+20 of 25
GTTTCGTTGTTTTCGGCCGT
||||||||||||||||||||
GTTTCGTTGTTTTCGGCCGT

